VBELN,KUNNR,VSTEL,LFZIN,WADAT,ERDAT
900000000000001,1001,SH03,90210,2026-07-02,2026-05-07
900000000000002,1009,SH03,10001,2026-09-29,2026-07-27
900000000000003,1002,SH01,98101,2026-10-27,2026-07-10
900000000000004,1007,SH03,60652,2026-05-07,2026-11-24
900000000000005,1005,SH01,75201,2026-05-24,2026-11-24
900000000000006,1010,SH01,98101,2026-05-24,2026-08-16
900000000000007,1003,SH02,90210,2026-07-10,2026-09-29
900000000000008,1005,SH02,33101,2026-05-09,2026-06-27
900000000000009,1001,SH03,98101,2026-10-31,2026-10-26
900000000000010,1002,SH03,98101,2026-11-05,2026-05-02
900000000000011,1004,SH01,33101,2026-09-28,2026-05-02
900000000000012,1006,SH01,60601,2026-05-24,2026-07-11
900000000000013,1004,SH02,80201,2026-10-21,2026-08-16
900000000000014,1006,SH01,80201,2026-06-26,2026-09-28
900000000000015,1007,SH02,98101,2026-06-10,2026-10-11
900000000000016,1007,SH03,98101,2026-09-29,2026-06-29
900000000000017,1001,SH03,75201,2026-09-29,2026-08-16
900000000000018,1009,SH01,60601,2026-05-07,2026-10-31
900000000000019,1008,SH01,60601,2026-10-21,2026-10-11
900000000000020,1004,SH01,33101,2026-08-17,2026-07-02
900000000000021,1004,SH03,60652,2026-10-21,2026-07-02
900000000000022,1003,SH01,30301,2026-07-27,2026-05-07
900000000000023,1010,SH01,33101,2026-11-24,2026-11-24
900000000000024,1001,SH03,10001,2026-06-27,2026-10-21
900000000000025,1005,SH03,75201,2026-09-29,2026-10-02
900000000000026,1007,SH03,75201,2026-06-26,2026-10-02
900000000000027,1009,SH03,60652,2026-10-14,2026-05-08
900000000000028,1005,SH02,60652,2026-06-27,2026-07-27
900000000000029,1009,SH03,14201,2026-07-11,2026-09-29
900000000000030,1002,SH01,98101,2026-06-29,2026-05-09
900000000000031,1007,SH02,30301,2026-10-21,2026-06-26
900000000000032,1008,SH01,30301,2026-11-23,2026-11-05
900000000000033,1003,SH01,33101,2026-05-08,2026-10-14
900000000000034,1004,SH03,98101,2026-07-27,2026-10-21
900000000000035,1002,SH03,33101,2026-05-02,2026-08-17
900000000000036,1010,SH01,90210,2026-10-14,2026-06-10
900000000000037,1001,SH01,10001,2026-10-26,2026-06-29
900000000000038,1003,SH02,75201,2026-06-10,2026-08-16
900000000000039,1002,SH01,14201,2026-06-09,2026-11-11
900000000000040,1007,SH01,14201,2026-08-17,2026-08-16
900000000000041,1009,SH01,14201,2026-11-05,2026-06-10
900000000000042,1007,SH01,75201,2026-09-28,2026-05-07
900000000000043,1009,SH02,90210,2026-11-24,2026-05-07
900000000000044,1003,SH03,30301,2026-08-17,2026-10-21
900000000000045,1003,SH01,80201,2026-06-26,2026-07-27
900000000000046,1001,SH01,30301,2026-07-27,2026-11-23
900000000000047,1008,SH01,14201,2026-09-21,2026-10-26
900000000000048,1001,SH02,14201,2026-06-29,2026-09-28
900000000000049,1001,SH01,80201,2026-10-02,2026-11-23
900000000000050,1004,SH02,60601,2026-08-16,2026-10-14
900000000000051,1006,SH03,60601,2026-06-10,2026-10-27
900000000000052,1005,SH01,75201,2026-06-10,2026-05-07
900000000000053,1010,SH03,98101,2026-06-10,2026-09-29
900000000000054,1009,SH02,14201,2026-07-10,2026-06-10
900000000000055,1008,SH02,98101,2026-06-10,2026-05-02
900000000000056,1004,SH01,10001,2026-05-07,2026-07-27
900000000000057,1005,SH03,30301,2026-07-02,2026-05-02
900000000000058,1007,SH02,14201,2026-11-23,2026-10-11
900000000000059,1001,SH01,75201,2026-06-09,2026-07-27
900000000000060,1008,SH02,98101,2026-11-24,2026-10-02
900000000000061,1010,SH03,10001,2026-05-08,2026-11-23
900000000000062,1003,SH03,75201,2026-07-11,2026-10-21
900000000000063,1007,SH03,60601,2026-08-16,2026-06-10
900000000000064,1010,SH01,14201,2026-05-08,2026-11-05
900000000000065,1004,SH01,80201,2026-05-07,2026-10-11
900000000000066,1001,SH03,98101,2026-06-29,2026-07-27
900000000000067,1008,SH01,80201,2026-09-28,2026-10-14
900000000000068,1005,SH01,75201,2026-05-09,2026-11-11
900000000000069,1001,SH01,14201,2026-07-10,2026-05-24
900000000000070,1001,SH02,60652,2026-07-10,2026-06-26
900000000000071,1004,SH01,10001,2026-09-29,2026-10-21
900000000000072,1007,SH01,33101,2026-05-08,2026-11-05
900000000000073,1008,SH02,33101,2026-06-26,2026-11-11
900000000000074,1006,SH02,75201,2026-09-21,2026-09-21
900000000000075,1006,SH03,90210,2026-06-27,2026-10-27
900000000000076,1004,SH01,30301,2026-11-05,2026-09-21
900000000000077,1010,SH03,80201,2026-07-27,2026-05-02
900000000000078,1007,SH02,60601,2026-10-11,2026-10-26
900000000000079,1004,SH03,90210,2026-07-10,2026-05-02
900000000000080,1006,SH03,30301,2026-05-02,2026-08-16
900000000000081,1001,SH02,33101,2026-10-27,2026-07-27
900000000000082,1003,SH03,14201,2026-11-23,2026-08-16
900000000000083,1010,SH01,33101,2026-11-11,2026-07-02
900000000000084,1005,SH02,80201,2026-06-27,2026-07-10
900000000000085,1004,SH01,90210,2026-10-31,2026-10-27
900000000000086,1002,SH01,75201,2026-08-17,2026-06-09
900000000000087,1004,SH03,75201,2026-07-11,2026-09-21
900000000000088,1010,SH02,90210,2026-07-27,2026-07-10
900000000000089,1008,SH03,33101,2026-07-27,2026-06-27
900000000000090,1008,SH02,75201,2026-11-24,2026-09-29
900000000000091,1005,SH03,90210,2026-10-02,2026-07-02
900000000000092,1004,SH03,33101,2026-10-02,2026-08-16
900000000000093,1005,SH03,90210,2026-06-26,2026-06-29
900000000000094,1003,SH03,75201,2026-06-09,2026-09-29
900000000000095,1006,SH01,60652,2026-06-29,2026-05-09
900000000000096,1002,SH02,80201,2026-07-11,2026-08-16
900000000000097,1005,SH02,60601,2026-05-02,2026-10-21
900000000000098,1010,SH03,30301,2026-06-09,2026-10-31
900000000000099,1003,SH02,90210,2026-05-07,2026-11-05
900000000000100,1010,SH01,90210,2026-09-29,2026-11-23
900000000000101,1005,SH02,60601,2026-10-27,2026-06-26
900000000000102,1001,SH01,60652,2026-05-07,2026-07-27
900000000000103,1003,SH01,33101,2026-10-11,2026-10-14
900000000000104,1007,SH01,60601,2026-06-26,2026-11-24
900000000000105,1009,SH02,33101,2026-10-26,2026-07-27
900000000000106,1009,SH02,30301,2026-07-27,2026-09-21
900000000000107,1010,SH01,98101,2026-09-28,2026-06-10
900000000000108,1008,SH02,98101,2026-11-05,2026-08-16
900000000000109,1006,SH01,14201,2026-05-08,2026-10-14
900000000000110,1006,SH01,33101,2026-06-29,2026-11-05
900000000000111,1005,SH01,30301,2026-10-11,2026-05-08
900000000000112,1001,SH03,75201,2026-10-31,2026-08-16
900000000000113,1003,SH02,30301,2026-06-09,2026-06-29
900000000000114,1009,SH02,90210,2026-06-09,2026-09-28
900000000000115,1004,SH03,90210,2026-10-26,2026-06-27
900000000000116,1009,SH03,10001,2026-05-08,2026-11-24
900000000000117,1007,SH01,60652,2026-10-11,2026-09-29
900000000000118,1002,SH02,10001,2026-05-24,2026-06-29
900000000000119,1009,SH01,10001,2026-10-02,2026-09-29
900000000000120,1003,SH03,60601,2026-10-14,2026-08-17
900000000000121,1007,SH02,33101,2026-07-10,2026-09-29
900000000000122,1009,SH01,90210,2026-07-11,2026-05-09
900000000000123,1007,SH03,75201,2026-05-07,2026-08-17
900000000000124,1004,SH01,30301,2026-10-31,2026-10-11
900000000000125,1001,SH03,33101,2026-05-09,2026-10-26
900000000000126,1005,SH03,90210,2026-07-11,2026-07-11
900000000000127,1008,SH01,98101,2026-07-27,2026-06-09
900000000000128,1003,SH02,60652,2026-07-27,2026-08-17
900000000000129,1005,SH01,80201,2026-09-21,2026-05-09
900000000000130,1003,SH03,60601,2026-07-11,2026-06-29
900000000000131,1007,SH01,10001,2026-06-26,2026-11-23
900000000000132,1007,SH01,80201,2026-07-11,2026-05-08
900000000000133,1009,SH03,90210,2026-07-10,2026-11-05
900000000000134,1002,SH03,30301,2026-10-11,2026-10-21
900000000000135,1009,SH01,30301,2026-07-02,2026-07-10
900000000000136,1004,SH01,98101,2026-07-10,2026-07-02
900000000000137,1010,SH02,30301,2026-07-10,2026-10-26
900000000000138,1005,SH01,80201,2026-08-16,2026-11-23
900000000000139,1010,SH01,75201,2026-07-02,2026-10-26
900000000000140,1004,SH01,30301,2026-08-16,2026-10-31
900000000000141,1003,SH02,33101,2026-10-31,2026-05-07
900000000000142,1006,SH01,90210,2026-10-11,2026-10-02
900000000000143,1004,SH01,14201,2026-10-26,2026-05-08
900000000000144,1010,SH02,30301,2026-11-05,2026-08-17
900000000000145,1004,SH03,98101,2026-05-24,2026-07-02
900000000000146,1008,SH03,60652,2026-11-05,2026-07-02
900000000000147,1010,SH02,90210,2026-11-24,2026-06-10
900000000000148,1001,SH01,10001,2026-07-11,2026-07-27
900000000000149,1004,SH02,60652,2026-11-11,2026-05-08
900000000000150,1004,SH01,10001,2026-07-10,2026-11-11
900000000000151,1006,SH01,30301,2026-06-10,2026-06-10
900000000000152,1009,SH01,80201,2026-06-09,2026-06-10
900000000000153,1005,SH03,10001,2026-09-28,2026-09-29
900000000000154,1001,SH01,10001,2026-07-27,2026-09-28
900000000000155,1006,SH01,33101,2026-11-05,2026-10-21
900000000000156,1001,SH02,60652,2026-10-14,2026-10-31
900000000000157,1002,SH01,80201,2026-11-23,2026-11-05
900000000000158,1006,SH02,30301,2026-09-21,2026-11-11
900000000000159,1001,SH01,30301,2026-10-27,2026-07-02
900000000000160,1004,SH01,10001,2026-06-29,2026-07-02
900000000000161,1003,SH02,14201,2026-10-26,2026-05-09
900000000000162,1003,SH03,60601,2026-10-31,2026-09-29
900000000000163,1005,SH03,30301,2026-11-05,2026-09-21
900000000000164,1003,SH02,60601,2026-05-24,2026-09-21
900000000000165,1009,SH02,60601,2026-05-24,2026-09-28
900000000000166,1008,SH01,14201,2026-06-26,2026-11-24
900000000000167,1009,SH03,80201,2026-10-31,2026-06-27
900000000000168,1006,SH01,10001,2026-07-11,2026-09-29
900000000000169,1008,SH01,75201,2026-05-08,2026-07-11
900000000000170,1009,SH03,30301,2026-11-05,2026-05-24
900000000000171,1002,SH02,60652,2026-07-11,2026-07-02
900000000000172,1003,SH01,98101,2026-10-31,2026-10-26
900000000000173,1003,SH02,90210,2026-09-21,2026-06-09
900000000000174,1009,SH02,80201,2026-10-02,2026-05-07
900000000000175,1005,SH01,14201,2026-05-09,2026-05-09
900000000000176,1005,SH01,30301,2026-11-05,2026-11-11
900000000000177,1001,SH03,60652,2026-10-26,2026-09-21
900000000000178,1002,SH03,90210,2026-10-26,2026-10-14
900000000000179,1008,SH01,60652,2026-07-10,2026-11-05
900000000000180,1002,SH01,60652,2026-07-10,2026-10-26
900000000000181,1005,SH02,10001,2026-06-26,2026-06-29
900000000000182,1007,SH02,80201,2026-10-14,2026-06-27
900000000000183,1008,SH02,80201,2026-06-26,2026-08-16
900000000000184,1001,SH01,30301,2026-07-11,2026-10-02
900000000000185,1004,SH03,30301,2026-08-17,2026-08-16
900000000000186,1001,SH01,80201,2026-10-31,2026-06-09
900000000000187,1008,SH02,33101,2026-09-21,2026-08-16
900000000000188,1009,SH03,80201,2026-06-29,2026-07-02
900000000000189,1007,SH01,80201,2026-05-24,2026-07-02
900000000000190,1009,SH01,60652,2026-05-02,2026-05-07
900000000000191,1002,SH02,75201,2026-05-02,2026-11-05
900000000000192,1001,SH03,33101,2026-09-28,2026-10-27
900000000000193,1002,SH02,80201,2026-06-29,2026-07-10
900000000000194,1003,SH03,10001,2026-06-29,2026-11-11
900000000000195,1009,SH01,80201,2026-11-23,2026-10-11
900000000000196,1005,SH01,75201,2026-11-05,2026-10-21
900000000000197,1007,SH03,75201,2026-11-23,2026-10-31
900000000000198,1008,SH03,14201,2026-05-09,2026-05-08
900000000000199,1001,SH02,10001,2026-10-02,2026-07-02
900000000000200,1009,SH03,80201,2026-07-11,2026-05-07
900000000000201,1005,SH01,98101,2026-10-02,2026-07-27
900000000000202,1006,SH03,60652,2026-05-08,2026-06-27
900000000000203,1005,SH03,75201,2026-05-07,2026-07-27
900000000000204,1010,SH03,98101,2026-11-05,2026-07-11
900000000000205,1001,SH01,60652,2026-08-16,2026-06-09
900000000000206,1006,SH03,33101,2026-05-07,2026-10-11
900000000000207,1005,SH03,10001,2026-05-02,2026-10-27
900000000000208,1001,SH03,10001,2026-10-21,2026-07-02
900000000000209,1004,SH03,90210,2026-11-05,2026-11-23
900000000000210,1005,SH03,14201,2026-05-02,2026-07-02
900000000000211,1001,SH02,80201,2026-11-11,2026-07-11
900000000000212,1009,SH03,14201,2026-08-17,2026-06-26
900000000000213,1008,SH02,30301,2026-10-31,2026-05-02
900000000000214,1003,SH03,30301,2026-09-29,2026-06-09
900000000000215,1002,SH02,60601,2026-07-10,2026-06-29
900000000000216,1009,SH01,80201,2026-06-27,2026-10-31
900000000000217,1007,SH03,75201,2026-09-21,2026-10-21
900000000000218,1002,SH01,60652,2026-08-16,2026-05-07
900000000000219,1007,SH02,90210,2026-08-17,2026-10-02
900000000000220,1004,SH02,98101,2026-06-29,2026-10-27
900000000000221,1001,SH01,30301,2026-10-26,2026-09-28
900000000000222,1005,SH03,10001,2026-10-31,2026-05-24
900000000000223,1009,SH01,33101,2026-11-11,2026-07-10
900000000000224,1006,SH03,80201,2026-11-23,2026-05-02
900000000000225,1005,SH02,33101,2026-05-08,2026-08-17
900000000000226,1009,SH01,60601,2026-05-08,2026-05-02
900000000000227,1001,SH02,90210,2026-06-26,2026-11-05
900000000000228,1010,SH02,14201,2026-10-31,2026-08-16
900000000000229,1003,SH03,33101,2026-07-02,2026-05-09
900000000000230,1010,SH01,14201,2026-11-11,2026-05-07
900000000000231,1003,SH01,60601,2026-10-31,2026-06-10
900000000000232,1008,SH01,14201,2026-10-14,2026-10-21
900000000000233,1008,SH03,10001,2026-05-07,2026-08-17
900000000000234,1004,SH03,14201,2026-08-16,2026-07-27
900000000000235,1002,SH01,90210,2026-10-11,2026-05-08
900000000000236,1009,SH03,60652,2026-11-05,2026-10-14
900000000000237,1008,SH01,14201,2026-10-31,2026-07-27
900000000000238,1006,SH03,60601,2026-05-02,2026-07-27
900000000000239,1007,SH01,80201,2026-11-05,2026-07-11
900000000000240,1002,SH02,90210,2026-11-23,2026-07-10
900000000000241,1003,SH02,14201,2026-10-11,2026-07-02
900000000000242,1008,SH02,60601,2026-06-27,2026-05-07
900000000000243,1006,SH03,33101,2026-10-21,2026-05-24
900000000000244,1009,SH01,90210,2026-10-31,2026-11-23
900000000000245,1006,SH03,14201,2026-10-27,2026-08-17
900000000000246,1005,SH01,98101,2026-11-24,2026-06-27
900000000000247,1002,SH01,60601,2026-05-09,2026-06-27
900000000000248,1002,SH03,30301,2026-06-10,2026-08-16
900000000000249,1007,SH02,33101,2026-10-27,2026-06-10
900000000000250,1002,SH01,80201,2026-09-28,2026-10-21
900000000000251,1004,SH02,98101,2026-09-21,2026-11-24
900000000000252,1005,SH03,60601,2026-05-08,2026-11-11
900000000000253,1001,SH03,98101,2026-08-16,2026-05-08
900000000000254,1006,SH01,90210,2026-05-09,2026-11-23
900000000000255,1005,SH02,75201,2026-10-31,2026-10-31
900000000000256,1007,SH03,60652,2026-11-11,2026-10-21
900000000000257,1010,SH02,80201,2026-05-02,2026-08-16
900000000000258,1001,SH01,33101,2026-11-11,2026-06-10
900000000000259,1004,SH03,90210,2026-07-27,2026-11-11
900000000000260,1004,SH01,10001,2026-05-02,2026-05-07
900000000000261,1004,SH02,14201,2026-05-09,2026-10-31
900000000000262,1002,SH03,30301,2026-05-24,2026-11-05
900000000000263,1008,SH02,30301,2026-10-14,2026-11-24
900000000000264,1006,SH03,60652,2026-10-21,2026-08-17
900000000000265,1001,SH03,10001,2026-07-10,2026-10-11
900000000000266,1005,SH01,14201,2026-06-09,2026-06-29
900000000000267,1003,SH03,60601,2026-05-09,2026-05-07
900000000000268,1007,SH01,10001,2026-11-24,2026-05-02
900000000000269,1003,SH03,33101,2026-11-05,2026-10-14
900000000000270,1001,SH02,75201,2026-11-11,2026-10-31
900000000000271,1008,SH02,30301,2026-10-11,2026-06-10
900000000000272,1001,SH02,30301,2026-07-27,2026-07-02
900000000000273,1001,SH02,10001,2026-08-17,2026-09-28
900000000000274,1001,SH02,90210,2026-05-09,2026-10-21
900000000000275,1008,SH03,14201,2026-11-05,2026-11-05
900000000000276,1002,SH02,75201,2026-07-11,2026-10-26
900000000000277,1003,SH03,60601,2026-06-29,2026-07-27
900000000000278,1007,SH03,14201,2026-10-26,2026-06-29
900000000000279,1003,SH02,10001,2026-05-07,2026-10-21
900000000000280,1007,SH01,33101,2026-05-09,2026-10-14
900000000000281,1001,SH02,80201,2026-10-27,2026-11-24
900000000000282,1002,SH01,90210,2026-08-16,2026-06-27
900000000000283,1010,SH02,14201,2026-10-21,2026-07-02
900000000000284,1006,SH03,98101,2026-06-29,2026-07-27
900000000000285,1001,SH03,80201,2026-10-31,2026-09-29
900000000000286,1008,SH03,10001,2026-10-21,2026-08-16
900000000000287,1001,SH03,75201,2026-10-11,2026-08-17
900000000000288,1008,SH01,30301,2026-09-28,2026-10-26
900000000000289,1003,SH02,14201,2026-07-27,2026-05-02
900000000000290,1004,SH01,90210,2026-05-02,2026-10-11
900000000000291,1004,SH03,33101,2026-06-26,2026-05-07
900000000000292,1009,SH01,33101,2026-06-09,2026-07-11
900000000000293,1004,SH02,98101,2026-10-31,2026-10-21
900000000000294,1002,SH03,75201,2026-07-02,2026-08-17
900000000000295,1002,SH01,60652,2026-06-10,2026-06-09
900000000000296,1009,SH01,90210,2026-11-24,2026-05-24
900000000000297,1008,SH02,33101,2026-10-21,2026-06-27
900000000000298,1006,SH01,14201,2026-05-02,2026-05-02
900000000000299,1010,SH03,80201,2026-06-27,2026-10-27
900000000000300,1003,SH01,30301,2026-07-11,2026-08-16
900000000000301,1005,SH02,60652,2026-06-10,2026-10-02
900000000000302,1010,SH01,60652,2026-11-24,2026-06-09
900000000000303,1006,SH02,30301,2026-10-26,2026-10-14
900000000000304,1004,SH02,30301,2026-07-10,2026-07-27
900000000000305,1006,SH03,30301,2026-05-24,2026-05-02
900000000000306,1009,SH03,33101,2026-11-11,2026-09-28
900000000000307,1004,SH03,60601,2026-06-26,2026-10-27
900000000000308,1005,SH01,98101,2026-05-08,2026-11-11
900000000000309,1001,SH01,60601,2026-10-31,2026-06-29
900000000000310,1006,SH01,90210,2026-08-17,2026-11-23
900000000000311,1006,SH02,80201,2026-10-21,2026-06-26
900000000000312,1010,SH03,80201,2026-05-24,2026-06-09
900000000000313,1006,SH01,33101,2026-06-27,2026-05-07
900000000000314,1003,SH03,75201,2026-06-26,2026-10-14
900000000000315,1010,SH02,14201,2026-06-29,2026-09-29
900000000000316,1004,SH01,90210,2026-09-21,2026-11-11
900000000000317,1005,SH02,80201,2026-07-27,2026-05-09
900000000000318,1001,SH01,33101,2026-05-08,2026-08-16
900000000000319,1003,SH02,14201,2026-05-09,2026-07-27
900000000000320,1009,SH01,98101,2026-09-28,2026-05-02
900000000000321,1003,SH01,75201,2026-09-21,2026-07-27
900000000000322,1009,SH01,10001,2026-10-31,2026-10-11
900000000000323,1005,SH02,98101,2026-09-29,2026-05-08
900000000000324,1001,SH01,75201,2026-06-26,2026-07-02
900000000000325,1010,SH01,98101,2026-10-11,2026-10-14
900000000000326,1007,SH03,60652,2026-06-10,2026-07-02
900000000000327,1004,SH02,75201,2026-05-24,2026-08-17
900000000000328,1006,SH02,75201,2026-11-23,2026-07-11
900000000000329,1010,SH03,60652,2026-07-27,2026-06-09
900000000000330,1004,SH02,60652,2026-10-21,2026-05-24
900000000000331,1004,SH01,90210,2026-05-02,2026-05-08
900000000000332,1001,SH03,30301,2026-06-10,2026-09-28
900000000000333,1005,SH02,60652,2026-06-27,2026-10-02
900000000000334,1002,SH01,60601,2026-06-10,2026-05-08
900000000000335,1002,SH01,75201,2026-06-09,2026-10-14
900000000000336,1009,SH02,30301,2026-10-11,2026-06-29
900000000000337,1008,SH03,90210,2026-10-14,2026-05-07
900000000000338,1004,SH02,98101,2026-10-14,2026-05-02
900000000000339,1008,SH03,75201,2026-06-09,2026-05-08
900000000000340,1004,SH02,10001,2026-10-27,2026-07-27
900000000000341,1005,SH03,30301,2026-08-16,2026-06-29
900000000000342,1002,SH01,60601,2026-10-26,2026-05-24
900000000000343,1008,SH01,80201,2026-09-29,2026-11-23
900000000000344,1008,SH02,75201,2026-06-09,2026-05-24
900000000000345,1003,SH02,10001,2026-11-11,2026-10-31
900000000000346,1008,SH02,80201,2026-10-27,2026-11-05
900000000000347,1002,SH02,30301,2026-10-21,2026-10-31
900000000000348,1002,SH02,98101,2026-10-31,2026-07-02
900000000000349,1006,SH02,60601,2026-06-09,2026-07-11
900000000000350,1006,SH02,14201,2026-09-28,2026-05-24
900000000000351,1005,SH01,14201,2026-10-31,2026-09-21
900000000000352,1008,SH01,80201,2026-05-09,2026-06-10
900000000000353,1001,SH03,80201,2026-06-26,2026-08-16
900000000000354,1009,SH01,14201,2026-10-02,2026-10-27
900000000000355,1005,SH03,80201,2026-10-11,2026-07-11
900000000000356,1006,SH01,60652,2026-10-11,2026-10-27
900000000000357,1004,SH03,30301,2026-07-10,2026-05-09
900000000000358,1009,SH03,14201,2026-11-23,2026-11-24
900000000000359,1010,SH01,80201,2026-11-05,2026-05-09
900000000000360,1003,SH02,10001,2026-10-26,2026-11-05
900000000000361,1008,SH01,60601,2026-07-02,2026-05-09
900000000000362,1010,SH03,98101,2026-06-26,2026-09-21
900000000000363,1003,SH03,60601,2026-06-26,2026-10-21
900000000000364,1001,SH03,14201,2026-07-11,2026-07-02
900000000000365,1008,SH02,14201,2026-06-09,2026-09-21
900000000000366,1006,SH02,60652,2026-05-08,2026-10-26
900000000000367,1007,SH03,60652,2026-10-31,2026-11-11
900000000000368,1002,SH03,30301,2026-07-10,2026-10-27
900000000000369,1008,SH02,90210,2026-10-26,2026-10-11
900000000000370,1009,SH01,30301,2026-05-02,2026-06-26
900000000000371,1009,SH01,14201,2026-08-16,2026-05-08
900000000000372,1006,SH02,98101,2026-06-10,2026-09-21
900000000000373,1002,SH01,14201,2026-05-24,2026-05-24
900000000000374,1001,SH01,14201,2026-10-02,2026-11-23
900000000000375,1010,SH02,75201,2026-05-09,2026-08-17
900000000000376,1009,SH03,80201,2026-10-02,2026-11-05
900000000000377,1007,SH01,33101,2026-07-02,2026-10-31
900000000000378,1007,SH01,98101,2026-05-02,2026-06-29
900000000000379,1007,SH03,60652,2026-11-23,2026-05-07
900000000000380,1004,SH02,60601,2026-11-11,2026-08-17
900000000000381,1010,SH01,80201,2026-10-26,2026-10-27
900000000000382,1002,SH01,33101,2026-05-08,2026-08-16
900000000000383,1003,SH02,30301,2026-11-24,2026-11-23
900000000000384,1001,SH01,60601,2026-05-07,2026-10-27
900000000000385,1005,SH03,14201,2026-11-11,2026-09-21
900000000000386,1004,SH02,33101,2026-07-11,2026-10-21
900000000000387,1003,SH01,60652,2026-07-10,2026-11-23
900000000000388,1003,SH02,60601,2026-09-28,2026-10-14
900000000000389,1009,SH02,60601,2026-07-10,2026-11-11
900000000000390,1002,SH02,60601,2026-06-10,2026-06-09
900000000000391,1010,SH03,14201,2026-06-10,2026-06-09
900000000000392,1008,SH02,80201,2026-07-11,2026-08-16
900000000000393,1010,SH01,60652,2026-05-24,2026-08-17
900000000000394,1006,SH03,60601,2026-10-27,2026-05-08
900000000000395,1010,SH03,80201,2026-10-26,2026-10-11
900000000000396,1003,SH03,80201,2026-11-11,2026-10-11
900000000000397,1001,SH02,80201,2026-06-26,2026-08-16
900000000000398,1003,SH01,14201,2026-10-11,2026-11-23
900000000000399,1006,SH03,14201,2026-06-09,2026-09-28
900000000000400,1001,SH03,33101,2026-11-11,2026-11-24
900000000000401,1009,SH01,10001,2026-05-02,2026-07-02
900000000000402,1010,SH03,75201,2026-09-21,2026-09-29
900000000000403,1010,SH02,80201,2026-06-29,2026-08-16
900000000000404,1006,SH02,60652,2026-11-23,2026-07-11
900000000000405,1005,SH01,75201,2026-10-11,2026-05-24
900000000000406,1004,SH02,90210,2026-09-28,2026-08-16
900000000000407,1003,SH01,80201,2026-09-29,2026-11-24
900000000000408,1004,SH03,10001,2026-09-28,2026-07-27
900000000000409,1009,SH02,60652,2026-09-21,2026-05-02
900000000000410,1010,SH02,90210,2026-07-11,2026-10-21
900000000000411,1009,SH03,30301,2026-08-16,2026-10-21
900000000000412,1006,SH01,60652,2026-07-02,2026-09-21
900000000000413,1009,SH02,30301,2026-07-11,2026-07-27
900000000000414,1001,SH03,98101,2026-06-26,2026-07-11
900000000000415,1008,SH01,33101,2026-06-27,2026-05-02
900000000000416,1009,SH02,98101,2026-06-10,2026-09-28
900000000000417,1002,SH02,98101,2026-05-07,2026-05-08
900000000000418,1007,SH03,60601,2026-07-27,2026-11-23
900000000000419,1001,SH03,60601,2026-06-26,2026-10-26
900000000000420,1007,SH01,98101,2026-10-27,2026-10-21
900000000000421,1005,SH01,30301,2026-05-09,2026-09-29
900000000000422,1004,SH02,60601,2026-07-27,2026-09-28
900000000000423,1003,SH02,75201,2026-09-28,2026-11-23
900000000000424,1006,SH02,33101,2026-07-02,2026-11-24
900000000000425,1008,SH02,30301,2026-09-29,2026-10-11
900000000000426,1001,SH01,60601,2026-09-29,2026-11-05
900000000000427,1008,SH03,80201,2026-10-02,2026-10-21
900000000000428,1010,SH01,10001,2026-09-21,2026-09-28
900000000000429,1003,SH01,30301,2026-07-10,2026-10-11
900000000000430,1010,SH02,80201,2026-06-09,2026-05-02
900000000000431,1010,SH02,90210,2026-05-07,2026-07-10
900000000000432,1006,SH01,98101,2026-06-27,2026-11-23
900000000000433,1005,SH03,30301,2026-10-02,2026-11-05
900000000000434,1005,SH02,80201,2026-06-29,2026-05-02
900000000000435,1008,SH03,60601,2026-10-11,2026-06-26
900000000000436,1004,SH02,14201,2026-09-21,2026-09-29
900000000000437,1009,SH03,98101,2026-09-21,2026-11-11
900000000000438,1009,SH03,30301,2026-07-10,2026-09-28
900000000000439,1010,SH02,30301,2026-08-17,2026-07-10
900000000000440,1001,SH01,10001,2026-07-11,2026-10-21
900000000000441,1007,SH02,60601,2026-06-27,2026-05-08
900000000000442,1004,SH01,75201,2026-05-24,2026-08-16
900000000000443,1010,SH02,14201,2026-07-02,2026-05-02
900000000000444,1004,SH03,10001,2026-10-31,2026-08-16
900000000000445,1002,SH01,75201,2026-08-16,2026-09-21
900000000000446,1006,SH03,14201,2026-05-08,2026-09-28
900000000000447,1001,SH01,98101,2026-10-26,2026-10-11
900000000000448,1003,SH02,10001,2026-10-14,2026-07-10
900000000000449,1009,SH03,33101,2026-11-05,2026-07-27
900000000000450,1008,SH03,14201,2026-10-27,2026-10-02
900000000000451,1007,SH01,75201,2026-07-27,2026-11-11
900000000000452,1010,SH03,80201,2026-05-08,2026-09-21
900000000000453,1003,SH01,60601,2026-09-21,2026-05-09
900000000000454,1004,SH02,10001,2026-08-16,2026-05-08
900000000000455,1002,SH01,33101,2026-07-02,2026-06-10
900000000000456,1009,SH02,10001,2026-05-02,2026-05-02
900000000000457,1002,SH01,80201,2026-09-28,2026-06-26
900000000000458,1006,SH02,80201,2026-08-16,2026-05-02
900000000000459,1002,SH01,80201,2026-06-29,2026-06-10
900000000000460,1001,SH02,98101,2026-06-10,2026-07-02
900000000000461,1006,SH03,33101,2026-06-27,2026-08-17
900000000000462,1001,SH03,90210,2026-08-16,2026-09-29
900000000000463,1009,SH02,90210,2026-09-29,2026-11-24
900000000000464,1003,SH02,75201,2026-07-11,2026-10-11
900000000000465,1008,SH02,14201,2026-05-09,2026-05-09
900000000000466,1009,SH02,75201,2026-11-23,2026-11-24
900000000000467,1009,SH02,60652,2026-10-31,2026-10-27
900000000000468,1007,SH02,33101,2026-05-07,2026-05-09
900000000000469,1003,SH01,80201,2026-11-24,2026-11-24
900000000000470,1004,SH01,75201,2026-07-10,2026-06-26
900000000000471,1003,SH01,10001,2026-05-02,2026-08-16
900000000000472,1010,SH03,60601,2026-09-21,2026-11-05
900000000000473,1008,SH03,80201,2026-06-09,2026-09-28
900000000000474,1004,SH01,30301,2026-10-14,2026-06-09
900000000000475,1001,SH02,90210,2026-10-26,2026-06-27
900000000000476,1004,SH01,60652,2026-06-27,2026-10-21
900000000000477,1006,SH03,14201,2026-09-21,2026-08-17
900000000000478,1004,SH01,75201,2026-07-27,2026-10-27
900000000000479,1007,SH02,75201,2026-11-24,2026-05-02
900000000000480,1006,SH03,60652,2026-11-05,2026-06-09
900000000000481,1001,SH03,33101,2026-10-27,2026-08-17
900000000000482,1007,SH03,60652,2026-10-31,2026-10-27
900000000000483,1010,SH01,10001,2026-06-29,2026-06-29
900000000000484,1009,SH02,33101,2026-07-27,2026-09-29
900000000000485,1010,SH03,80201,2026-10-31,2026-11-24
900000000000486,1004,SH01,98101,2026-11-11,2026-06-26
900000000000487,1008,SH01,98101,2026-10-31,2026-07-27
900000000000488,1005,SH02,30301,2026-11-05,2026-10-14
900000000000489,1007,SH02,75201,2026-10-02,2026-05-07
900000000000490,1005,SH02,14201,2026-07-10,2026-07-11
900000000000491,1010,SH03,90210,2026-05-08,2026-11-23
900000000000492,1007,SH03,80201,2026-05-08,2026-06-26
900000000000493,1002,SH01,10001,2026-07-27,2026-09-29
900000000000494,1005,SH03,90210,2026-05-08,2026-06-26
900000000000495,1006,SH01,90210,2026-10-21,2026-11-11
900000000000496,1002,SH01,30301,2026-10-11,2026-06-26
900000000000497,1007,SH03,10001,2026-11-23,2026-07-02
900000000000498,1002,SH03,75201,2026-09-28,2026-10-21
900000000000499,1004,SH02,60601,2026-10-27,2026-09-28
900000000000500,1004,SH02,90210,2026-07-27,2026-09-29
900000000000501,1003,SH01,60652,2026-08-16,2026-07-10
900000000000502,1009,SH02,10001,2026-05-24,2026-10-14
900000000000503,1007,SH01,75201,2026-10-14,2026-10-26
900000000000504,1003,SH02,30301,2026-10-26,2026-09-21
900000000000505,1003,SH01,14201,2026-10-26,2026-07-11
900000000000506,1005,SH02,60601,2026-09-28,2026-07-02
900000000000507,1009,SH01,33101,2026-06-27,2026-05-08
900000000000508,1004,SH03,90210,2026-06-27,2026-08-16
900000000000509,1002,SH02,33101,2026-10-02,2026-10-02
900000000000510,1006,SH02,60601,2026-06-27,2026-09-29
900000000000511,1004,SH01,75201,2026-07-27,2026-09-28
900000000000512,1002,SH01,98101,2026-07-10,2026-11-11
900000000000513,1001,SH03,10001,2026-11-05,2026-09-28
900000000000514,1007,SH03,60652,2026-05-24,2026-06-26
900000000000515,1009,SH01,60601,2026-07-27,2026-10-14
900000000000516,1003,SH03,30301,2026-06-09,2026-09-28
900000000000517,1001,SH02,80201,2026-11-11,2026-10-27
900000000000518,1004,SH03,60601,2026-11-23,2026-11-11
900000000000519,1010,SH02,14201,2026-09-29,2026-11-24
900000000000520,1010,SH02,14201,2026-05-08,2026-06-10
900000000000521,1006,SH01,33101,2026-10-14,2026-05-24
900000000000522,1009,SH02,10001,2026-06-10,2026-10-26
900000000000523,1003,SH01,80201,2026-06-29,2026-10-14
900000000000524,1008,SH03,90210,2026-06-26,2026-05-02
900000000000525,1007,SH03,30301,2026-06-27,2026-09-28
900000000000526,1004,SH01,14201,2026-10-31,2026-10-26
900000000000527,1001,SH02,60601,2026-10-14,2026-06-27
900000000000528,1010,SH03,90210,2026-07-02,2026-11-24
900000000000529,1008,SH03,80201,2026-11-05,2026-10-27
900000000000530,1003,SH02,30301,2026-10-26,2026-05-09
900000000000531,1009,SH03,30301,2026-09-29,2026-11-23
900000000000532,1007,SH01,98101,2026-05-07,2026-06-10
900000000000533,1009,SH01,98101,2026-07-27,2026-10-26
900000000000534,1008,SH02,33101,2026-09-21,2026-10-26
900000000000535,1009,SH02,60652,2026-08-16,2026-06-09
900000000000536,1002,SH01,90210,2026-06-27,2026-05-08
900000000000537,1003,SH03,80201,2026-08-16,2026-05-24
900000000000538,1008,SH02,10001,2026-09-21,2026-07-27
900000000000539,1005,SH03,33101,2026-10-11,2026-10-26
900000000000540,1003,SH01,90210,2026-10-14,2026-07-11
900000000000541,1005,SH03,75201,2026-07-11,2026-05-08
900000000000542,1003,SH02,33101,2026-10-11,2026-10-31
900000000000543,1007,SH02,14201,2026-09-29,2026-11-24
900000000000544,1003,SH03,14201,2026-06-09,2026-05-09
900000000000545,1001,SH02,60652,2026-06-27,2026-11-23
900000000000546,1001,SH02,80201,2026-05-02,2026-06-10
900000000000547,1007,SH03,14201,2026-05-09,2026-09-21
900000000000548,1010,SH01,60601,2026-10-14,2026-05-24
900000000000549,1008,SH03,80201,2026-05-07,2026-10-21
900000000000550,1003,SH02,90210,2026-10-27,2026-07-27
900000000000551,1009,SH03,90210,2026-05-09,2026-07-10
900000000000552,1001,SH03,33101,2026-05-08,2026-06-26
900000000000553,1003,SH03,60652,2026-07-02,2026-09-28
900000000000554,1002,SH02,10001,2026-08-16,2026-10-26
900000000000555,1006,SH01,75201,2026-05-09,2026-11-05
900000000000556,1007,SH03,10001,2026-11-05,2026-10-21
900000000000557,1006,SH03,30301,2026-06-29,2026-06-29
900000000000558,1003,SH02,75201,2026-05-09,2026-09-21
900000000000559,1001,SH03,14201,2026-10-21,2026-10-02
900000000000560,1002,SH01,10001,2026-10-11,2026-05-02
900000000000561,1007,SH01,30301,2026-05-07,2026-06-09
900000000000562,1010,SH01,10001,2026-06-26,2026-10-21
900000000000563,1008,SH03,10001,2026-11-11,2026-10-14
900000000000564,1010,SH01,14201,2026-09-21,2026-10-11
900000000000565,1004,SH03,60601,2026-05-08,2026-09-29
900000000000566,1006,SH02,10001,2026-05-09,2026-10-31
900000000000567,1010,SH03,60652,2026-06-09,2026-08-16
900000000000568,1001,SH03,60601,2026-10-26,2026-09-29
900000000000569,1005,SH01,80201,2026-10-31,2026-08-16
900000000000570,1001,SH03,90210,2026-11-05,2026-10-21
900000000000571,1003,SH03,33101,2026-10-11,2026-11-24
900000000000572,1009,SH02,33101,2026-05-07,2026-05-24
900000000000573,1008,SH03,98101,2026-10-14,2026-06-09
900000000000574,1002,SH01,60652,2026-11-11,2026-07-10
900000000000575,1009,SH02,60601,2026-10-11,2026-11-11
900000000000576,1002,SH01,10001,2026-10-14,2026-10-21
900000000000577,1008,SH02,60652,2026-06-26,2026-10-26
900000000000578,1002,SH02,10001,2026-11-05,2026-08-17
900000000000579,1001,SH01,30301,2026-09-28,2026-05-24
900000000000580,1009,SH03,98101,2026-10-31,2026-07-02
900000000000581,1006,SH02,90210,2026-06-29,2026-06-27
900000000000582,1007,SH03,14201,2026-05-02,2026-07-02
900000000000583,1007,SH01,60601,2026-05-24,2026-06-26
900000000000584,1010,SH01,60601,2026-10-14,2026-08-17
900000000000585,1010,SH03,98101,2026-10-27,2026-10-27
900000000000586,1004,SH03,80201,2026-09-28,2026-07-11
900000000000587,1005,SH02,90210,2026-05-09,2026-10-26
900000000000588,1008,SH01,60652,2026-11-24,2026-10-14
900000000000589,1007,SH02,30301,2026-10-27,2026-06-26
900000000000590,1002,SH02,90210,2026-11-23,2026-06-10
900000000000591,1006,SH03,90210,2026-05-24,2026-09-29
900000000000592,1008,SH02,60652,2026-10-02,2026-06-10
900000000000593,1008,SH02,60652,2026-09-28,2026-11-05
900000000000594,1001,SH01,60601,2026-10-21,2026-10-26
900000000000595,1009,SH02,75201,2026-10-21,2026-05-02
900000000000596,1010,SH02,14201,2026-05-09,2026-06-26
900000000000597,1006,SH03,33101,2026-09-21,2026-05-09
900000000000598,1001,SH03,60601,2026-06-26,2026-08-16
900000000000599,1001,SH03,60601,2026-06-27,2026-05-02
900000000000600,1004,SH01,90210,2026-11-11,2026-10-26
900000000000601,1002,SH03,98101,2026-10-14,2026-05-08
900000000000602,1007,SH01,98101,2026-10-31,2026-06-10
900000000000603,1005,SH03,90210,2026-06-09,2026-09-29
900000000000604,1004,SH02,30301,2026-05-02,2026-11-05
900000000000605,1006,SH02,60652,2026-11-23,2026-07-10
900000000000606,1008,SH02,80201,2026-08-17,2026-05-24
900000000000607,1001,SH02,75201,2026-09-21,2026-06-27
900000000000608,1009,SH03,10001,2026-05-09,2026-07-02
900000000000609,1009,SH03,60652,2026-05-09,2026-05-02
900000000000610,1009,SH03,90210,2026-07-10,2026-07-11
900000000000611,1006,SH03,30301,2026-10-31,2026-06-29
900000000000612,1001,SH03,90210,2026-10-11,2026-07-10
900000000000613,1002,SH01,14201,2026-10-11,2026-08-16
900000000000614,1009,SH01,10001,2026-11-23,2026-10-21
900000000000615,1003,SH01,14201,2026-07-02,2026-09-29
900000000000616,1010,SH03,33101,2026-09-28,2026-07-11
900000000000617,1009,SH01,90210,2026-07-11,2026-11-24
900000000000618,1007,SH01,60601,2026-11-23,2026-11-11
900000000000619,1010,SH01,80201,2026-10-26,2026-07-11
900000000000620,1009,SH01,80201,2026-10-14,2026-05-07
900000000000621,1009,SH01,75201,2026-10-11,2026-06-26
900000000000622,1001,SH03,75201,2026-05-09,2026-08-16
900000000000623,1002,SH01,80201,2026-10-14,2026-09-21
900000000000624,1010,SH02,14201,2026-09-29,2026-05-24
900000000000625,1010,SH01,60601,2026-05-24,2026-06-27
900000000000626,1001,SH02,80201,2026-05-02,2026-07-10
900000000000627,1008,SH02,10001,2026-10-27,2026-05-02
900000000000628,1010,SH01,30301,2026-06-26,2026-10-21
900000000000629,1002,SH03,80201,2026-10-31,2026-06-27
900000000000630,1002,SH03,98101,2026-05-24,2026-09-28
900000000000631,1007,SH01,90210,2026-10-26,2026-07-11
900000000000632,1005,SH01,30301,2026-11-05,2026-08-17
900000000000633,1005,SH01,60601,2026-11-24,2026-09-28
900000000000634,1003,SH02,33101,2026-11-23,2026-06-26
900000000000635,1006,SH02,60652,2026-05-09,2026-10-26
900000000000636,1003,SH01,90210,2026-06-09,2026-10-26
900000000000637,1008,SH02,30301,2026-10-14,2026-06-10
900000000000638,1010,SH01,75201,2026-10-11,2026-05-07
900000000000639,1006,SH01,10001,2026-10-21,2026-10-27
900000000000640,1008,SH03,14201,2026-11-23,2026-07-27
900000000000641,1010,SH03,60601,2026-05-09,2026-05-24
900000000000642,1008,SH03,14201,2026-10-26,2026-06-09
900000000000643,1010,SH03,14201,2026-05-02,2026-08-16
900000000000644,1003,SH03,60652,2026-11-24,2026-11-23
900000000000645,1010,SH01,75201,2026-11-11,2026-05-07
900000000000646,1003,SH03,90210,2026-05-24,2026-08-16
900000000000647,1005,SH02,14201,2026-05-09,2026-11-05
900000000000648,1004,SH01,30301,2026-09-28,2026-05-24
900000000000649,1007,SH03,98101,2026-08-17,2026-09-28
900000000000650,1006,SH01,60652,2026-05-07,2026-06-29
900000000000651,1005,SH02,33101,2026-10-27,2026-11-24
900000000000652,1009,SH02,14201,2026-10-14,2026-09-28
900000000000653,1009,SH01,60601,2026-06-26,2026-11-24
900000000000654,1006,SH01,10001,2026-05-08,2026-11-23
900000000000655,1002,SH02,75201,2026-10-02,2026-11-24
900000000000656,1005,SH03,30301,2026-05-07,2026-06-26
900000000000657,1003,SH01,75201,2026-06-29,2026-07-11
900000000000658,1010,SH02,80201,2026-07-27,2026-07-27
900000000000659,1003,SH01,80201,2026-08-17,2026-07-02
900000000000660,1007,SH03,80201,2026-10-21,2026-05-24
900000000000661,1006,SH01,60652,2026-11-23,2026-10-27
900000000000662,1009,SH03,60652,2026-06-09,2026-06-09
900000000000663,1006,SH02,60601,2026-06-10,2026-10-31
900000000000664,1002,SH01,30301,2026-07-27,2026-07-11
900000000000665,1007,SH03,75201,2026-10-14,2026-07-02
900000000000666,1010,SH01,33101,2026-11-05,2026-05-07
900000000000667,1007,SH01,33101,2026-08-16,2026-06-09
900000000000668,1002,SH03,98101,2026-05-09,2026-06-29
900000000000669,1004,SH03,60652,2026-10-31,2026-10-14
900000000000670,1007,SH02,98101,2026-10-14,2026-06-29
900000000000671,1002,SH03,75201,2026-09-29,2026-09-21
900000000000672,1001,SH02,30301,2026-05-02,2026-10-27
900000000000673,1006,SH02,30301,2026-11-05,2026-06-29
900000000000674,1004,SH03,33101,2026-10-02,2026-06-27
900000000000675,1009,SH01,30301,2026-09-29,2026-07-02
900000000000676,1006,SH03,14201,2026-05-08,2026-09-21
900000000000677,1006,SH02,33101,2026-08-17,2026-10-11
900000000000678,1006,SH02,30301,2026-06-27,2026-05-24
900000000000679,1008,SH03,75201,2026-10-26,2026-10-27
900000000000680,1003,SH02,14201,2026-11-23,2026-06-09
900000000000681,1004,SH02,60652,2026-07-10,2026-07-27
900000000000682,1003,SH02,60652,2026-09-21,2026-10-31
900000000000683,1004,SH03,30301,2026-07-10,2026-06-10
900000000000684,1001,SH01,90210,2026-05-24,2026-11-05
900000000000685,1009,SH03,98101,2026-11-23,2026-07-02
900000000000686,1001,SH03,33101,2026-07-10,2026-06-27
900000000000687,1010,SH03,75201,2026-10-11,2026-11-11
900000000000688,1001,SH01,30301,2026-05-09,2026-06-10
900000000000689,1005,SH01,60652,2026-09-21,2026-08-16
900000000000690,1005,SH03,10001,2026-06-10,2026-10-31
900000000000691,1005,SH01,98101,2026-09-28,2026-09-21
900000000000692,1005,SH03,10001,2026-11-23,2026-10-02
900000000000693,1001,SH02,80201,2026-05-07,2026-06-27
900000000000694,1001,SH01,30301,2026-10-21,2026-11-05
900000000000695,1005,SH03,75201,2026-06-10,2026-08-16
900000000000696,1007,SH02,30301,2026-09-28,2026-10-11
900000000000697,1001,SH03,75201,2026-05-09,2026-05-07
900000000000698,1008,SH02,10001,2026-09-29,2026-06-27
900000000000699,1007,SH03,33101,2026-06-10,2026-06-26
900000000000700,1001,SH02,90210,2026-09-21,2026-10-14
900000000000701,1002,SH03,80201,2026-11-24,2026-10-26
900000000000702,1010,SH03,14201,2026-07-11,2026-10-27
900000000000703,1003,SH01,14201,2026-05-08,2026-10-26
900000000000704,1007,SH02,60601,2026-07-02,2026-10-31
900000000000705,1003,SH03,14201,2026-07-10,2026-06-09
900000000000706,1010,SH01,33101,2026-08-17,2026-07-11
900000000000707,1007,SH01,60652,2026-06-26,2026-10-21
900000000000708,1001,SH01,60601,2026-05-02,2026-05-02
900000000000709,1001,SH02,80201,2026-06-29,2026-10-14
900000000000710,1010,SH01,80201,2026-05-07,2026-05-07
900000000000711,1005,SH01,98101,2026-09-21,2026-06-29
900000000000712,1008,SH01,75201,2026-10-31,2026-11-23
900000000000713,1004,SH02,60601,2026-11-11,2026-10-14
900000000000714,1006,SH02,10001,2026-05-09,2026-08-16
900000000000715,1004,SH03,60601,2026-09-29,2026-11-23
900000000000716,1004,SH01,10001,2026-08-16,2026-06-09
900000000000717,1010,SH02,90210,2026-05-07,2026-10-21
900000000000718,1005,SH03,60652,2026-11-11,2026-11-23
900000000000719,1003,SH02,33101,2026-05-07,2026-05-08
900000000000720,1010,SH03,98101,2026-10-11,2026-05-09
900000000000721,1006,SH03,30301,2026-07-02,2026-06-26
900000000000722,1007,SH02,33101,2026-10-27,2026-11-05
900000000000723,1010,SH03,30301,2026-06-09,2026-06-26
900000000000724,1004,SH03,75201,2026-07-27,2026-05-07
900000000000725,1008,SH02,90210,2026-11-05,2026-06-26
900000000000726,1001,SH02,75201,2026-10-27,2026-11-05
900000000000727,1003,SH02,75201,2026-11-11,2026-10-27
900000000000728,1010,SH01,14201,2026-05-09,2026-05-24
900000000000729,1001,SH01,60652,2026-09-29,2026-10-27
900000000000730,1005,SH02,75201,2026-10-02,2026-08-17
900000000000731,1001,SH02,98101,2026-10-26,2026-09-28
900000000000732,1005,SH02,98101,2026-10-31,2026-10-21
900000000000733,1010,SH01,60601,2026-05-02,2026-07-02
900000000000734,1002,SH03,90210,2026-07-11,2026-10-21
900000000000735,1001,SH02,10001,2026-06-29,2026-10-21
900000000000736,1010,SH03,75201,2026-10-02,2026-10-21
900000000000737,1007,SH03,80201,2026-05-02,2026-08-16
900000000000738,1002,SH01,30301,2026-06-29,2026-10-11
900000000000739,1006,SH02,98101,2026-06-26,2026-06-29
900000000000740,1005,SH02,98101,2026-10-11,2026-05-02
900000000000741,1007,SH03,10001,2026-09-29,2026-10-21
900000000000742,1003,SH03,80201,2026-10-26,2026-10-11
900000000000743,1002,SH02,10001,2026-10-27,2026-09-29
900000000000744,1003,SH03,60652,2026-08-17,2026-11-11
900000000000745,1009,SH02,98101,2026-06-29,2026-07-11
900000000000746,1001,SH01,33101,2026-07-11,2026-07-11
900000000000747,1002,SH02,30301,2026-05-09,2026-07-11
900000000000748,1005,SH03,80201,2026-10-11,2026-07-11
900000000000749,1001,SH02,98101,2026-09-28,2026-05-02
900000000000750,1004,SH03,75201,2026-05-08,2026-06-26
900000000000751,1008,SH02,33101,2026-07-27,2026-05-24
900000000000752,1001,SH03,14201,2026-05-09,2026-07-02
900000000000753,1009,SH02,60601,2026-09-28,2026-11-23
900000000000754,1006,SH02,33101,2026-09-21,2026-05-09
900000000000755,1010,SH02,98101,2026-06-09,2026-07-10
900000000000756,1010,SH03,30301,2026-07-11,2026-06-26
900000000000757,1008,SH03,75201,2026-11-05,2026-05-07
900000000000758,1010,SH02,60652,2026-11-24,2026-10-14
900000000000759,1006,SH01,10001,2026-05-02,2026-05-08
900000000000760,1009,SH03,60652,2026-10-14,2026-08-17
900000000000761,1001,SH02,14201,2026-11-24,2026-05-24
900000000000762,1006,SH02,33101,2026-10-21,2026-07-27
900000000000763,1005,SH01,80201,2026-09-28,2026-10-02
900000000000764,1003,SH01,60652,2026-07-11,2026-06-10
900000000000765,1007,SH02,33101,2026-10-21,2026-10-02
900000000000766,1002,SH03,80201,2026-11-23,2026-06-09
900000000000767,1010,SH02,90210,2026-08-17,2026-08-16
900000000000768,1010,SH03,80201,2026-05-02,2026-10-14
900000000000769,1004,SH03,30301,2026-07-10,2026-07-02
900000000000770,1010,SH03,75201,2026-11-23,2026-05-07
900000000000771,1004,SH02,75201,2026-11-05,2026-11-23
900000000000772,1005,SH02,60601,2026-11-11,2026-10-11
900000000000773,1009,SH02,80201,2026-06-27,2026-07-11
900000000000774,1004,SH01,90210,2026-11-05,2026-10-14
900000000000775,1005,SH01,60601,2026-07-10,2026-05-02
900000000000776,1005,SH02,75201,2026-06-26,2026-05-09
900000000000777,1002,SH02,80201,2026-11-23,2026-05-09
900000000000778,1009,SH01,60652,2026-09-29,2026-10-14
900000000000779,1002,SH02,98101,2026-09-21,2026-06-10
900000000000780,1004,SH02,10001,2026-06-27,2026-06-27
900000000000781,1004,SH03,60601,2026-09-21,2026-07-10
900000000000782,1009,SH02,30301,2026-10-02,2026-10-14
900000000000783,1009,SH03,33101,2026-06-27,2026-10-11
900000000000784,1005,SH02,75201,2026-10-14,2026-05-02
900000000000785,1001,SH01,14201,2026-06-27,2026-10-31
900000000000786,1006,SH01,60652,2026-11-23,2026-11-23
900000000000787,1008,SH02,30301,2026-10-27,2026-05-24
900000000000788,1008,SH01,60652,2026-07-02,2026-07-02
900000000000789,1005,SH02,98101,2026-08-16,2026-10-02
900000000000790,1002,SH02,98101,2026-11-05,2026-07-02
900000000000791,1008,SH01,33101,2026-06-09,2026-05-08
900000000000792,1006,SH02,33101,2026-11-11,2026-10-02
900000000000793,1006,SH03,33101,2026-07-27,2026-11-24
900000000000794,1006,SH03,14201,2026-09-29,2026-10-14
900000000000795,1004,SH01,98101,2026-09-28,2026-06-09
900000000000796,1004,SH01,30301,2026-08-17,2026-10-31
900000000000797,1004,SH02,80201,2026-10-02,2026-05-07
900000000000798,1008,SH03,30301,2026-07-02,2026-05-07
900000000000799,1002,SH02,75201,2026-11-23,2026-10-27
900000000000800,1009,SH01,33101,2026-11-24,2026-09-21
900000000000801,1008,SH02,30301,2026-07-02,2026-06-26
900000000000802,1009,SH02,30301,2026-09-21,2026-10-21
900000000000803,1002,SH02,30301,2026-06-27,2026-06-10
900000000000804,1006,SH01,60652,2026-05-07,2026-06-27
900000000000805,1004,SH03,98101,2026-09-28,2026-10-27
900000000000806,1001,SH01,80201,2026-07-10,2026-09-29
900000000000807,1001,SH02,10001,2026-07-02,2026-05-07
900000000000808,1005,SH02,60652,2026-06-26,2026-11-24
900000000000809,1004,SH01,60652,2026-05-07,2026-11-05
900000000000810,1010,SH02,10001,2026-05-24,2026-07-02
900000000000811,1009,SH02,10001,2026-10-26,2026-05-24
900000000000812,1007,SH03,30301,2026-10-31,2026-10-26
900000000000813,1002,SH02,33101,2026-10-02,2026-05-07
900000000000814,1010,SH03,10001,2026-11-05,2026-11-05
900000000000815,1001,SH02,33101,2026-05-24,2026-05-02
900000000000816,1002,SH03,60601,2026-06-29,2026-09-21
900000000000817,1003,SH03,33101,2026-05-02,2026-06-09
900000000000818,1002,SH02,90210,2026-09-28,2026-07-02
900000000000819,1009,SH03,14201,2026-06-09,2026-11-23
900000000000820,1001,SH01,80201,2026-11-23,2026-05-08
900000000000821,1009,SH02,14201,2026-10-11,2026-09-21
900000000000822,1004,SH03,60601,2026-05-08,2026-08-16
900000000000823,1009,SH02,60601,2026-07-11,2026-09-21
900000000000824,1003,SH01,60601,2026-09-21,2026-10-27
900000000000825,1001,SH01,60601,2026-10-11,2026-07-10
900000000000826,1001,SH03,14201,2026-08-16,2026-05-24
900000000000827,1010,SH02,80201,2026-10-14,2026-10-26
900000000000828,1003,SH02,60652,2026-10-21,2026-07-11
900000000000829,1004,SH02,60601,2026-06-10,2026-10-27
900000000000830,1001,SH02,60601,2026-10-31,2026-06-29
900000000000831,1010,SH02,60652,2026-05-08,2026-05-08
900000000000832,1007,SH01,60652,2026-10-21,2026-07-02
900000000000833,1007,SH03,75201,2026-05-07,2026-10-14
900000000000834,1008,SH01,75201,2026-10-26,2026-10-27
900000000000835,1005,SH02,90210,2026-05-08,2026-11-23
900000000000836,1001,SH02,98101,2026-05-24,2026-06-09
900000000000837,1010,SH02,80201,2026-07-02,2026-11-24
900000000000838,1003,SH01,30301,2026-08-16,2026-06-27
900000000000839,1005,SH01,75201,2026-10-31,2026-11-23
900000000000840,1004,SH03,75201,2026-08-16,2026-08-17
900000000000841,1008,SH02,98101,2026-08-17,2026-10-11
900000000000842,1001,SH01,10001,2026-11-23,2026-10-31
900000000000843,1008,SH02,60601,2026-10-21,2026-11-11
900000000000844,1006,SH01,60601,2026-11-05,2026-10-27
900000000000845,1006,SH03,90210,2026-07-27,2026-05-07
900000000000846,1004,SH02,14201,2026-11-23,2026-09-28
900000000000847,1001,SH02,60652,2026-10-02,2026-07-27
900000000000848,1005,SH02,14201,2026-06-26,2026-07-27
900000000000849,1009,SH03,10001,2026-06-10,2026-11-23
900000000000850,1002,SH02,10001,2026-05-09,2026-06-26
900000000000851,1008,SH01,80201,2026-09-28,2026-10-02
900000000000852,1007,SH03,90210,2026-06-10,2026-11-05
900000000000853,1001,SH02,60652,2026-06-26,2026-07-27
900000000000854,1004,SH02,60652,2026-10-26,2026-10-27
900000000000855,1007,SH01,90210,2026-07-11,2026-07-02
900000000000856,1007,SH01,80201,2026-09-21,2026-07-02
900000000000857,1002,SH01,98101,2026-10-21,2026-10-02
900000000000858,1010,SH03,98101,2026-05-24,2026-05-08
900000000000859,1003,SH03,10001,2026-10-14,2026-08-17
900000000000860,1009,SH02,75201,2026-10-31,2026-06-10
900000000000861,1008,SH02,90210,2026-10-11,2026-10-31
900000000000862,1002,SH03,14201,2026-05-24,2026-10-27
900000000000863,1002,SH01,14201,2026-08-16,2026-10-11
900000000000864,1007,SH02,60652,2026-09-21,2026-07-02
900000000000865,1004,SH01,60652,2026-05-09,2026-05-02
900000000000866,1003,SH03,90210,2026-05-07,2026-05-09
900000000000867,1001,SH02,33101,2026-08-17,2026-10-11
900000000000868,1009,SH01,75201,2026-06-29,2026-08-17
900000000000869,1002,SH03,10001,2026-09-29,2026-07-27
900000000000870,1009,SH02,75201,2026-07-27,2026-05-09
900000000000871,1002,SH01,60652,2026-06-26,2026-10-02
900000000000872,1004,SH03,98101,2026-10-02,2026-06-09
900000000000873,1007,SH03,98101,2026-06-26,2026-10-11
900000000000874,1008,SH02,90210,2026-09-28,2026-11-23
900000000000875,1003,SH03,14201,2026-10-02,2026-06-26
900000000000876,1009,SH02,60652,2026-10-11,2026-11-23
900000000000877,1002,SH03,10001,2026-07-11,2026-10-27
900000000000878,1003,SH02,60601,2026-09-29,2026-07-02
900000000000879,1006,SH02,33101,2026-10-21,2026-09-21
900000000000880,1009,SH03,75201,2026-07-02,2026-05-09
900000000000881,1009,SH02,60652,2026-06-27,2026-10-14
900000000000882,1010,SH03,80201,2026-06-27,2026-07-10
900000000000883,1005,SH01,60652,2026-11-05,2026-10-02
900000000000884,1008,SH01,90210,2026-10-02,2026-07-11
900000000000885,1009,SH01,60652,2026-05-09,2026-09-28
900000000000886,1001,SH02,60601,2026-06-27,2026-07-02
900000000000887,1002,SH02,10001,2026-10-02,2026-05-08
900000000000888,1001,SH01,60652,2026-07-27,2026-09-29
900000000000889,1005,SH01,10001,2026-06-09,2026-11-05
900000000000890,1003,SH01,90210,2026-06-29,2026-11-23
900000000000891,1007,SH02,30301,2026-09-21,2026-09-29
900000000000892,1006,SH03,60652,2026-06-27,2026-05-02
900000000000893,1003,SH02,60652,2026-07-27,2026-06-10
900000000000894,1009,SH02,90210,2026-08-17,2026-10-02
900000000000895,1005,SH01,80201,2026-09-21,2026-10-21
900000000000896,1010,SH03,60652,2026-08-17,2026-10-27
900000000000897,1009,SH01,60652,2026-06-29,2026-06-10
900000000000898,1004,SH01,75201,2026-06-27,2026-06-09
900000000000899,1006,SH02,60652,2026-09-21,2026-09-29
900000000000900,1007,SH01,14201,2026-06-27,2026-10-02
900000000000901,1001,SH01,90210,2026-10-14,2026-06-29
900000000000902,1010,SH01,60652,2026-07-27,2026-11-23
900000000000903,1006,SH02,10001,2026-11-23,2026-11-24
900000000000904,1010,SH02,80201,2026-11-11,2026-11-11
900000000000905,1010,SH03,33101,2026-11-23,2026-07-02
900000000000906,1001,SH03,60652,2026-06-09,2026-07-11
900000000000907,1007,SH03,10001,2026-05-24,2026-11-23
900000000000908,1004,SH03,10001,2026-09-28,2026-07-11
900000000000909,1004,SH03,60601,2026-07-10,2026-11-05
900000000000910,1006,SH01,98101,2026-07-10,2026-10-31
900000000000911,1009,SH03,98101,2026-11-23,2026-05-02
900000000000912,1007,SH03,33101,2026-11-23,2026-07-11
900000000000913,1008,SH02,30301,2026-07-11,2026-06-26
900000000000914,1001,SH02,60601,2026-05-08,2026-10-11
900000000000915,1009,SH03,75201,2026-07-10,2026-09-21
900000000000916,1010,SH01,14201,2026-06-29,2026-05-02
900000000000917,1007,SH02,30301,2026-06-27,2026-06-27
900000000000918,1001,SH01,80201,2026-11-05,2026-11-05
900000000000919,1004,SH02,60601,2026-11-11,2026-05-09
900000000000920,1009,SH01,90210,2026-11-23,2026-10-11
900000000000921,1009,SH03,75201,2026-05-02,2026-05-07
900000000000922,1002,SH03,98101,2026-10-02,2026-10-14
900000000000923,1004,SH02,98101,2026-11-05,2026-05-09
900000000000924,1004,SH01,10001,2026-07-27,2026-06-27
900000000000925,1008,SH01,90210,2026-08-16,2026-05-08
900000000000926,1010,SH03,60601,2026-08-17,2026-08-17
900000000000927,1008,SH02,14201,2026-08-17,2026-05-09
900000000000928,1005,SH01,10001,2026-09-29,2026-06-10
900000000000929,1010,SH02,90210,2026-05-08,2026-07-11
900000000000930,1002,SH03,90210,2026-10-02,2026-10-14
900000000000931,1006,SH03,60601,2026-10-11,2026-10-26
900000000000932,1002,SH03,14201,2026-09-29,2026-10-26
900000000000933,1001,SH03,90210,2026-09-28,2026-09-29
900000000000934,1002,SH01,60652,2026-10-31,2026-10-14
900000000000935,1004,SH03,80201,2026-11-23,2026-05-09
900000000000936,1002,SH02,75201,2026-10-11,2026-08-17
900000000000937,1005,SH02,80201,2026-05-09,2026-10-02
900000000000938,1001,SH02,60652,2026-11-05,2026-10-11
900000000000939,1006,SH02,33101,2026-11-11,2026-07-10
900000000000940,1010,SH02,90210,2026-10-11,2026-10-11
900000000000941,1003,SH02,60601,2026-09-28,2026-11-11
900000000000942,1003,SH02,98101,2026-10-02,2026-08-16
900000000000943,1003,SH01,80201,2026-11-05,2026-10-21
900000000000944,1006,SH03,90210,2026-06-10,2026-08-17
900000000000945,1010,SH01,98101,2026-07-27,2026-05-02
900000000000946,1008,SH03,60652,2026-10-02,2026-05-02
900000000000947,1005,SH02,10001,2026-05-09,2026-08-16
900000000000948,1005,SH03,60652,2026-10-31,2026-08-16
900000000000949,1006,SH02,60601,2026-11-24,2026-10-02
900000000000950,1010,SH03,75201,2026-08-16,2026-06-09
900000000000951,1004,SH03,14201,2026-05-07,2026-10-11
900000000000952,1007,SH03,14201,2026-10-11,2026-10-26
900000000000953,1008,SH02,90210,2026-06-26,2026-07-10
900000000000954,1004,SH01,98101,2026-07-27,2026-10-11
900000000000955,1007,SH01,14201,2026-06-29,2026-10-14
900000000000956,1001,SH02,14201,2026-05-08,2026-10-21
900000000000957,1004,SH02,30301,2026-05-02,2026-05-07
900000000000958,1009,SH03,80201,2026-11-05,2026-06-29
900000000000959,1003,SH01,10001,2026-11-24,2026-11-23
900000000000960,1008,SH03,14201,2026-05-08,2026-10-21
900000000000961,1010,SH01,14201,2026-05-02,2026-11-11
900000000000962,1004,SH01,60652,2026-06-29,2026-10-14
900000000000963,1006,SH02,60601,2026-05-09,2026-10-26
900000000000964,1005,SH02,60601,2026-06-10,2026-07-02
900000000000965,1002,SH03,10001,2026-06-29,2026-10-31
900000000000966,1008,SH01,33101,2026-11-24,2026-06-09
900000000000967,1009,SH03,14201,2026-11-24,2026-06-09
900000000000968,1004,SH03,60601,2026-09-29,2026-06-09
900000000000969,1004,SH02,14201,2026-11-23,2026-11-05
900000000000970,1005,SH03,60652,2026-05-24,2026-10-26
900000000000971,1001,SH01,60601,2026-05-24,2026-05-09
900000000000972,1007,SH03,60601,2026-05-09,2026-09-29
900000000000973,1008,SH02,30301,2026-11-05,2026-10-26
900000000000974,1005,SH01,33101,2026-05-08,2026-07-27
900000000000975,1008,SH02,30301,2026-07-02,2026-10-31
900000000000976,1007,SH03,90210,2026-11-24,2026-05-02
900000000000977,1005,SH01,98101,2026-06-10,2026-05-09
900000000000978,1002,SH01,80201,2026-09-21,2026-05-24
900000000000979,1009,SH03,75201,2026-08-16,2026-10-31
900000000000980,1006,SH03,14201,2026-11-11,2026-09-29
900000000000981,1001,SH02,14201,2026-10-26,2026-10-02
900000000000982,1006,SH02,80201,2026-05-09,2026-11-23
900000000000983,1010,SH01,80201,2026-11-05,2026-10-11
900000000000984,1006,SH02,10001,2026-10-21,2026-11-05
900000000000985,1001,SH01,98101,2026-06-27,2026-09-29
900000000000986,1002,SH02,98101,2026-10-02,2026-10-27
900000000000987,1004,SH03,60652,2026-11-11,2026-05-08
900000000000988,1010,SH03,30301,2026-06-10,2026-06-26
900000000000989,1002,SH03,33101,2026-06-26,2026-06-27
900000000000990,1007,SH01,60601,2026-06-09,2026-10-02
900000000000991,1005,SH02,98101,2026-10-21,2026-05-08
900000000000992,1001,SH01,90210,2026-10-21,2026-10-27
900000000000993,1009,SH03,80201,2026-10-11,2026-07-27
900000000000994,1005,SH01,60652,2026-10-14,2026-09-21
900000000000995,1005,SH01,30301,2026-05-08,2026-11-11
900000000000996,1009,SH02,60601,2026-10-27,2026-11-23
900000000000997,1008,SH03,30301,2026-07-27,2026-07-02
900000000000998,1003,SH01,14201,2026-09-28,2026-11-24
900000000000999,1009,SH03,75201,2026-05-09,2026-07-11
900000000001000,1009,SH03,30301,2026-05-02,2026-10-31
900000000001001,1003,SH01,30301,2026-08-17,2026-05-02
900000000001002,1005,SH02,60652,2026-10-26,2026-11-11
900000000001003,1005,SH03,60652,2026-09-29,2026-09-21
900000000001004,1010,SH03,14201,2026-11-24,2026-07-11
900000000001005,1006,SH03,80201,2026-09-28,2026-06-27
900000000001006,1009,SH03,10001,2026-05-08,2026-10-26
900000000001007,1010,SH01,98101,2026-09-28,2026-10-27
900000000001008,1004,SH02,60601,2026-11-23,2026-06-10
900000000001009,1005,SH02,33101,2026-07-27,2026-06-27
900000000001010,1003,SH03,75201,2026-05-07,2026-08-17
900000000001011,1006,SH03,60601,2026-11-05,2026-11-11
900000000001012,1010,SH01,10001,2026-10-11,2026-06-26
900000000001013,1010,SH02,14201,2026-08-16,2026-09-21
900000000001014,1007,SH03,60652,2026-05-07,2026-08-16
900000000001015,1007,SH03,33101,2026-07-11,2026-06-27
900000000001016,1005,SH03,10001,2026-06-09,2026-11-05
900000000001017,1002,SH01,75201,2026-07-27,2026-10-27
900000000001018,1005,SH01,75201,2026-10-27,2026-07-11
900000000001019,1004,SH03,14201,2026-10-31,2026-11-11
900000000001020,1006,SH02,60652,2026-10-31,2026-11-05
900000000001021,1001,SH03,60652,2026-06-29,2026-06-26
900000000001022,1002,SH03,10001,2026-07-11,2026-05-24
900000000001023,1009,SH03,60652,2026-05-24,2026-06-10
900000000001024,1005,SH02,98101,2026-05-24,2026-10-31
900000000001025,1006,SH02,90210,2026-06-26,2026-10-21
900000000001026,1004,SH03,10001,2026-05-09,2026-09-29
900000000001027,1001,SH01,80201,2026-06-29,2026-05-07
900000000001028,1008,SH03,75201,2026-11-05,2026-11-24
900000000001029,1001,SH03,33101,2026-07-02,2026-11-24
900000000001030,1004,SH02,14201,2026-07-11,2026-10-14
900000000001031,1008,SH01,14201,2026-11-24,2026-08-16
900000000001032,1003,SH01,60601,2026-05-08,2026-09-28
900000000001033,1001,SH03,10001,2026-06-27,2026-05-08
900000000001034,1010,SH02,60652,2026-05-24,2026-07-11
900000000001035,1006,SH03,30301,2026-11-24,2026-05-09
900000000001036,1008,SH01,80201,2026-10-14,2026-09-21
900000000001037,1002,SH03,75201,2026-07-10,2026-05-07
900000000001038,1006,SH03,10001,2026-09-28,2026-10-27
900000000001039,1005,SH02,30301,2026-06-27,2026-07-02
900000000001040,1001,SH02,33101,2026-05-07,2026-10-21
900000000001041,1010,SH01,60652,2026-08-16,2026-05-24
900000000001042,1008,SH03,33101,2026-10-27,2026-11-24
900000000001043,1004,SH02,60652,2026-07-02,2026-07-10
900000000001044,1007,SH02,33101,2026-11-23,2026-06-09
900000000001045,1008,SH02,30301,2026-11-23,2026-10-31
900000000001046,1001,SH02,10001,2026-05-02,2026-08-16
900000000001047,1009,SH01,30301,2026-05-02,2026-11-11
900000000001048,1006,SH03,33101,2026-05-02,2026-05-07
900000000001049,1002,SH03,98101,2026-05-07,2026-11-24
900000000001050,1007,SH02,30301,2026-11-24,2026-06-10
900000000001051,1007,SH02,33101,2026-11-23,2026-05-24
900000000001052,1004,SH03,33101,2026-10-21,2026-11-23
900000000001053,1002,SH03,60601,2026-06-29,2026-05-24
900000000001054,1006,SH02,90210,2026-07-11,2026-05-02
900000000001055,1003,SH02,60652,2026-10-27,2026-09-28
900000000001056,1005,SH01,60652,2026-06-10,2026-09-28
900000000001057,1001,SH02,10001,2026-05-07,2026-05-02
900000000001058,1004,SH01,14201,2026-10-02,2026-07-27
900000000001059,1005,SH03,60601,2026-05-09,2026-07-11
900000000001060,1010,SH03,14201,2026-10-02,2026-11-24
900000000001061,1001,SH02,90210,2026-07-10,2026-10-11
900000000001062,1007,SH03,10001,2026-05-24,2026-05-07
900000000001063,1003,SH02,30301,2026-07-11,2026-08-17
900000000001064,1001,SH03,30301,2026-09-29,2026-05-07
900000000001065,1004,SH03,80201,2026-11-24,2026-10-21
900000000001066,1009,SH02,60652,2026-10-14,2026-07-10
900000000001067,1007,SH03,98101,2026-08-16,2026-11-11
900000000001068,1001,SH02,98101,2026-08-16,2026-10-02
900000000001069,1007,SH01,80201,2026-06-27,2026-08-17
900000000001070,1001,SH03,30301,2026-07-10,2026-06-27
900000000001071,1009,SH02,14201,2026-05-02,2026-10-14
900000000001072,1001,SH02,90210,2026-06-09,2026-10-02
900000000001073,1010,SH02,10001,2026-06-10,2026-07-27
900000000001074,1001,SH01,14201,2026-06-27,2026-05-08
900000000001075,1003,SH03,60601,2026-11-05,2026-08-17
900000000001076,1001,SH01,33101,2026-10-27,2026-06-09
900000000001077,1001,SH01,33101,2026-06-09,2026-08-16
900000000001078,1007,SH02,75201,2026-10-31,2026-06-26
900000000001079,1002,SH01,30301,2026-07-11,2026-05-09
900000000001080,1003,SH01,98101,2026-11-23,2026-06-26
900000000001081,1010,SH02,30301,2026-10-21,2026-05-08
900000000001082,1002,SH01,98101,2026-07-27,2026-10-02
900000000001083,1003,SH03,14201,2026-09-29,2026-07-10
900000000001084,1002,SH01,75201,2026-07-02,2026-06-29
900000000001085,1004,SH02,90210,2026-08-17,2026-06-09
900000000001086,1008,SH03,75201,2026-07-02,2026-05-24
900000000001087,1007,SH03,10001,2026-09-29,2026-06-27
900000000001088,1003,SH03,33101,2026-10-14,2026-05-09
900000000001089,1001,SH03,80201,2026-09-28,2026-06-09
900000000001090,1007,SH02,75201,2026-07-27,2026-06-29
900000000001091,1004,SH01,14201,2026-11-05,2026-05-24
900000000001092,1008,SH01,14201,2026-09-21,2026-07-11
900000000001093,1004,SH03,30301,2026-10-21,2026-11-11
900000000001094,1007,SH02,80201,2026-10-31,2026-06-09
900000000001095,1008,SH03,98101,2026-05-02,2026-11-11
900000000001096,1003,SH03,30301,2026-07-27,2026-05-24
900000000001097,1001,SH03,33101,2026-06-26,2026-08-17
900000000001098,1008,SH03,60652,2026-10-14,2026-06-09
900000000001099,1001,SH03,90210,2026-10-14,2026-06-10
900000000001100,1009,SH02,75201,2026-07-27,2026-06-09
900000000001101,1004,SH03,10001,2026-09-28,2026-06-26
900000000001102,1002,SH03,10001,2026-06-29,2026-06-27
900000000001103,1006,SH03,33101,2026-05-02,2026-10-11
900000000001104,1006,SH03,60601,2026-06-10,2026-10-14
900000000001105,1003,SH02,30301,2026-05-07,2026-10-02
900000000001106,1007,SH01,80201,2026-06-09,2026-06-09
900000000001107,1001,SH01,60601,2026-05-07,2026-06-09
900000000001108,1005,SH03,98101,2026-09-29,2026-07-11
900000000001109,1007,SH02,14201,2026-11-23,2026-09-29
900000000001110,1005,SH02,75201,2026-11-24,2026-09-21
900000000001111,1006,SH02,80201,2026-07-02,2026-11-11
900000000001112,1008,SH01,60652,2026-10-27,2026-05-09
900000000001113,1008,SH01,60652,2026-10-26,2026-09-28
900000000001114,1010,SH03,80201,2026-11-05,2026-07-27
900000000001115,1007,SH03,75201,2026-06-29,2026-11-24
900000000001116,1003,SH02,60601,2026-05-09,2026-07-02
900000000001117,1002,SH01,98101,2026-09-21,2026-10-11
900000000001118,1008,SH01,30301,2026-07-10,2026-06-29
900000000001119,1009,SH03,33101,2026-07-27,2026-10-31
900000000001120,1003,SH01,33101,2026-07-02,2026-11-11
900000000001121,1010,SH01,30301,2026-06-26,2026-05-24
900000000001122,1006,SH01,80201,2026-07-11,2026-10-11
900000000001123,1010,SH01,30301,2026-11-11,2026-05-07
900000000001124,1008,SH03,33101,2026-09-29,2026-08-17
900000000001125,1007,SH03,75201,2026-11-11,2026-10-27
900000000001126,1001,SH01,30301,2026-09-21,2026-08-16
900000000001127,1005,SH02,98101,2026-05-07,2026-06-27
900000000001128,1002,SH01,80201,2026-05-08,2026-08-17
900000000001129,1001,SH01,60601,2026-10-02,2026-08-16
900000000001130,1001,SH02,30301,2026-10-02,2026-06-27
900000000001131,1006,SH03,60652,2026-10-11,2026-10-14
900000000001132,1004,SH03,75201,2026-09-21,2026-08-16
900000000001133,1008,SH01,30301,2026-06-10,2026-07-11
900000000001134,1009,SH03,60652,2026-05-24,2026-09-29
900000000001135,1005,SH03,33101,2026-06-10,2026-05-08
900000000001136,1009,SH02,90210,2026-09-21,2026-11-05
900000000001137,1001,SH02,10001,2026-09-29,2026-11-23
900000000001138,1010,SH02,14201,2026-06-09,2026-06-26
900000000001139,1003,SH01,90210,2026-06-27,2026-10-26
900000000001140,1008,SH02,98101,2026-07-11,2026-10-31
900000000001141,1004,SH01,14201,2026-11-23,2026-10-11
900000000001142,1002,SH02,60652,2026-07-02,2026-06-09
900000000001143,1010,SH03,75201,2026-11-23,2026-06-10
900000000001144,1006,SH01,60601,2026-10-27,2026-10-31
900000000001145,1009,SH03,14201,2026-10-31,2026-09-21
900000000001146,1009,SH03,30301,2026-07-11,2026-10-11
900000000001147,1008,SH01,30301,2026-10-02,2026-07-11
900000000001148,1006,SH01,60652,2026-05-24,2026-11-05
900000000001149,1009,SH02,30301,2026-10-27,2026-05-07
900000000001150,1006,SH02,90210,2026-10-21,2026-05-08
900000000001151,1008,SH02,60601,2026-10-26,2026-07-27
900000000001152,1002,SH03,30301,2026-09-29,2026-05-08
900000000001153,1004,SH03,90210,2026-10-31,2026-07-27
900000000001154,1001,SH03,60652,2026-10-02,2026-07-11
900000000001155,1001,SH03,75201,2026-10-31,2026-08-16
900000000001156,1009,SH03,10001,2026-09-28,2026-09-28
900000000001157,1005,SH01,33101,2026-11-24,2026-10-26
900000000001158,1005,SH03,14201,2026-08-17,2026-07-02
900000000001159,1006,SH01,30301,2026-11-11,2026-06-27
900000000001160,1001,SH03,33101,2026-11-23,2026-08-16
900000000001161,1003,SH03,80201,2026-11-05,2026-10-02
900000000001162,1008,SH02,33101,2026-06-26,2026-06-27
900000000001163,1002,SH01,33101,2026-07-02,2026-11-05
900000000001164,1004,SH01,98101,2026-10-21,2026-07-10
900000000001165,1010,SH02,60652,2026-05-08,2026-05-08
900000000001166,1010,SH02,30301,2026-05-08,2026-11-11
900000000001167,1004,SH01,10001,2026-10-14,2026-10-11
900000000001168,1005,SH03,98101,2026-10-26,2026-07-02
900000000001169,1001,SH03,10001,2026-05-02,2026-05-09
900000000001170,1009,SH01,30301,2026-05-24,2026-11-24
900000000001171,1008,SH03,14201,2026-05-24,2026-07-27
900000000001172,1002,SH03,10001,2026-07-02,2026-10-31
900000000001173,1009,SH02,75201,2026-06-09,2026-06-29
900000000001174,1008,SH03,60652,2026-10-11,2026-09-29
900000000001175,1007,SH03,98101,2026-05-07,2026-10-31
900000000001176,1004,SH02,98101,2026-10-27,2026-11-23
900000000001177,1005,SH03,10001,2026-05-08,2026-05-07
900000000001178,1009,SH01,75201,2026-11-23,2026-05-02
900000000001179,1001,SH02,33101,2026-07-10,2026-09-28
900000000001180,1006,SH01,60652,2026-10-02,2026-10-31
900000000001181,1004,SH03,90210,2026-07-02,2026-06-10
900000000001182,1010,SH01,30301,2026-10-11,2026-05-08
900000000001183,1006,SH02,60652,2026-11-11,2026-11-05
900000000001184,1001,SH02,60601,2026-05-24,2026-10-11
900000000001185,1003,SH01,14201,2026-09-21,2026-07-27
900000000001186,1005,SH01,10001,2026-07-11,2026-05-08
900000000001187,1002,SH01,75201,2026-10-27,2026-05-09
900000000001188,1005,SH02,60652,2026-10-26,2026-06-09
900000000001189,1009,SH02,30301,2026-11-05,2026-09-28
900000000001190,1008,SH02,75201,2026-11-11,2026-06-27
900000000001191,1003,SH01,60601,2026-07-11,2026-10-31
900000000001192,1009,SH01,33101,2026-11-11,2026-05-24
900000000001193,1002,SH03,80201,2026-06-26,2026-09-29
900000000001194,1003,SH03,10001,2026-06-10,2026-08-16
900000000001195,1008,SH02,30301,2026-09-28,2026-06-10
900000000001196,1004,SH01,60601,2026-10-14,2026-11-24
900000000001197,1006,SH02,14201,2026-07-27,2026-05-02
900000000001198,1003,SH02,60601,2026-09-29,2026-07-11
900000000001199,1008,SH03,60601,2026-10-14,2026-06-09
900000000001200,1004,SH03,98101,2026-07-27,2026-10-11
900000000001201,1010,SH01,98101,2026-08-17,2026-06-27
900000000001202,1001,SH02,60652,2026-07-27,2026-11-11
900000000001203,1008,SH02,60601,2026-09-28,2026-08-17
900000000001204,1001,SH02,75201,2026-10-27,2026-09-21
900000000001205,1003,SH03,14201,2026-07-10,2026-10-02
900000000001206,1006,SH03,75201,2026-10-21,2026-06-10
900000000001207,1001,SH01,14201,2026-08-17,2026-07-10
900000000001208,1008,SH02,90210,2026-05-24,2026-06-26
900000000001209,1003,SH02,33101,2026-07-11,2026-06-10
900000000001210,1004,SH03,33101,2026-08-16,2026-09-28
900000000001211,1002,SH03,60601,2026-09-29,2026-09-28
900000000001212,1008,SH03,30301,2026-08-16,2026-06-10
900000000001213,1002,SH01,90210,2026-11-24,2026-10-27
900000000001214,1004,SH02,60601,2026-09-29,2026-05-08
900000000001215,1002,SH03,33101,2026-10-26,2026-06-27
900000000001216,1005,SH01,75201,2026-06-10,2026-06-27
900000000001217,1002,SH01,75201,2026-05-08,2026-06-27
900000000001218,1002,SH03,60652,2026-11-11,2026-06-09
900000000001219,1003,SH03,80201,2026-10-02,2026-05-24
900000000001220,1006,SH01,10001,2026-06-27,2026-07-11
900000000001221,1007,SH03,60652,2026-10-21,2026-10-02
900000000001222,1006,SH03,10001,2026-10-02,2026-11-23
900000000001223,1009,SH03,33101,2026-10-14,2026-06-09
900000000001224,1003,SH03,80201,2026-10-14,2026-06-29
900000000001225,1007,SH03,75201,2026-05-07,2026-09-21
900000000001226,1010,SH03,75201,2026-10-11,2026-07-11
900000000001227,1002,SH03,98101,2026-11-23,2026-09-21
900000000001228,1010,SH02,10001,2026-06-10,2026-08-17
900000000001229,1005,SH02,90210,2026-07-27,2026-09-29
900000000001230,1004,SH03,33101,2026-07-10,2026-09-21
900000000001231,1008,SH02,90210,2026-10-26,2026-07-27
900000000001232,1002,SH03,14201,2026-05-24,2026-10-27
900000000001233,1007,SH02,10001,2026-05-08,2026-06-09
900000000001234,1006,SH02,30301,2026-09-21,2026-07-02
900000000001235,1006,SH02,10001,2026-10-21,2026-11-11
900000000001236,1008,SH03,98101,2026-10-02,2026-05-08
900000000001237,1003,SH03,33101,2026-05-24,2026-09-28
900000000001238,1002,SH03,33101,2026-07-27,2026-08-16
900000000001239,1001,SH03,90210,2026-09-21,2026-05-08
900000000001240,1001,SH03,30301,2026-07-02,2026-09-29
900000000001241,1009,SH03,33101,2026-10-26,2026-09-29
900000000001242,1005,SH01,14201,2026-10-21,2026-11-23
900000000001243,1001,SH02,60601,2026-08-16,2026-10-27
900000000001244,1010,SH02,60601,2026-08-17,2026-11-05
900000000001245,1003,SH03,90210,2026-07-27,2026-07-02
900000000001246,1001,SH03,14201,2026-05-09,2026-06-10
900000000001247,1001,SH01,60652,2026-07-10,2026-06-09
900000000001248,1007,SH03,80201,2026-08-17,2026-06-29
900000000001249,1001,SH03,60652,2026-10-21,2026-07-02
900000000001250,1009,SH03,30301,2026-10-21,2026-09-28
900000000001251,1006,SH03,33101,2026-06-29,2026-06-26
900000000001252,1004,SH02,33101,2026-07-11,2026-09-21
900000000001253,1008,SH03,14201,2026-11-05,2026-10-21
900000000001254,1003,SH01,80201,2026-06-09,2026-11-11
900000000001255,1004,SH01,30301,2026-07-10,2026-05-07
900000000001256,1001,SH02,75201,2026-05-08,2026-09-29
900000000001257,1003,SH02,10001,2026-09-21,2026-05-24
900000000001258,1006,SH03,10001,2026-06-26,2026-09-21
900000000001259,1001,SH03,60652,2026-07-02,2026-05-07
900000000001260,1006,SH03,30301,2026-09-29,2026-05-02
900000000001261,1003,SH02,30301,2026-05-08,2026-09-21
900000000001262,1008,SH03,60601,2026-10-26,2026-11-24
900000000001263,1010,SH01,60652,2026-10-26,2026-10-02
900000000001264,1007,SH03,75201,2026-10-02,2026-07-02
900000000001265,1006,SH01,33101,2026-06-26,2026-10-31
900000000001266,1005,SH03,90210,2026-10-14,2026-07-02
900000000001267,1008,SH02,90210,2026-11-23,2026-06-26
900000000001268,1007,SH01,33101,2026-05-24,2026-06-27
900000000001269,1003,SH01,90210,2026-10-21,2026-10-11
900000000001270,1006,SH03,60652,2026-09-28,2026-09-28
900000000001271,1006,SH02,30301,2026-10-26,2026-11-24
900000000001272,1003,SH01,14201,2026-11-05,2026-11-11
900000000001273,1002,SH01,75201,2026-05-09,2026-07-27
900000000001274,1004,SH01,60601,2026-09-21,2026-05-02
900000000001275,1001,SH01,14201,2026-05-02,2026-10-14
900000000001276,1005,SH02,80201,2026-10-21,2026-05-02
900000000001277,1006,SH03,30301,2026-05-24,2026-06-26
900000000001278,1009,SH01,98101,2026-10-27,2026-05-08
900000000001279,1009,SH03,98101,2026-08-17,2026-10-27
900000000001280,1006,SH01,60652,2026-08-16,2026-10-11
900000000001281,1002,SH02,30301,2026-07-11,2026-06-29
900000000001282,1001,SH03,98101,2026-10-14,2026-05-07
900000000001283,1010,SH01,14201,2026-09-29,2026-10-21
900000000001284,1004,SH01,75201,2026-10-21,2026-06-10
900000000001285,1002,SH02,80201,2026-09-29,2026-06-26
900000000001286,1006,SH02,60601,2026-06-27,2026-05-07
900000000001287,1004,SH02,75201,2026-10-11,2026-11-23
900000000001288,1006,SH02,90210,2026-11-11,2026-06-29
900000000001289,1002,SH03,98101,2026-11-23,2026-11-05
900000000001290,1009,SH01,30301,2026-11-24,2026-06-09
900000000001291,1008,SH01,30301,2026-06-10,2026-06-29
900000000001292,1007,SH01,30301,2026-06-27,2026-09-21
900000000001293,1010,SH03,90210,2026-10-26,2026-09-28
900000000001294,1002,SH01,60652,2026-08-16,2026-05-07
900000000001295,1008,SH03,80201,2026-10-31,2026-09-28
900000000001296,1008,SH02,60652,2026-09-21,2026-07-10
900000000001297,1004,SH03,80201,2026-05-08,2026-10-31
900000000001298,1001,SH02,90210,2026-10-21,2026-11-05
900000000001299,1003,SH03,75201,2026-11-23,2026-07-27
900000000001300,1005,SH01,98101,2026-06-29,2026-09-21
900000000001301,1005,SH03,75201,2026-10-14,2026-06-09
900000000001302,1002,SH01,98101,2026-09-29,2026-08-16
900000000001303,1008,SH01,60601,2026-05-02,2026-10-14
900000000001304,1005,SH02,90210,2026-05-09,2026-07-11
900000000001305,1001,SH02,90210,2026-10-26,2026-06-10
900000000001306,1005,SH02,80201,2026-09-21,2026-11-11
900000000001307,1001,SH03,30301,2026-06-29,2026-07-27
900000000001308,1010,SH02,98101,2026-05-08,2026-10-26
900000000001309,1009,SH03,98101,2026-05-09,2026-10-31
900000000001310,1003,SH01,10001,2026-10-21,2026-11-23
900000000001311,1004,SH03,75201,2026-11-24,2026-11-11
900000000001312,1006,SH01,90210,2026-07-10,2026-05-08
900000000001313,1003,SH01,80201,2026-10-21,2026-06-10
900000000001314,1003,SH01,33101,2026-09-29,2026-05-09
900000000001315,1001,SH01,30301,2026-10-26,2026-07-02
900000000001316,1009,SH03,10001,2026-09-29,2026-05-09
900000000001317,1004,SH01,90210,2026-10-14,2026-06-26
900000000001318,1006,SH01,10001,2026-05-02,2026-10-31
900000000001319,1003,SH02,75201,2026-07-11,2026-06-29
900000000001320,1010,SH02,98101,2026-08-16,2026-11-24
900000000001321,1002,SH02,90210,2026-09-21,2026-11-11
900000000001322,1008,SH01,60601,2026-10-14,2026-11-24
900000000001323,1005,SH01,60601,2026-09-21,2026-11-05
900000000001324,1008,SH02,10001,2026-08-16,2026-06-29
900000000001325,1005,SH02,60601,2026-08-16,2026-11-24
900000000001326,1003,SH01,14201,2026-10-02,2026-10-14
900000000001327,1010,SH01,75201,2026-10-14,2026-05-02
900000000001328,1010,SH01,10001,2026-09-28,2026-05-08
900000000001329,1009,SH03,75201,2026-11-11,2026-06-09
900000000001330,1001,SH02,10001,2026-05-07,2026-10-27
900000000001331,1008,SH01,14201,2026-10-11,2026-10-11
900000000001332,1010,SH02,60652,2026-10-27,2026-05-02
900000000001333,1010,SH03,30301,2026-05-07,2026-05-09
900000000001334,1006,SH02,90210,2026-07-02,2026-06-29
900000000001335,1009,SH01,10001,2026-06-26,2026-08-16
900000000001336,1008,SH01,10001,2026-10-27,2026-10-02
900000000001337,1008,SH02,90210,2026-08-17,2026-10-31
900000000001338,1002,SH02,90210,2026-05-07,2026-11-11
900000000001339,1004,SH02,75201,2026-06-26,2026-06-10
900000000001340,1007,SH01,60652,2026-07-27,2026-06-26
900000000001341,1007,SH02,14201,2026-07-10,2026-10-02
900000000001342,1002,SH03,90210,2026-10-02,2026-07-02
900000000001343,1008,SH01,60652,2026-10-14,2026-05-02
900000000001344,1006,SH01,10001,2026-08-16,2026-10-11
900000000001345,1005,SH03,75201,2026-08-17,2026-06-26
900000000001346,1001,SH01,75201,2026-11-23,2026-06-10
900000000001347,1003,SH01,60652,2026-05-02,2026-11-11
900000000001348,1002,SH03,33101,2026-10-14,2026-07-11
900000000001349,1003,SH02,75201,2026-07-27,2026-11-23
900000000001350,1008,SH02,90210,2026-07-27,2026-09-29
900000000001351,1004,SH03,33101,2026-06-29,2026-06-29
900000000001352,1010,SH01,33101,2026-10-14,2026-11-24
900000000001353,1009,SH01,33101,2026-11-24,2026-11-23
900000000001354,1005,SH01,80201,2026-10-02,2026-09-29
900000000001355,1001,SH03,75201,2026-06-10,2026-05-08
900000000001356,1003,SH02,60601,2026-10-27,2026-06-27
900000000001357,1005,SH02,33101,2026-11-23,2026-05-02
900000000001358,1006,SH03,98101,2026-11-23,2026-09-29
900000000001359,1005,SH01,33101,2026-10-27,2026-09-21
900000000001360,1009,SH01,90210,2026-05-09,2026-11-11
900000000001361,1006,SH01,60652,2026-07-10,2026-05-07
900000000001362,1008,SH02,10001,2026-11-11,2026-08-17
900000000001363,1001,SH01,33101,2026-10-31,2026-10-11
900000000001364,1003,SH01,14201,2026-10-31,2026-07-11
900000000001365,1006,SH01,75201,2026-06-09,2026-07-02
900000000001366,1002,SH01,75201,2026-08-16,2026-10-27
900000000001367,1003,SH02,90210,2026-06-26,2026-06-29
900000000001368,1009,SH01,90210,2026-11-23,2026-05-02
900000000001369,1010,SH03,60601,2026-06-10,2026-05-08
900000000001370,1002,SH02,75201,2026-07-27,2026-06-27
900000000001371,1003,SH01,90210,2026-06-27,2026-10-31
900000000001372,1006,SH03,33101,2026-05-07,2026-06-27
900000000001373,1002,SH01,60652,2026-06-29,2026-10-26
900000000001374,1005,SH03,75201,2026-11-23,2026-06-26
900000000001375,1006,SH03,98101,2026-05-07,2026-10-11
900000000001376,1003,SH02,80201,2026-06-26,2026-10-26
900000000001377,1006,SH03,75201,2026-10-11,2026-11-11
900000000001378,1006,SH01,60652,2026-10-26,2026-10-11
900000000001379,1008,SH03,90210,2026-10-31,2026-10-02
900000000001380,1001,SH01,60601,2026-10-11,2026-10-21
900000000001381,1005,SH01,98101,2026-07-11,2026-06-26
900000000001382,1008,SH03,60601,2026-06-09,2026-10-27
900000000001383,1005,SH02,90210,2026-09-29,2026-09-29
900000000001384,1007,SH03,60652,2026-07-11,2026-10-21
900000000001385,1004,SH03,60652,2026-07-02,2026-05-09
900000000001386,1006,SH01,75201,2026-07-11,2026-07-11
900000000001387,1001,SH02,75201,2026-10-11,2026-05-09
900000000001388,1001,SH01,60652,2026-10-11,2026-09-28
900000000001389,1009,SH03,80201,2026-11-24,2026-07-10
900000000001390,1008,SH03,90210,2026-06-27,2026-05-08
900000000001391,1008,SH01,90210,2026-06-10,2026-10-14
900000000001392,1004,SH03,10001,2026-08-16,2026-07-11
900000000001393,1010,SH02,90210,2026-10-31,2026-11-24
900000000001394,1005,SH01,33101,2026-09-21,2026-09-21
900000000001395,1008,SH01,98101,2026-05-24,2026-11-11
900000000001396,1002,SH01,14201,2026-11-05,2026-07-11
900000000001397,1007,SH02,30301,2026-05-24,2026-10-21
900000000001398,1003,SH01,30301,2026-10-11,2026-06-26
900000000001399,1005,SH02,10001,2026-11-24,2026-08-17
900000000001400,1009,SH02,98101,2026-10-11,2026-07-27
900000000001401,1009,SH01,90210,2026-11-11,2026-06-09
900000000001402,1001,SH02,33101,2026-10-26,2026-10-27
900000000001403,1005,SH02,14201,2026-09-21,2026-07-10
900000000001404,1007,SH03,75201,2026-10-14,2026-07-11
900000000001405,1002,SH02,80201,2026-10-21,2026-06-09
900000000001406,1007,SH01,90210,2026-07-10,2026-05-07
900000000001407,1005,SH02,98101,2026-06-10,2026-07-10
900000000001408,1008,SH02,60652,2026-11-24,2026-05-08
900000000001409,1007,SH01,60601,2026-05-09,2026-07-10
900000000001410,1010,SH02,30301,2026-10-11,2026-07-10
900000000001411,1002,SH02,10001,2026-10-31,2026-07-10
900000000001412,1007,SH03,30301,2026-10-26,2026-07-27
900000000001413,1005,SH03,80201,2026-11-05,2026-10-14
900000000001414,1007,SH01,75201,2026-08-17,2026-11-24
900000000001415,1007,SH02,10001,2026-10-21,2026-10-31
900000000001416,1009,SH03,10001,2026-06-09,2026-07-10
900000000001417,1009,SH02,33101,2026-07-11,2026-09-29
900000000001418,1001,SH03,90210,2026-10-14,2026-09-29
900000000001419,1010,SH01,98101,2026-09-29,2026-10-31
900000000001420,1009,SH02,90210,2026-06-10,2026-10-31
900000000001421,1002,SH02,30301,2026-11-05,2026-10-21
900000000001422,1009,SH03,98101,2026-05-09,2026-09-29
900000000001423,1008,SH02,33101,2026-05-02,2026-06-09
900000000001424,1001,SH01,60601,2026-06-09,2026-10-02
900000000001425,1007,SH03,33101,2026-07-02,2026-10-31
900000000001426,1003,SH03,14201,2026-10-31,2026-05-02
900000000001427,1003,SH01,75201,2026-05-09,2026-09-21
900000000001428,1008,SH01,60601,2026-09-28,2026-08-16
900000000001429,1003,SH01,30301,2026-11-23,2026-07-02
900000000001430,1003,SH02,14201,2026-06-27,2026-09-21
900000000001431,1009,SH02,60601,2026-11-23,2026-07-11
900000000001432,1006,SH03,60601,2026-05-24,2026-11-05
900000000001433,1009,SH01,14201,2026-10-14,2026-08-17
900000000001434,1004,SH03,10001,2026-11-11,2026-06-26
900000000001435,1008,SH03,75201,2026-07-02,2026-11-23
900000000001436,1001,SH02,33101,2026-05-07,2026-07-11
900000000001437,1010,SH01,80201,2026-07-27,2026-11-05
900000000001438,1001,SH02,90210,2026-07-02,2026-06-29
900000000001439,1004,SH03,33101,2026-05-07,2026-09-29
900000000001440,1003,SH03,14201,2026-08-16,2026-11-11
900000000001441,1009,SH03,60601,2026-10-27,2026-06-27
900000000001442,1002,SH03,90210,2026-09-21,2026-06-09
900000000001443,1001,SH03,60601,2026-07-02,2026-10-11
900000000001444,1006,SH03,60601,2026-07-10,2026-05-02
900000000001445,1005,SH02,14201,2026-10-21,2026-05-08
900000000001446,1006,SH03,98101,2026-05-24,2026-10-02
900000000001447,1003,SH03,30301,2026-11-05,2026-11-05
900000000001448,1008,SH03,10001,2026-05-09,2026-10-27
900000000001449,1005,SH02,33101,2026-06-29,2026-05-24
900000000001450,1010,SH03,30301,2026-08-16,2026-06-27
900000000001451,1008,SH01,14201,2026-10-14,2026-05-02
900000000001452,1007,SH03,98101,2026-07-11,2026-06-26
900000000001453,1004,SH03,60652,2026-10-31,2026-06-10
900000000001454,1009,SH01,80201,2026-08-16,2026-10-11
900000000001455,1009,SH02,10001,2026-10-21,2026-05-24
900000000001456,1004,SH02,60601,2026-09-21,2026-07-10
900000000001457,1007,SH01,75201,2026-05-09,2026-10-21
900000000001458,1005,SH02,60601,2026-06-29,2026-11-23
900000000001459,1006,SH01,60601,2026-05-09,2026-07-02
900000000001460,1001,SH03,98101,2026-11-23,2026-06-29
900000000001461,1003,SH01,75201,2026-05-07,2026-06-10
900000000001462,1008,SH02,90210,2026-10-31,2026-10-02
900000000001463,1010,SH03,80201,2026-06-26,2026-05-24
900000000001464,1003,SH02,98101,2026-10-11,2026-09-29
900000000001465,1005,SH03,80201,2026-07-10,2026-11-24
900000000001466,1003,SH02,75201,2026-11-23,2026-06-27
900000000001467,1006,SH01,33101,2026-08-17,2026-10-14
900000000001468,1004,SH02,14201,2026-05-09,2026-11-24
900000000001469,1006,SH02,98101,2026-07-10,2026-10-26
900000000001470,1005,SH01,10001,2026-06-09,2026-10-11
900000000001471,1003,SH02,60652,2026-07-02,2026-05-09
900000000001472,1002,SH01,75201,2026-10-11,2026-11-05
900000000001473,1003,SH02,60601,2026-06-26,2026-06-27
900000000001474,1005,SH02,90210,2026-09-29,2026-05-07
900000000001475,1007,SH01,10001,2026-10-31,2026-10-31
900000000001476,1009,SH01,90210,2026-10-31,2026-05-07
900000000001477,1001,SH02,90210,2026-10-26,2026-05-24
900000000001478,1008,SH03,10001,2026-11-24,2026-11-05
900000000001479,1010,SH03,14201,2026-11-05,2026-05-24
900000000001480,1003,SH02,60652,2026-09-29,2026-09-28
900000000001481,1001,SH01,60652,2026-08-17,2026-06-09
900000000001482,1010,SH03,98101,2026-08-16,2026-09-21
900000000001483,1005,SH01,90210,2026-07-11,2026-06-26
900000000001484,1002,SH03,90210,2026-11-11,2026-05-08
900000000001485,1005,SH01,90210,2026-11-24,2026-06-27
900000000001486,1010,SH02,60601,2026-05-08,2026-08-16
900000000001487,1001,SH02,30301,2026-10-27,2026-07-11
900000000001488,1002,SH03,14201,2026-10-02,2026-07-10
900000000001489,1005,SH02,30301,2026-05-09,2026-07-11
900000000001490,1009,SH03,90210,2026-07-27,2026-05-24
900000000001491,1004,SH01,14201,2026-06-27,2026-07-11
900000000001492,1005,SH01,33101,2026-05-02,2026-11-11
900000000001493,1006,SH03,60601,2026-10-14,2026-05-08
900000000001494,1010,SH01,60652,2026-10-31,2026-07-27
900000000001495,1001,SH02,98101,2026-10-02,2026-10-02
900000000001496,1004,SH01,80201,2026-10-02,2026-10-26
900000000001497,1009,SH03,75201,2026-06-26,2026-06-09
900000000001498,1010,SH02,90210,2026-11-05,2026-07-10
900000000001499,1007,SH02,98101,2026-08-17,2026-06-26
900000000001500,1009,SH01,30301,2026-10-11,2026-10-02
900000000001501,1001,SH03,60652,2026-10-21,2026-05-08
900000000001502,1002,SH02,60652,2026-06-09,2026-11-23
900000000001503,1007,SH03,90210,2026-05-09,2026-05-09
900000000001504,1008,SH03,75201,2026-10-02,2026-06-09
900000000001505,1010,SH03,60601,2026-05-02,2026-09-29
900000000001506,1005,SH01,98101,2026-07-10,2026-05-24
900000000001507,1001,SH01,33101,2026-05-09,2026-11-05
900000000001508,1010,SH02,60601,2026-05-24,2026-05-09
900000000001509,1010,SH03,10001,2026-05-07,2026-09-28
900000000001510,1008,SH01,30301,2026-10-27,2026-10-14
900000000001511,1010,SH03,60652,2026-10-26,2026-10-11
900000000001512,1008,SH02,60652,2026-10-21,2026-11-23
900000000001513,1005,SH02,90210,2026-07-10,2026-10-26
900000000001514,1005,SH01,75201,2026-10-02,2026-10-31
900000000001515,1004,SH01,98101,2026-07-10,2026-09-21
900000000001516,1006,SH01,10001,2026-09-28,2026-10-26
900000000001517,1001,SH01,75201,2026-06-26,2026-06-27
900000000001518,1010,SH02,60601,2026-05-08,2026-11-05
900000000001519,1002,SH03,10001,2026-10-27,2026-07-02
900000000001520,1007,SH02,30301,2026-10-21,2026-05-02
900000000001521,1008,SH03,60652,2026-05-24,2026-05-07
900000000001522,1004,SH02,60652,2026-10-02,2026-05-09
900000000001523,1005,SH01,90210,2026-06-09,2026-10-02
900000000001524,1003,SH03,80201,2026-07-27,2026-06-29
900000000001525,1010,SH02,90210,2026-07-27,2026-10-02
900000000001526,1004,SH03,98101,2026-05-24,2026-10-11
900000000001527,1007,SH02,10001,2026-06-09,2026-05-07
900000000001528,1005,SH01,60601,2026-11-24,2026-07-10
900000000001529,1008,SH02,90210,2026-06-27,2026-11-11
900000000001530,1004,SH03,98101,2026-11-23,2026-05-08
900000000001531,1001,SH02,10001,2026-11-05,2026-10-02
900000000001532,1001,SH02,90210,2026-07-10,2026-10-14
900000000001533,1001,SH03,10001,2026-05-02,2026-05-02
900000000001534,1002,SH03,80201,2026-07-27,2026-10-27
900000000001535,1006,SH01,10001,2026-06-09,2026-08-17
900000000001536,1001,SH01,30301,2026-11-23,2026-09-28
900000000001537,1004,SH03,10001,2026-11-24,2026-11-11
900000000001538,1009,SH03,60652,2026-07-02,2026-07-11
900000000001539,1005,SH01,10001,2026-10-14,2026-06-27
900000000001540,1003,SH02,10001,2026-11-05,2026-05-09
900000000001541,1004,SH03,10001,2026-10-14,2026-06-29
900000000001542,1009,SH03,90210,2026-05-24,2026-07-02
900000000001543,1008,SH02,60601,2026-07-02,2026-06-26
900000000001544,1007,SH03,90210,2026-11-11,2026-10-02
900000000001545,1007,SH03,14201,2026-10-14,2026-05-09
900000000001546,1005,SH02,80201,2026-07-27,2026-11-24
900000000001547,1004,SH01,14201,2026-10-26,2026-06-10
900000000001548,1005,SH01,60601,2026-06-27,2026-10-27
900000000001549,1001,SH02,60601,2026-11-05,2026-10-14
900000000001550,1010,SH01,98101,2026-07-27,2026-10-31
900000000001551,1001,SH01,60652,2026-06-26,2026-11-05
900000000001552,1004,SH01,60652,2026-05-02,2026-09-28
900000000001553,1010,SH03,60652,2026-06-27,2026-10-26
900000000001554,1005,SH03,30301,2026-10-14,2026-06-09
900000000001555,1003,SH02,90210,2026-10-27,2026-11-11
900000000001556,1005,SH02,33101,2026-06-27,2026-09-29
900000000001557,1002,SH01,60652,2026-07-11,2026-09-21
900000000001558,1002,SH01,98101,2026-09-21,2026-11-11
900000000001559,1008,SH01,33101,2026-09-29,2026-11-11
900000000001560,1010,SH02,80201,2026-10-21,2026-10-11
900000000001561,1007,SH03,75201,2026-10-21,2026-06-29
900000000001562,1010,SH03,30301,2026-10-14,2026-10-21
900000000001563,1001,SH03,80201,2026-11-24,2026-11-11
900000000001564,1001,SH03,10001,2026-09-28,2026-09-21
900000000001565,1009,SH03,10001,2026-05-02,2026-11-05
900000000001566,1004,SH01,33101,2026-10-26,2026-10-27
900000000001567,1006,SH02,14201,2026-05-08,2026-05-09
900000000001568,1008,SH03,98101,2026-06-27,2026-06-27
900000000001569,1009,SH02,33101,2026-11-24,2026-10-26
900000000001570,1005,SH02,98101,2026-05-09,2026-07-11
900000000001571,1010,SH02,90210,2026-11-05,2026-05-07
900000000001572,1008,SH03,14201,2026-08-17,2026-10-14
900000000001573,1006,SH02,98101,2026-06-10,2026-06-27
900000000001574,1007,SH03,75201,2026-06-27,2026-08-17
900000000001575,1005,SH03,60652,2026-06-10,2026-10-02
900000000001576,1008,SH01,80201,2026-10-14,2026-06-09
900000000001577,1009,SH01,80201,2026-10-26,2026-09-21
900000000001578,1009,SH01,75201,2026-05-08,2026-05-02
900000000001579,1006,SH03,10001,2026-09-29,2026-06-27
900000000001580,1006,SH03,30301,2026-11-05,2026-11-05
900000000001581,1001,SH01,90210,2026-08-16,2026-05-08
900000000001582,1006,SH02,75201,2026-05-07,2026-06-29
900000000001583,1003,SH03,75201,2026-08-16,2026-09-29
900000000001584,1006,SH01,60601,2026-06-10,2026-06-09
900000000001585,1009,SH01,60601,2026-10-31,2026-06-10
900000000001586,1007,SH02,30301,2026-11-24,2026-11-05
900000000001587,1002,SH02,60601,2026-05-07,2026-11-11
900000000001588,1006,SH02,80201,2026-11-11,2026-08-17
900000000001589,1008,SH02,10001,2026-10-11,2026-05-02
900000000001590,1006,SH01,90210,2026-05-08,2026-06-27
900000000001591,1009,SH02,14201,2026-06-09,2026-08-16
900000000001592,1001,SH02,75201,2026-10-31,2026-06-10
900000000001593,1003,SH03,60601,2026-10-02,2026-05-24
900000000001594,1010,SH03,14201,2026-07-11,2026-06-26
900000000001595,1006,SH01,10001,2026-11-05,2026-10-31
900000000001596,1006,SH03,75201,2026-09-29,2026-09-28
900000000001597,1001,SH03,30301,2026-08-16,2026-10-31
900000000001598,1001,SH02,98101,2026-09-29,2026-07-27
900000000001599,1009,SH01,90210,2026-09-28,2026-11-24
900000000001600,1003,SH01,30301,2026-09-28,2026-10-26
900000000001601,1005,SH02,60601,2026-06-29,2026-08-17
900000000001602,1010,SH02,60652,2026-07-10,2026-09-29
900000000001603,1010,SH02,60601,2026-09-28,2026-06-10
900000000001604,1002,SH02,14201,2026-06-26,2026-08-16
900000000001605,1008,SH03,75201,2026-09-21,2026-06-29
900000000001606,1001,SH02,10001,2026-11-24,2026-07-27
900000000001607,1005,SH02,33101,2026-07-11,2026-10-27
900000000001608,1007,SH03,14201,2026-06-09,2026-10-02
900000000001609,1002,SH03,80201,2026-05-09,2026-11-05
900000000001610,1007,SH01,10001,2026-05-24,2026-10-14
900000000001611,1010,SH02,60601,2026-05-08,2026-06-29
900000000001612,1005,SH02,33101,2026-07-27,2026-05-02
900000000001613,1003,SH02,14201,2026-10-14,2026-05-24
900000000001614,1001,SH01,10001,2026-10-14,2026-11-23
900000000001615,1009,SH01,33101,2026-10-27,2026-10-14
900000000001616,1004,SH03,10001,2026-08-17,2026-10-11
900000000001617,1005,SH01,80201,2026-09-28,2026-05-08
900000000001618,1001,SH02,60652,2026-06-27,2026-05-02
900000000001619,1003,SH01,98101,2026-07-02,2026-06-26
900000000001620,1003,SH03,98101,2026-06-26,2026-10-02
900000000001621,1003,SH01,30301,2026-06-29,2026-10-31
900000000001622,1002,SH01,10001,2026-08-17,2026-09-29
900000000001623,1005,SH01,60652,2026-10-31,2026-11-24
900000000001624,1006,SH03,90210,2026-07-11,2026-06-26
900000000001625,1007,SH01,60601,2026-09-21,2026-09-21
900000000001626,1004,SH01,14201,2026-06-26,2026-11-24
900000000001627,1005,SH03,90210,2026-11-11,2026-10-21
900000000001628,1001,SH03,10001,2026-05-09,2026-06-26
900000000001629,1003,SH01,60601,2026-06-27,2026-05-07
900000000001630,1002,SH02,80201,2026-06-27,2026-10-11
900000000001631,1009,SH01,60652,2026-05-08,2026-05-08
900000000001632,1004,SH03,80201,2026-11-11,2026-11-11
900000000001633,1004,SH01,75201,2026-11-11,2026-06-29
900000000001634,1004,SH01,90210,2026-06-10,2026-07-02
900000000001635,1008,SH03,30301,2026-05-02,2026-10-26
900000000001636,1007,SH01,80201,2026-09-21,2026-08-16
900000000001637,1006,SH01,80201,2026-06-26,2026-07-11
900000000001638,1005,SH01,33101,2026-06-09,2026-05-24
900000000001639,1001,SH01,98101,2026-10-02,2026-05-24
900000000001640,1009,SH02,75201,2026-05-09,2026-05-08
900000000001641,1007,SH03,33101,2026-06-09,2026-11-23
900000000001642,1005,SH03,75201,2026-05-07,2026-11-05
900000000001643,1010,SH01,60601,2026-07-02,2026-11-05
900000000001644,1003,SH03,30301,2026-09-21,2026-08-17
900000000001645,1009,SH03,30301,2026-06-26,2026-05-08
900000000001646,1008,SH03,33101,2026-09-28,2026-08-17
900000000001647,1004,SH01,98101,2026-11-23,2026-07-10
900000000001648,1003,SH02,80201,2026-09-21,2026-09-21
900000000001649,1010,SH03,33101,2026-07-02,2026-05-07
900000000001650,1004,SH02,98101,2026-10-21,2026-10-26
900000000001651,1008,SH01,14201,2026-06-10,2026-06-10
900000000001652,1002,SH02,90210,2026-07-10,2026-11-24
900000000001653,1005,SH02,60601,2026-09-28,2026-06-09
900000000001654,1005,SH02,75201,2026-10-11,2026-06-10
900000000001655,1002,SH01,80201,2026-05-08,2026-07-27
900000000001656,1010,SH03,33101,2026-06-10,2026-06-09
900000000001657,1003,SH03,60601,2026-05-02,2026-05-09
900000000001658,1002,SH02,60652,2026-07-02,2026-10-11
900000000001659,1001,SH01,14201,2026-10-11,2026-11-05
900000000001660,1006,SH03,60601,2026-10-14,2026-06-10
900000000001661,1002,SH01,98101,2026-11-05,2026-06-10
900000000001662,1007,SH03,14201,2026-10-31,2026-08-16
900000000001663,1009,SH01,60652,2026-07-02,2026-10-26
900000000001664,1010,SH03,98101,2026-05-09,2026-06-29
900000000001665,1009,SH02,60601,2026-11-23,2026-11-05
900000000001666,1004,SH02,30301,2026-05-24,2026-10-11
900000000001667,1007,SH01,80201,2026-05-24,2026-11-24
900000000001668,1006,SH03,80201,2026-10-26,2026-08-16
900000000001669,1005,SH02,98101,2026-11-24,2026-07-11
900000000001670,1006,SH01,98101,2026-11-11,2026-10-21
900000000001671,1002,SH01,33101,2026-05-24,2026-10-31
900000000001672,1009,SH01,60601,2026-06-29,2026-09-28
900000000001673,1006,SH03,75201,2026-11-24,2026-08-16
900000000001674,1004,SH02,80201,2026-08-17,2026-05-08
900000000001675,1008,SH01,10001,2026-11-23,2026-09-28
900000000001676,1004,SH01,80201,2026-11-11,2026-10-11
900000000001677,1010,SH03,10001,2026-10-21,2026-08-16
900000000001678,1004,SH01,30301,2026-11-11,2026-10-11
900000000001679,1007,SH02,60652,2026-09-21,2026-06-09
900000000001680,1010,SH01,98101,2026-11-23,2026-06-26
900000000001681,1008,SH02,98101,2026-11-11,2026-10-02
900000000001682,1007,SH03,90210,2026-05-24,2026-08-16
900000000001683,1007,SH01,60601,2026-11-11,2026-11-05
900000000001684,1005,SH03,80201,2026-05-08,2026-09-28
900000000001685,1007,SH02,60652,2026-11-05,2026-11-23
900000000001686,1005,SH03,33101,2026-10-11,2026-05-24
900000000001687,1004,SH01,10001,2026-11-23,2026-11-23
900000000001688,1007,SH03,10001,2026-10-26,2026-06-10
900000000001689,1001,SH03,33101,2026-05-09,2026-11-05
900000000001690,1001,SH01,75201,2026-10-11,2026-11-24
900000000001691,1005,SH02,90210,2026-11-05,2026-05-08
900000000001692,1005,SH02,10001,2026-10-14,2026-05-07
900000000001693,1004,SH03,80201,2026-05-09,2026-05-08
900000000001694,1007,SH03,80201,2026-10-27,2026-09-29
900000000001695,1005,SH01,14201,2026-06-09,2026-09-28
900000000001696,1007,SH03,33101,2026-10-02,2026-10-31
900000000001697,1003,SH03,33101,2026-09-21,2026-07-11
900000000001698,1003,SH03,30301,2026-10-31,2026-09-21
900000000001699,1010,SH03,60652,2026-06-26,2026-06-26
900000000001700,1003,SH01,90210,2026-06-29,2026-06-26
900000000001701,1007,SH02,60652,2026-05-02,2026-06-26
900000000001702,1010,SH02,90210,2026-07-10,2026-07-10
900000000001703,1008,SH03,75201,2026-09-29,2026-06-09
900000000001704,1006,SH03,98101,2026-10-11,2026-06-29
900000000001705,1005,SH01,33101,2026-11-11,2026-10-11
900000000001706,1009,SH03,33101,2026-10-31,2026-10-26
900000000001707,1008,SH03,80201,2026-10-26,2026-10-31
900000000001708,1006,SH02,14201,2026-05-02,2026-08-16
900000000001709,1003,SH01,90210,2026-10-27,2026-05-07
900000000001710,1007,SH02,80201,2026-10-21,2026-07-10
900000000001711,1001,SH03,75201,2026-05-24,2026-07-10
900000000001712,1005,SH03,14201,2026-09-21,2026-08-16
900000000001713,1007,SH03,10001,2026-08-16,2026-11-24
900000000001714,1007,SH01,60601,2026-08-17,2026-10-26
900000000001715,1007,SH03,60652,2026-06-27,2026-11-11
900000000001716,1009,SH02,60601,2026-10-21,2026-07-27
900000000001717,1002,SH02,10001,2026-05-02,2026-08-17
900000000001718,1005,SH01,30301,2026-11-05,2026-11-11
900000000001719,1006,SH01,10001,2026-05-09,2026-11-05
900000000001720,1008,SH03,90210,2026-09-21,2026-09-29
900000000001721,1010,SH01,90210,2026-10-02,2026-06-26
900000000001722,1009,SH01,10001,2026-09-21,2026-10-31
900000000001723,1010,SH01,60601,2026-10-31,2026-11-11
900000000001724,1001,SH03,75201,2026-11-05,2026-09-29
900000000001725,1001,SH01,30301,2026-06-10,2026-06-26
900000000001726,1001,SH02,80201,2026-08-16,2026-05-24
900000000001727,1004,SH02,10001,2026-06-09,2026-05-09
900000000001728,1008,SH03,33101,2026-11-24,2026-08-16
900000000001729,1002,SH02,90210,2026-10-26,2026-10-21
900000000001730,1006,SH02,90210,2026-06-26,2026-07-11
900000000001731,1009,SH03,80201,2026-11-24,2026-10-02
900000000001732,1009,SH03,80201,2026-06-09,2026-05-08
900000000001733,1005,SH03,10001,2026-05-24,2026-07-02
900000000001734,1003,SH03,10001,2026-10-14,2026-11-23
900000000001735,1001,SH02,90210,2026-05-09,2026-06-27
900000000001736,1001,SH01,10001,2026-05-02,2026-07-10
900000000001737,1002,SH03,10001,2026-11-23,2026-10-27
900000000001738,1004,SH01,75201,2026-11-05,2026-05-07
900000000001739,1002,SH01,10001,2026-09-28,2026-10-11
900000000001740,1010,SH02,10001,2026-10-02,2026-06-27
900000000001741,1009,SH02,14201,2026-06-10,2026-10-14
900000000001742,1005,SH01,60652,2026-07-02,2026-10-27
900000000001743,1001,SH03,33101,2026-10-31,2026-11-05
900000000001744,1001,SH02,98101,2026-07-27,2026-09-29
900000000001745,1003,SH01,10001,2026-07-10,2026-10-11
900000000001746,1006,SH03,14201,2026-10-21,2026-10-02
900000000001747,1002,SH02,30301,2026-10-14,2026-08-16
900000000001748,1006,SH01,10001,2026-10-21,2026-10-21
900000000001749,1007,SH03,33101,2026-06-26,2026-11-05
900000000001750,1008,SH02,80201,2026-10-27,2026-10-02
900000000001751,1001,SH03,10001,2026-10-21,2026-06-27
900000000001752,1001,SH03,75201,2026-10-26,2026-10-02
900000000001753,1009,SH03,60601,2026-09-21,2026-08-16
900000000001754,1002,SH03,60601,2026-10-14,2026-06-29
900000000001755,1004,SH02,14201,2026-05-07,2026-11-05
900000000001756,1006,SH02,14201,2026-06-09,2026-10-26
900000000001757,1004,SH01,60652,2026-05-07,2026-05-09
900000000001758,1008,SH02,60601,2026-10-31,2026-07-11
900000000001759,1004,SH01,30301,2026-10-11,2026-05-09
900000000001760,1003,SH01,60652,2026-10-27,2026-05-02
900000000001761,1005,SH02,98101,2026-08-16,2026-06-09
900000000001762,1005,SH03,10001,2026-05-07,2026-09-28
900000000001763,1010,SH01,30301,2026-06-09,2026-10-02
900000000001764,1007,SH01,98101,2026-06-10,2026-09-28
900000000001765,1004,SH02,60652,2026-10-26,2026-05-02
900000000001766,1004,SH01,30301,2026-11-23,2026-07-02
900000000001767,1006,SH01,75201,2026-07-27,2026-09-28
900000000001768,1002,SH01,60652,2026-05-07,2026-09-21
900000000001769,1007,SH02,33101,2026-07-11,2026-05-02
900000000001770,1010,SH02,33101,2026-08-16,2026-09-29
900000000001771,1010,SH02,80201,2026-07-02,2026-05-07
900000000001772,1004,SH01,60601,2026-10-14,2026-10-02
900000000001773,1008,SH03,30301,2026-10-14,2026-10-21
900000000001774,1006,SH03,30301,2026-06-10,2026-09-21
900000000001775,1005,SH01,98101,2026-06-10,2026-10-31
900000000001776,1009,SH02,75201,2026-10-21,2026-06-09
900000000001777,1002,SH02,75201,2026-07-02,2026-11-11
900000000001778,1004,SH03,80201,2026-10-02,2026-05-08
900000000001779,1002,SH02,33101,2026-09-21,2026-10-02
900000000001780,1004,SH03,33101,2026-10-27,2026-07-02
900000000001781,1009,SH01,10001,2026-10-26,2026-05-09
900000000001782,1010,SH01,75201,2026-11-24,2026-08-17
900000000001783,1008,SH03,30301,2026-10-02,2026-11-11
900000000001784,1001,SH01,90210,2026-10-11,2026-05-02
900000000001785,1006,SH03,98101,2026-10-14,2026-10-21
900000000001786,1007,SH01,90210,2026-05-24,2026-11-23
900000000001787,1002,SH02,30301,2026-06-27,2026-10-11
900000000001788,1002,SH01,10001,2026-05-07,2026-06-09
900000000001789,1010,SH01,14201,2026-11-05,2026-06-10
900000000001790,1004,SH03,80201,2026-07-27,2026-07-10
900000000001791,1003,SH03,90210,2026-10-21,2026-10-27
900000000001792,1001,SH03,33101,2026-10-27,2026-11-05
900000000001793,1002,SH02,90210,2026-07-10,2026-10-11
900000000001794,1006,SH03,90210,2026-06-10,2026-10-26
900000000001795,1007,SH02,75201,2026-11-05,2026-11-05
900000000001796,1007,SH02,80201,2026-10-27,2026-10-02
900000000001797,1001,SH03,75201,2026-10-02,2026-06-26
900000000001798,1010,SH01,90210,2026-08-16,2026-10-31
900000000001799,1001,SH02,30301,2026-10-26,2026-07-10
900000000001800,1004,SH03,60601,2026-08-16,2026-05-07
900000000001801,1002,SH03,60652,2026-10-27,2026-10-02
900000000001802,1009,SH01,98101,2026-08-17,2026-11-24
900000000001803,1005,SH03,75201,2026-07-11,2026-06-26
900000000001804,1003,SH03,90210,2026-09-29,2026-10-31
900000000001805,1005,SH01,60652,2026-11-11,2026-06-10
900000000001806,1006,SH03,60601,2026-05-09,2026-11-23
900000000001807,1008,SH03,75201,2026-05-02,2026-10-14
900000000001808,1003,SH01,75201,2026-08-17,2026-11-05
900000000001809,1002,SH02,98101,2026-09-29,2026-06-27
900000000001810,1005,SH02,98101,2026-10-02,2026-07-11
900000000001811,1005,SH01,60652,2026-07-11,2026-06-29
900000000001812,1009,SH02,33101,2026-10-26,2026-08-17
900000000001813,1008,SH01,14201,2026-06-27,2026-05-24
900000000001814,1005,SH02,98101,2026-06-27,2026-09-28
900000000001815,1006,SH01,60601,2026-09-21,2026-10-21
900000000001816,1007,SH02,30301,2026-08-16,2026-09-21
900000000001817,1006,SH02,10001,2026-11-11,2026-06-29
900000000001818,1004,SH02,14201,2026-09-28,2026-10-21
900000000001819,1009,SH02,10001,2026-05-09,2026-05-02
900000000001820,1007,SH02,33101,2026-08-16,2026-11-24
900000000001821,1003,SH01,90210,2026-06-27,2026-11-23
900000000001822,1001,SH01,90210,2026-10-02,2026-07-02
900000000001823,1009,SH02,98101,2026-11-24,2026-06-26
900000000001824,1006,SH01,10001,2026-10-21,2026-07-11
900000000001825,1006,SH01,90210,2026-05-02,2026-07-02
900000000001826,1010,SH03,14201,2026-10-31,2026-11-05
900000000001827,1005,SH03,60601,2026-11-24,2026-06-27
900000000001828,1001,SH02,33101,2026-06-27,2026-05-08
900000000001829,1005,SH02,90210,2026-10-11,2026-10-02
900000000001830,1009,SH02,80201,2026-10-02,2026-11-23
900000000001831,1010,SH03,90210,2026-10-02,2026-11-05
900000000001832,1008,SH01,10001,2026-06-27,2026-10-11
900000000001833,1010,SH02,60601,2026-07-10,2026-09-29
900000000001834,1007,SH02,98101,2026-05-09,2026-06-27
900000000001835,1004,SH03,90210,2026-05-09,2026-10-14
900000000001836,1007,SH02,60652,2026-10-26,2026-06-27
900000000001837,1008,SH03,60652,2026-11-05,2026-09-21
900000000001838,1006,SH02,98101,2026-06-26,2026-10-14
900000000001839,1009,SH02,10001,2026-05-08,2026-10-31
900000000001840,1010,SH03,75201,2026-11-23,2026-06-10
900000000001841,1004,SH02,14201,2026-06-10,2026-07-11
900000000001842,1008,SH01,60652,2026-06-27,2026-09-21
900000000001843,1003,SH03,75201,2026-07-10,2026-10-26
900000000001844,1004,SH02,33101,2026-10-11,2026-06-29
900000000001845,1007,SH02,90210,2026-11-23,2026-09-28
900000000001846,1006,SH03,60601,2026-08-17,2026-10-11
900000000001847,1010,SH03,98101,2026-06-10,2026-09-29
900000000001848,1010,SH01,30301,2026-06-09,2026-11-24
900000000001849,1010,SH01,80201,2026-10-14,2026-10-11
900000000001850,1003,SH03,60652,2026-07-11,2026-11-05
900000000001851,1006,SH02,14201,2026-09-21,2026-10-27
900000000001852,1005,SH02,10001,2026-10-11,2026-06-27
900000000001853,1002,SH02,98101,2026-08-16,2026-09-28
900000000001854,1010,SH01,33101,2026-11-11,2026-06-29
900000000001855,1003,SH02,75201,2026-07-11,2026-05-07
900000000001856,1001,SH02,75201,2026-05-08,2026-10-26
900000000001857,1006,SH02,75201,2026-07-10,2026-07-02
900000000001858,1008,SH03,14201,2026-10-02,2026-11-05
900000000001859,1007,SH01,98101,2026-11-23,2026-07-02
900000000001860,1007,SH01,75201,2026-09-21,2026-06-26
900000000001861,1010,SH03,14201,2026-10-11,2026-05-02
900000000001862,1003,SH01,60601,2026-10-14,2026-06-29
900000000001863,1005,SH01,14201,2026-10-11,2026-10-11
900000000001864,1010,SH01,14201,2026-05-07,2026-11-23
900000000001865,1007,SH01,80201,2026-08-16,2026-11-11
900000000001866,1004,SH02,60652,2026-05-07,2026-11-23
900000000001867,1005,SH03,90210,2026-10-11,2026-06-10
900000000001868,1003,SH02,90210,2026-08-16,2026-05-07
900000000001869,1004,SH03,33101,2026-10-26,2026-07-10
900000000001870,1007,SH02,14201,2026-09-29,2026-05-08
900000000001871,1002,SH03,30301,2026-07-02,2026-11-11
900000000001872,1005,SH01,98101,2026-09-28,2026-06-29
900000000001873,1001,SH01,14201,2026-10-21,2026-08-16
900000000001874,1007,SH03,30301,2026-05-02,2026-11-05
900000000001875,1004,SH01,60652,2026-10-31,2026-05-08
900000000001876,1008,SH02,75201,2026-11-24,2026-09-29
900000000001877,1008,SH02,98101,2026-07-11,2026-10-26
900000000001878,1007,SH02,80201,2026-11-11,2026-06-27
900000000001879,1003,SH02,60652,2026-05-08,2026-10-11
900000000001880,1002,SH02,98101,2026-05-09,2026-07-27
900000000001881,1004,SH01,90210,2026-11-23,2026-10-26
900000000001882,1002,SH03,33101,2026-07-27,2026-11-23
900000000001883,1008,SH01,60652,2026-06-10,2026-06-29
900000000001884,1007,SH02,90210,2026-08-17,2026-08-17
900000000001885,1004,SH02,75201,2026-10-31,2026-10-31
900000000001886,1005,SH01,98101,2026-07-02,2026-07-11
900000000001887,1006,SH02,60601,2026-08-16,2026-05-24
900000000001888,1008,SH03,30301,2026-05-02,2026-10-21
900000000001889,1004,SH01,90210,2026-11-23,2026-07-11
900000000001890,1004,SH02,90210,2026-11-24,2026-07-11
900000000001891,1006,SH02,75201,2026-10-14,2026-07-27
900000000001892,1006,SH03,98101,2026-07-02,2026-07-27
900000000001893,1010,SH01,60652,2026-09-29,2026-06-10
900000000001894,1006,SH01,33101,2026-10-31,2026-10-31
900000000001895,1010,SH01,30301,2026-10-02,2026-05-08
900000000001896,1002,SH03,14201,2026-11-05,2026-10-26
900000000001897,1010,SH02,60601,2026-08-17,2026-09-29
900000000001898,1009,SH03,30301,2026-11-05,2026-11-11
900000000001899,1008,SH02,30301,2026-11-11,2026-11-11
900000000001900,1001,SH01,90210,2026-07-02,2026-06-09
900000000001901,1008,SH01,33101,2026-06-10,2026-10-27
900000000001902,1007,SH01,30301,2026-08-16,2026-09-29
900000000001903,1008,SH01,10001,2026-06-27,2026-06-10
900000000001904,1006,SH01,98101,2026-06-09,2026-06-29
900000000001905,1004,SH02,98101,2026-06-09,2026-05-02
900000000001906,1004,SH02,10001,2026-10-21,2026-06-26
900000000001907,1008,SH02,60601,2026-10-02,2026-10-31
900000000001908,1008,SH01,98101,2026-10-02,2026-06-26
900000000001909,1005,SH03,98101,2026-07-11,2026-07-27
900000000001910,1008,SH01,14201,2026-06-27,2026-09-28
900000000001911,1008,SH01,33101,2026-07-10,2026-07-02
900000000001912,1005,SH01,75201,2026-09-28,2026-06-26
900000000001913,1007,SH02,80201,2026-06-26,2026-07-11
900000000001914,1007,SH01,80201,2026-10-11,2026-11-11
900000000001915,1003,SH03,90210,2026-09-28,2026-11-05
900000000001916,1008,SH03,75201,2026-05-08,2026-11-11
900000000001917,1010,SH02,60601,2026-10-02,2026-06-29
900000000001918,1010,SH03,60652,2026-11-24,2026-10-26
900000000001919,1008,SH01,75201,2026-10-02,2026-09-29
900000000001920,1002,SH01,90210,2026-10-14,2026-11-24
900000000001921,1007,SH01,98101,2026-11-05,2026-10-31
900000000001922,1008,SH01,33101,2026-08-16,2026-10-31
900000000001923,1004,SH01,30301,2026-07-10,2026-06-29
900000000001924,1003,SH01,60601,2026-07-11,2026-07-02
900000000001925,1001,SH02,80201,2026-07-11,2026-10-21
900000000001926,1008,SH02,60601,2026-07-02,2026-10-21
900000000001927,1010,SH01,60652,2026-11-24,2026-05-02
900000000001928,1005,SH03,98101,2026-10-02,2026-06-29
900000000001929,1008,SH02,60652,2026-05-09,2026-10-27
900000000001930,1009,SH02,98101,2026-10-21,2026-11-11
900000000001931,1009,SH03,30301,2026-10-26,2026-06-27
900000000001932,1002,SH01,90210,2026-10-11,2026-08-17
900000000001933,1005,SH01,10001,2026-10-26,2026-06-26
900000000001934,1004,SH03,98101,2026-11-11,2026-10-14
900000000001935,1004,SH02,75201,2026-10-02,2026-07-11
900000000001936,1005,SH03,80201,2026-09-28,2026-08-16
900000000001937,1006,SH03,98101,2026-09-28,2026-06-29
900000000001938,1010,SH01,14201,2026-06-27,2026-06-27
900000000001939,1005,SH03,98101,2026-10-21,2026-08-16
900000000001940,1007,SH01,60601,2026-05-02,2026-06-10
900000000001941,1005,SH02,98101,2026-07-02,2026-06-09
900000000001942,1004,SH02,10001,2026-07-27,2026-11-05
900000000001943,1006,SH02,60601,2026-11-11,2026-11-24
900000000001944,1003,SH01,75201,2026-10-26,2026-11-23
900000000001945,1007,SH01,60601,2026-11-23,2026-10-02
900000000001946,1001,SH02,80201,2026-06-26,2026-10-21
900000000001947,1004,SH03,90210,2026-11-05,2026-08-16
900000000001948,1001,SH03,30301,2026-10-26,2026-11-23
900000000001949,1006,SH02,80201,2026-11-05,2026-06-09
900000000001950,1001,SH02,98101,2026-06-26,2026-06-29
900000000001951,1004,SH02,10001,2026-11-05,2026-08-16
900000000001952,1007,SH01,30301,2026-05-02,2026-10-11
900000000001953,1003,SH03,75201,2026-10-11,2026-08-17
900000000001954,1004,SH02,33101,2026-11-23,2026-09-28
900000000001955,1010,SH02,33101,2026-05-24,2026-10-02
900000000001956,1009,SH01,90210,2026-06-09,2026-09-28
900000000001957,1001,SH02,60652,2026-06-29,2026-05-02
900000000001958,1001,SH01,75201,2026-06-26,2026-10-02
900000000001959,1005,SH02,75201,2026-07-27,2026-10-27
900000000001960,1002,SH01,14201,2026-10-02,2026-06-29
900000000001961,1005,SH03,80201,2026-05-09,2026-06-09
900000000001962,1002,SH02,90210,2026-11-11,2026-05-09
900000000001963,1002,SH01,80201,2026-07-10,2026-06-29
900000000001964,1009,SH02,10001,2026-10-31,2026-07-11
900000000001965,1006,SH03,80201,2026-05-07,2026-07-27
900000000001966,1005,SH02,14201,2026-06-29,2026-08-17
900000000001967,1003,SH01,75201,2026-05-08,2026-10-11
900000000001968,1002,SH01,98101,2026-05-09,2026-09-29
900000000001969,1001,SH01,60601,2026-06-10,2026-10-02
900000000001970,1004,SH03,90210,2026-11-05,2026-11-11
900000000001971,1002,SH01,33101,2026-05-08,2026-06-26
900000000001972,1002,SH02,60652,2026-10-02,2026-10-14
900000000001973,1004,SH02,98101,2026-07-27,2026-10-27
900000000001974,1001,SH01,14201,2026-10-26,2026-11-05
900000000001975,1010,SH01,90210,2026-08-16,2026-06-26
900000000001976,1005,SH02,90210,2026-09-29,2026-06-26
900000000001977,1001,SH02,14201,2026-06-09,2026-05-24
900000000001978,1006,SH02,90210,2026-05-08,2026-10-02
900000000001979,1005,SH03,33101,2026-07-11,2026-05-02
900000000001980,1010,SH01,33101,2026-06-26,2026-06-10
900000000001981,1009,SH02,33101,2026-10-31,2026-06-10
900000000001982,1007,SH01,80201,2026-05-09,2026-10-11
900000000001983,1010,SH01,14201,2026-11-23,2026-11-24
900000000001984,1001,SH02,60652,2026-11-23,2026-08-16
900000000001985,1002,SH02,60652,2026-05-07,2026-06-27
900000000001986,1007,SH01,30301,2026-10-11,2026-07-10
900000000001987,1008,SH02,75201,2026-11-24,2026-10-21
900000000001988,1010,SH01,14201,2026-06-26,2026-11-11
900000000001989,1004,SH03,98101,2026-07-27,2026-09-29
900000000001990,1002,SH03,90210,2026-10-11,2026-10-14
900000000001991,1005,SH03,14201,2026-08-17,2026-07-10
900000000001992,1007,SH01,60652,2026-09-28,2026-09-29
900000000001993,1005,SH02,33101,2026-05-08,2026-08-17
900000000001994,1009,SH03,33101,2026-06-27,2026-06-09
900000000001995,1004,SH01,10001,2026-08-16,2026-07-11
900000000001996,1004,SH02,75201,2026-07-11,2026-05-09
900000000001997,1001,SH02,60601,2026-07-11,2026-07-11
900000000001998,1005,SH02,33101,2026-11-23,2026-11-11
900000000001999,1006,SH01,75201,2026-10-27,2026-10-27
900000000002000,1002,SH01,80201,2026-08-16,2026-11-23
900000000002001,1009,SH01,90210,2026-10-11,2026-10-21
900000000002002,1006,SH02,90210,2026-10-21,2026-09-21
900000000002003,1010,SH01,33101,2026-07-11,2026-08-17
900000000002004,1002,SH02,33101,2026-05-02,2026-07-10
900000000002005,1001,SH02,10001,2026-07-10,2026-10-02
900000000002006,1004,SH01,14201,2026-10-26,2026-07-11
900000000002007,1007,SH01,10001,2026-07-10,2026-09-21
900000000002008,1002,SH02,75201,2026-07-11,2026-05-07
900000000002009,1006,SH03,90210,2026-05-24,2026-08-16
900000000002010,1001,SH02,33101,2026-07-11,2026-10-02
900000000002011,1007,SH01,90210,2026-05-07,2026-11-05
900000000002012,1005,SH02,33101,2026-11-23,2026-08-17
900000000002013,1007,SH01,30301,2026-06-29,2026-11-05
900000000002014,1003,SH02,75201,2026-08-17,2026-06-10
900000000002015,1006,SH02,14201,2026-06-26,2026-10-02
900000000002016,1006,SH03,75201,2026-06-29,2026-10-02
900000000002017,1010,SH03,33101,2026-09-28,2026-11-11
900000000002018,1003,SH01,98101,2026-07-02,2026-10-21
900000000002019,1001,SH01,80201,2026-09-21,2026-08-17
900000000002020,1006,SH03,14201,2026-11-24,2026-06-26
900000000002021,1002,SH02,14201,2026-07-02,2026-08-17
900000000002022,1009,SH01,98101,2026-06-10,2026-10-27
900000000002023,1003,SH02,30301,2026-06-26,2026-06-29
900000000002024,1008,SH01,33101,2026-06-26,2026-05-02
900000000002025,1008,SH02,98101,2026-10-26,2026-10-31
900000000002026,1003,SH03,90210,2026-10-26,2026-05-09
900000000002027,1007,SH01,30301,2026-10-27,2026-06-10
900000000002028,1004,SH01,60601,2026-11-23,2026-05-24
900000000002029,1002,SH01,33101,2026-07-11,2026-10-27
900000000002030,1002,SH03,10001,2026-11-11,2026-11-05
900000000002031,1009,SH01,98101,2026-10-26,2026-10-02
900000000002032,1005,SH01,14201,2026-10-11,2026-11-05
900000000002033,1009,SH03,30301,2026-07-02,2026-10-26
900000000002034,1001,SH01,80201,2026-05-09,2026-07-02
900000000002035,1006,SH01,60652,2026-05-02,2026-06-10
900000000002036,1003,SH03,90210,2026-06-09,2026-07-10
900000000002037,1001,SH03,90210,2026-05-07,2026-07-27
900000000002038,1001,SH01,98101,2026-06-09,2026-07-27
900000000002039,1006,SH03,60652,2026-06-29,2026-10-14
900000000002040,1006,SH01,30301,2026-11-24,2026-10-02
900000000002041,1009,SH02,10001,2026-08-16,2026-11-24
900000000002042,1004,SH03,60601,2026-11-24,2026-09-28
900000000002043,1005,SH01,90210,2026-09-28,2026-07-02
900000000002044,1001,SH02,80201,2026-06-26,2026-11-05
900000000002045,1004,SH02,30301,2026-08-16,2026-10-31
900000000002046,1008,SH02,10001,2026-06-10,2026-07-02
900000000002047,1002,SH02,60652,2026-05-24,2026-06-27
900000000002048,1007,SH03,10001,2026-06-10,2026-09-29
900000000002049,1010,SH02,90210,2026-10-26,2026-11-05
900000000002050,1008,SH03,80201,2026-10-02,2026-06-29
900000000002051,1004,SH03,14201,2026-06-27,2026-07-10
900000000002052,1002,SH01,80201,2026-10-27,2026-09-21
900000000002053,1003,SH03,75201,2026-10-26,2026-08-17
900000000002054,1007,SH01,98101,2026-05-07,2026-05-02
900000000002055,1001,SH01,33101,2026-05-07,2026-06-09
900000000002056,1009,SH01,14201,2026-10-26,2026-05-09
900000000002057,1001,SH01,98101,2026-11-05,2026-09-28
900000000002058,1007,SH01,33101,2026-06-10,2026-10-14
900000000002059,1004,SH02,33101,2026-10-11,2026-08-16
900000000002060,1001,SH01,60652,2026-10-11,2026-05-24
900000000002061,1006,SH01,98101,2026-05-07,2026-05-09
900000000002062,1005,SH03,90210,2026-10-14,2026-08-17
900000000002063,1004,SH01,98101,2026-06-10,2026-10-14
900000000002064,1001,SH02,33101,2026-11-23,2026-10-26
900000000002065,1007,SH03,60601,2026-07-10,2026-06-09
900000000002066,1004,SH01,30301,2026-08-17,2026-11-23
900000000002067,1007,SH01,98101,2026-08-16,2026-05-08
900000000002068,1008,SH02,75201,2026-09-29,2026-06-26
900000000002069,1009,SH02,80201,2026-05-02,2026-10-31
900000000002070,1005,SH01,90210,2026-10-02,2026-05-24
900000000002071,1008,SH01,90210,2026-10-11,2026-08-17
900000000002072,1002,SH01,98101,2026-11-24,2026-05-24
900000000002073,1004,SH03,33101,2026-05-09,2026-05-09
900000000002074,1010,SH03,90210,2026-07-10,2026-05-24
900000000002075,1001,SH02,14201,2026-10-02,2026-10-14
900000000002076,1005,SH03,90210,2026-05-07,2026-10-31
900000000002077,1002,SH01,60652,2026-07-11,2026-05-24
900000000002078,1010,SH03,14201,2026-06-09,2026-10-27
900000000002079,1002,SH02,60601,2026-10-14,2026-11-23
900000000002080,1003,SH01,30301,2026-06-09,2026-09-28
900000000002081,1003,SH02,90210,2026-09-28,2026-07-02
900000000002082,1009,SH02,90210,2026-06-09,2026-05-02
900000000002083,1004,SH03,98101,2026-11-24,2026-07-02
900000000002084,1009,SH03,60601,2026-09-29,2026-07-02
900000000002085,1006,SH02,75201,2026-11-23,2026-06-09
900000000002086,1002,SH03,33101,2026-07-02,2026-08-17
900000000002087,1007,SH03,98101,2026-11-05,2026-09-29
900000000002088,1009,SH03,98101,2026-06-10,2026-10-26
900000000002089,1009,SH03,60601,2026-10-31,2026-05-08
900000000002090,1007,SH01,60601,2026-11-05,2026-05-02
900000000002091,1004,SH01,30301,2026-10-21,2026-10-14
900000000002092,1004,SH03,14201,2026-07-11,2026-10-21
900000000002093,1001,SH02,33101,2026-11-11,2026-08-16
900000000002094,1005,SH03,60601,2026-10-26,2026-10-02
900000000002095,1002,SH02,75201,2026-06-10,2026-10-26
900000000002096,1001,SH01,98101,2026-06-26,2026-10-21
900000000002097,1003,SH01,10001,2026-11-05,2026-10-11
900000000002098,1005,SH02,60652,2026-09-21,2026-07-10
900000000002099,1004,SH02,10001,2026-09-29,2026-11-05
900000000002100,1004,SH03,80201,2026-05-08,2026-11-23
900000000002101,1009,SH03,98101,2026-05-02,2026-07-11
900000000002102,1010,SH02,75201,2026-10-02,2026-05-02
900000000002103,1008,SH03,80201,2026-10-26,2026-10-21
900000000002104,1007,SH02,10001,2026-10-11,2026-06-09
900000000002105,1009,SH02,14201,2026-05-08,2026-10-11
900000000002106,1008,SH01,98101,2026-09-29,2026-06-29
900000000002107,1009,SH01,75201,2026-05-09,2026-11-05
900000000002108,1003,SH02,80201,2026-10-14,2026-07-02
900000000002109,1009,SH03,33101,2026-06-27,2026-05-24
900000000002110,1004,SH01,98101,2026-05-07,2026-07-02
900000000002111,1003,SH01,30301,2026-11-05,2026-06-29
900000000002112,1002,SH03,80201,2026-11-24,2026-11-11
900000000002113,1009,SH03,75201,2026-09-28,2026-08-16
900000000002114,1002,SH02,30301,2026-10-02,2026-06-26
900000000002115,1006,SH01,75201,2026-10-11,2026-11-05
900000000002116,1004,SH01,80201,2026-08-16,2026-07-27
900000000002117,1005,SH03,30301,2026-11-24,2026-05-09
900000000002118,1007,SH02,30301,2026-08-17,2026-11-24
900000000002119,1004,SH02,75201,2026-05-09,2026-10-27
900000000002120,1006,SH02,30301,2026-09-28,2026-05-09
900000000002121,1007,SH01,60601,2026-05-24,2026-10-27
900000000002122,1010,SH02,14201,2026-09-28,2026-10-14
900000000002123,1009,SH02,75201,2026-09-29,2026-08-17
900000000002124,1009,SH02,90210,2026-10-31,2026-10-14
900000000002125,1010,SH01,60601,2026-09-21,2026-11-05
900000000002126,1010,SH01,90210,2026-06-29,2026-09-21
900000000002127,1008,SH01,75201,2026-10-14,2026-05-09
900000000002128,1001,SH02,90210,2026-05-09,2026-09-28
900000000002129,1002,SH01,75201,2026-10-21,2026-10-27
900000000002130,1004,SH02,30301,2026-11-23,2026-05-24
900000000002131,1004,SH02,14201,2026-10-21,2026-06-26
900000000002132,1001,SH03,98101,2026-05-02,2026-11-11
900000000002133,1003,SH01,90210,2026-07-02,2026-10-11
900000000002134,1003,SH01,98101,2026-07-10,2026-06-26
900000000002135,1002,SH03,80201,2026-06-09,2026-06-09
900000000002136,1001,SH03,60652,2026-10-26,2026-09-21
900000000002137,1004,SH01,80201,2026-07-10,2026-10-26
900000000002138,1005,SH01,14201,2026-07-02,2026-11-05
900000000002139,1003,SH02,33101,2026-10-31,2026-10-02
900000000002140,1001,SH01,33101,2026-10-31,2026-06-27
900000000002141,1010,SH02,60652,2026-07-10,2026-05-02
900000000002142,1007,SH02,90210,2026-11-23,2026-10-21
900000000002143,1005,SH01,33101,2026-10-02,2026-08-17
900000000002144,1005,SH01,80201,2026-05-07,2026-06-29
900000000002145,1003,SH01,30301,2026-08-16,2026-08-16
900000000002146,1006,SH03,60601,2026-08-17,2026-11-11
900000000002147,1008,SH03,30301,2026-09-21,2026-09-21
900000000002148,1006,SH01,14201,2026-05-09,2026-05-24
900000000002149,1004,SH02,60601,2026-09-28,2026-09-29
900000000002150,1009,SH01,98101,2026-10-27,2026-05-08
900000000002151,1004,SH03,60601,2026-11-11,2026-11-24
900000000002152,1010,SH01,98101,2026-06-10,2026-10-14
900000000002153,1010,SH03,10001,2026-05-07,2026-07-27
900000000002154,1002,SH03,98101,2026-08-16,2026-11-05
900000000002155,1004,SH03,14201,2026-10-21,2026-05-09
900000000002156,1001,SH03,60652,2026-10-14,2026-05-08
900000000002157,1006,SH01,98101,2026-05-24,2026-10-11
900000000002158,1005,SH02,60652,2026-09-29,2026-11-24
900000000002159,1005,SH01,60601,2026-07-27,2026-06-26
900000000002160,1001,SH03,14201,2026-10-11,2026-11-23
900000000002161,1008,SH02,14201,2026-05-02,2026-10-26
900000000002162,1003,SH03,60652,2026-06-29,2026-09-21
900000000002163,1008,SH03,98101,2026-10-26,2026-06-29
900000000002164,1007,SH01,33101,2026-11-24,2026-05-07
900000000002165,1008,SH01,14201,2026-05-09,2026-06-27
900000000002166,1004,SH03,98101,2026-06-29,2026-06-27
900000000002167,1004,SH01,60601,2026-10-27,2026-06-26
900000000002168,1001,SH01,80201,2026-06-26,2026-07-27
900000000002169,1005,SH03,98101,2026-09-21,2026-07-02
900000000002170,1002,SH03,80201,2026-08-17,2026-09-29
900000000002171,1001,SH01,33101,2026-06-09,2026-11-11
900000000002172,1009,SH01,60601,2026-10-27,2026-10-11
900000000002173,1005,SH03,90210,2026-06-26,2026-06-29
900000000002174,1006,SH01,98101,2026-08-17,2026-08-16
900000000002175,1010,SH02,60601,2026-10-11,2026-06-26
900000000002176,1008,SH03,80201,2026-10-31,2026-05-02
900000000002177,1010,SH02,98101,2026-10-31,2026-07-27
900000000002178,1001,SH03,60601,2026-09-21,2026-10-02
900000000002179,1001,SH02,90210,2026-10-31,2026-10-11
900000000002180,1001,SH02,80201,2026-09-29,2026-06-29
900000000002181,1005,SH03,90210,2026-07-02,2026-09-29
900000000002182,1007,SH01,60601,2026-10-11,2026-10-11
900000000002183,1006,SH02,98101,2026-11-23,2026-11-05
900000000002184,1004,SH01,90210,2026-05-24,2026-11-11
900000000002185,1001,SH02,14201,2026-10-11,2026-11-11
900000000002186,1006,SH03,60601,2026-11-23,2026-05-07
900000000002187,1006,SH02,30301,2026-06-29,2026-07-10
900000000002188,1007,SH03,80201,2026-06-09,2026-10-27
900000000002189,1004,SH02,75201,2026-07-27,2026-05-07
900000000002190,1003,SH01,30301,2026-11-23,2026-10-02
900000000002191,1006,SH01,60652,2026-06-09,2026-06-26
900000000002192,1002,SH01,30301,2026-11-23,2026-07-11
900000000002193,1006,SH02,14201,2026-05-08,2026-06-26
900000000002194,1008,SH01,75201,2026-07-27,2026-11-23
900000000002195,1004,SH03,60652,2026-07-02,2026-06-26
900000000002196,1009,SH02,30301,2026-11-05,2026-10-27
900000000002197,1007,SH02,33101,2026-07-02,2026-06-09
900000000002198,1006,SH02,75201,2026-08-16,2026-10-14
900000000002199,1003,SH01,60601,2026-07-27,2026-07-02
900000000002200,1003,SH03,33101,2026-09-29,2026-08-16
900000000002201,1006,SH03,60652,2026-10-02,2026-07-27
900000000002202,1002,SH01,60652,2026-06-29,2026-11-24
900000000002203,1006,SH02,60652,2026-07-27,2026-05-07
900000000002204,1004,SH02,80201,2026-07-27,2026-09-21
900000000002205,1001,SH03,75201,2026-07-27,2026-10-31
900000000002206,1004,SH03,80201,2026-06-26,2026-10-11
900000000002207,1002,SH02,75201,2026-08-17,2026-07-11
900000000002208,1008,SH01,90210,2026-10-27,2026-10-02
900000000002209,1010,SH01,30301,2026-10-31,2026-11-11
900000000002210,1008,SH01,14201,2026-11-11,2026-05-02
900000000002211,1006,SH03,90210,2026-11-11,2026-10-26
900000000002212,1009,SH01,80201,2026-05-07,2026-10-02
900000000002213,1002,SH03,14201,2026-06-26,2026-05-07
900000000002214,1002,SH01,60652,2026-10-21,2026-10-14
900000000002215,1006,SH02,75201,2026-07-10,2026-06-29
900000000002216,1007,SH03,33101,2026-10-14,2026-07-10
900000000002217,1008,SH03,75201,2026-11-24,2026-10-02
900000000002218,1010,SH01,75201,2026-09-21,2026-09-28
900000000002219,1003,SH03,60601,2026-10-21,2026-11-23
900000000002220,1002,SH01,60652,2026-10-02,2026-06-26
900000000002221,1004,SH01,10001,2026-07-27,2026-05-07
900000000002222,1003,SH02,14201,2026-11-23,2026-07-27
900000000002223,1006,SH03,60652,2026-06-10,2026-10-11
900000000002224,1008,SH01,14201,2026-06-26,2026-10-02
900000000002225,1003,SH03,10001,2026-06-09,2026-11-24
900000000002226,1007,SH03,14201,2026-07-11,2026-10-31
900000000002227,1002,SH03,60652,2026-06-10,2026-05-07
900000000002228,1010,SH01,60652,2026-06-09,2026-10-02
900000000002229,1002,SH01,98101,2026-06-09,2026-05-07
900000000002230,1007,SH01,60601,2026-10-11,2026-10-02
900000000002231,1009,SH01,14201,2026-05-07,2026-08-17
900000000002232,1008,SH01,30301,2026-09-21,2026-05-07
900000000002233,1006,SH02,80201,2026-07-10,2026-10-31
900000000002234,1002,SH01,60652,2026-07-02,2026-05-24
900000000002235,1001,SH03,33101,2026-06-29,2026-06-29
900000000002236,1003,SH01,14201,2026-07-02,2026-10-26
900000000002237,1003,SH03,33101,2026-05-08,2026-08-17
900000000002238,1007,SH02,10001,2026-07-11,2026-06-09
900000000002239,1002,SH02,75201,2026-07-11,2026-05-08
900000000002240,1002,SH01,33101,2026-07-10,2026-05-07
900000000002241,1010,SH03,60652,2026-07-02,2026-10-21
900000000002242,1010,SH02,30301,2026-06-26,2026-10-27
900000000002243,1010,SH02,80201,2026-05-24,2026-09-29
900000000002244,1002,SH02,33101,2026-06-10,2026-05-09
900000000002245,1006,SH03,90210,2026-10-11,2026-05-08
900000000002246,1007,SH01,80201,2026-07-02,2026-09-28
900000000002247,1002,SH01,98101,2026-05-09,2026-11-23
900000000002248,1008,SH02,60652,2026-10-11,2026-08-16
900000000002249,1003,SH02,10001,2026-06-09,2026-08-17
900000000002250,1001,SH02,98101,2026-10-14,2026-11-24
900000000002251,1006,SH01,30301,2026-08-17,2026-10-02
900000000002252,1004,SH03,98101,2026-10-21,2026-05-07
900000000002253,1007,SH03,75201,2026-08-16,2026-05-09
900000000002254,1001,SH01,60652,2026-10-02,2026-10-14
900000000002255,1008,SH02,60601,2026-09-21,2026-05-08
900000000002256,1002,SH03,14201,2026-08-16,2026-05-08
900000000002257,1010,SH01,30301,2026-08-16,2026-10-11
900000000002258,1009,SH03,75201,2026-06-29,2026-07-27
900000000002259,1009,SH02,75201,2026-09-21,2026-06-27
900000000002260,1004,SH03,60601,2026-09-29,2026-05-02
900000000002261,1002,SH01,75201,2026-09-28,2026-11-24
900000000002262,1003,SH03,98101,2026-05-02,2026-09-21
900000000002263,1009,SH03,14201,2026-08-17,2026-09-21
900000000002264,1004,SH03,30301,2026-09-29,2026-10-31
900000000002265,1002,SH01,98101,2026-10-27,2026-06-10
900000000002266,1007,SH03,80201,2026-09-29,2026-11-05
900000000002267,1001,SH03,30301,2026-11-23,2026-09-29
900000000002268,1002,SH02,10001,2026-05-24,2026-09-21
900000000002269,1001,SH02,98101,2026-07-10,2026-10-31
900000000002270,1004,SH03,98101,2026-10-02,2026-10-14
900000000002271,1010,SH03,80201,2026-10-21,2026-08-17
900000000002272,1006,SH01,75201,2026-10-31,2026-05-24
900000000002273,1005,SH03,75201,2026-11-23,2026-05-02
900000000002274,1005,SH02,30301,2026-10-02,2026-10-11
900000000002275,1010,SH02,80201,2026-10-02,2026-08-16
900000000002276,1008,SH02,10001,2026-05-02,2026-07-10
900000000002277,1001,SH01,75201,2026-10-31,2026-11-23
900000000002278,1004,SH02,60652,2026-11-11,2026-06-09
900000000002279,1009,SH02,60652,2026-11-05,2026-11-23
900000000002280,1002,SH01,14201,2026-10-26,2026-05-08
900000000002281,1010,SH02,80201,2026-06-27,2026-11-11
900000000002282,1008,SH01,33101,2026-07-10,2026-10-11
900000000002283,1001,SH01,75201,2026-07-11,2026-05-02
900000000002284,1008,SH02,60652,2026-06-10,2026-06-10
900000000002285,1003,SH03,80201,2026-07-11,2026-10-14
900000000002286,1003,SH02,80201,2026-10-21,2026-05-07
900000000002287,1008,SH01,80201,2026-09-28,2026-11-05
900000000002288,1004,SH01,98101,2026-10-31,2026-10-27
900000000002289,1009,SH03,60601,2026-06-26,2026-08-17
900000000002290,1001,SH03,30301,2026-10-26,2026-10-11
900000000002291,1006,SH02,75201,2026-10-14,2026-06-27
900000000002292,1004,SH03,30301,2026-09-29,2026-09-28
900000000002293,1006,SH03,75201,2026-05-09,2026-10-31
900000000002294,1007,SH01,33101,2026-06-29,2026-10-02
900000000002295,1009,SH03,30301,2026-11-24,2026-06-27
900000000002296,1006,SH02,33101,2026-08-17,2026-05-24
900000000002297,1010,SH03,30301,2026-11-11,2026-11-23
900000000002298,1007,SH01,90210,2026-10-31,2026-07-27
900000000002299,1005,SH01,90210,2026-06-27,2026-07-10
900000000002300,1003,SH02,98101,2026-10-27,2026-09-21
900000000002301,1008,SH01,90210,2026-07-02,2026-10-14
900000000002302,1004,SH02,10001,2026-05-09,2026-11-24
900000000002303,1002,SH02,14201,2026-05-08,2026-10-14
900000000002304,1002,SH01,90210,2026-11-05,2026-11-23
900000000002305,1005,SH03,14201,2026-05-24,2026-10-02
900000000002306,1008,SH01,80201,2026-10-27,2026-09-28
900000000002307,1003,SH01,30301,2026-10-11,2026-11-05
900000000002308,1001,SH02,33101,2026-07-11,2026-07-11
900000000002309,1001,SH03,60652,2026-06-26,2026-10-26
900000000002310,1006,SH02,80201,2026-11-23,2026-05-07
900000000002311,1006,SH03,60601,2026-07-10,2026-11-05
900000000002312,1001,SH03,90210,2026-10-31,2026-10-21
900000000002313,1004,SH03,90210,2026-06-10,2026-11-23
900000000002314,1009,SH01,10001,2026-07-27,2026-11-11
900000000002315,1002,SH03,33101,2026-11-05,2026-11-23
900000000002316,1009,SH02,10001,2026-05-07,2026-11-23
900000000002317,1003,SH02,60652,2026-07-27,2026-07-27
900000000002318,1003,SH03,90210,2026-08-17,2026-10-26
900000000002319,1005,SH02,90210,2026-10-21,2026-06-27
900000000002320,1003,SH01,33101,2026-11-24,2026-11-23
900000000002321,1010,SH02,33101,2026-10-14,2026-10-27
900000000002322,1005,SH02,30301,2026-11-05,2026-06-26
900000000002323,1010,SH03,80201,2026-07-27,2026-10-11
900000000002324,1002,SH02,10001,2026-11-24,2026-06-09
900000000002325,1007,SH01,10001,2026-05-02,2026-05-08
900000000002326,1008,SH01,90210,2026-07-11,2026-10-11
900000000002327,1008,SH03,75201,2026-09-28,2026-10-21
900000000002328,1005,SH02,14201,2026-10-11,2026-05-08
900000000002329,1002,SH03,60652,2026-07-27,2026-07-10
900000000002330,1009,SH01,75201,2026-10-11,2026-05-08
900000000002331,1007,SH03,33101,2026-10-14,2026-10-21
900000000002332,1004,SH01,98101,2026-10-26,2026-05-02
900000000002333,1001,SH03,80201,2026-11-24,2026-11-24
900000000002334,1008,SH02,80201,2026-07-10,2026-09-28
900000000002335,1005,SH01,98101,2026-10-14,2026-06-10
900000000002336,1006,SH02,10001,2026-11-23,2026-11-05
900000000002337,1010,SH01,14201,2026-09-28,2026-06-10
900000000002338,1009,SH01,33101,2026-07-02,2026-10-27
900000000002339,1010,SH01,60652,2026-06-10,2026-10-14
900000000002340,1009,SH02,30301,2026-07-27,2026-10-02
900000000002341,1004,SH03,98101,2026-07-11,2026-08-17
900000000002342,1009,SH02,60652,2026-11-05,2026-07-02
900000000002343,1007,SH03,90210,2026-10-21,2026-11-24
900000000002344,1002,SH03,98101,2026-09-21,2026-06-27
900000000002345,1009,SH02,14201,2026-07-27,2026-10-14
900000000002346,1002,SH01,80201,2026-10-02,2026-11-11
900000000002347,1009,SH02,33101,2026-10-02,2026-07-10
900000000002348,1010,SH02,80201,2026-11-11,2026-06-09
900000000002349,1003,SH02,90210,2026-11-05,2026-06-27
900000000002350,1001,SH02,60601,2026-06-29,2026-06-26
900000000002351,1007,SH01,30301,2026-05-09,2026-07-27
900000000002352,1010,SH01,98101,2026-11-24,2026-06-09
900000000002353,1004,SH03,80201,2026-09-29,2026-11-24
900000000002354,1006,SH01,80201,2026-10-26,2026-05-08
900000000002355,1004,SH03,14201,2026-10-14,2026-09-21
900000000002356,1009,SH03,14201,2026-10-26,2026-06-10
900000000002357,1005,SH03,80201,2026-05-08,2026-05-08
900000000002358,1008,SH02,60601,2026-11-24,2026-06-10
900000000002359,1010,SH03,90210,2026-05-08,2026-08-17
900000000002360,1002,SH03,30301,2026-09-28,2026-06-29
900000000002361,1003,SH02,14201,2026-06-29,2026-08-17
900000000002362,1010,SH01,33101,2026-05-24,2026-10-21
900000000002363,1008,SH02,80201,2026-11-24,2026-11-23
900000000002364,1007,SH02,33101,2026-05-09,2026-06-26
900000000002365,1008,SH01,10001,2026-11-05,2026-10-21
900000000002366,1008,SH02,10001,2026-11-24,2026-10-31
900000000002367,1004,SH03,75201,2026-10-31,2026-11-23
900000000002368,1010,SH01,98101,2026-05-24,2026-10-14
900000000002369,1001,SH03,80201,2026-10-11,2026-09-29
900000000002370,1001,SH03,10001,2026-10-14,2026-05-24
900000000002371,1010,SH03,30301,2026-08-17,2026-07-27
900000000002372,1001,SH01,10001,2026-06-27,2026-07-02
900000000002373,1009,SH02,60601,2026-06-29,2026-08-17
900000000002374,1004,SH01,33101,2026-10-27,2026-09-21
900000000002375,1003,SH02,90210,2026-09-29,2026-07-02
900000000002376,1002,SH03,98101,2026-06-26,2026-05-02
900000000002377,1003,SH03,80201,2026-07-27,2026-05-09
900000000002378,1004,SH01,14201,2026-09-29,2026-07-27
900000000002379,1006,SH01,90210,2026-10-02,2026-10-14
900000000002380,1008,SH02,60652,2026-11-24,2026-09-28
900000000002381,1002,SH02,80201,2026-06-10,2026-07-27
900000000002382,1010,SH03,80201,2026-11-05,2026-11-24
900000000002383,1004,SH01,60652,2026-10-14,2026-06-27
900000000002384,1005,SH03,90210,2026-06-29,2026-05-02
900000000002385,1007,SH03,60652,2026-10-02,2026-11-11
900000000002386,1010,SH01,60601,2026-10-14,2026-06-29
900000000002387,1006,SH02,60652,2026-07-11,2026-06-10
900000000002388,1010,SH01,90210,2026-10-21,2026-07-10
900000000002389,1004,SH01,30301,2026-11-24,2026-06-26
900000000002390,1002,SH01,60652,2026-06-26,2026-07-27
900000000002391,1001,SH02,10001,2026-06-09,2026-08-17
900000000002392,1009,SH03,60652,2026-07-11,2026-10-27
900000000002393,1005,SH01,80201,2026-09-29,2026-10-14
900000000002394,1001,SH02,75201,2026-10-26,2026-05-08
900000000002395,1002,SH01,60601,2026-10-21,2026-07-27
900000000002396,1009,SH01,30301,2026-10-31,2026-10-26
900000000002397,1010,SH01,98101,2026-07-10,2026-10-21
900000000002398,1010,SH01,14201,2026-07-02,2026-05-09
900000000002399,1005,SH03,14201,2026-11-05,2026-11-05
900000000002400,1002,SH03,90210,2026-05-09,2026-09-28
900000000002401,1001,SH01,30301,2026-10-31,2026-06-26
900000000002402,1004,SH03,98101,2026-10-27,2026-07-02
900000000002403,1002,SH03,30301,2026-05-07,2026-10-21
900000000002404,1001,SH01,33101,2026-06-29,2026-06-29
900000000002405,1004,SH03,14201,2026-09-21,2026-05-07
900000000002406,1009,SH02,80201,2026-09-29,2026-10-21
900000000002407,1001,SH03,30301,2026-10-27,2026-05-02
900000000002408,1008,SH02,60601,2026-11-11,2026-11-05
900000000002409,1008,SH01,14201,2026-08-17,2026-10-31
900000000002410,1002,SH02,30301,2026-06-26,2026-07-11
900000000002411,1001,SH01,14201,2026-07-10,2026-11-05
900000000002412,1007,SH01,80201,2026-07-11,2026-09-21
900000000002413,1004,SH02,60601,2026-06-10,2026-08-16
900000000002414,1008,SH01,98101,2026-10-11,2026-05-24
900000000002415,1005,SH01,90210,2026-11-23,2026-11-24
900000000002416,1004,SH03,14201,2026-11-11,2026-10-27
900000000002417,1007,SH01,14201,2026-11-11,2026-07-11
900000000002418,1009,SH03,30301,2026-07-27,2026-11-24
900000000002419,1003,SH01,60601,2026-06-27,2026-06-09
900000000002420,1006,SH03,10001,2026-05-02,2026-07-11
900000000002421,1004,SH02,60652,2026-10-14,2026-11-23
900000000002422,1002,SH01,60652,2026-07-02,2026-10-11
900000000002423,1003,SH02,98101,2026-08-16,2026-09-29
900000000002424,1003,SH03,30301,2026-07-27,2026-06-27
900000000002425,1009,SH01,90210,2026-06-26,2026-09-29
900000000002426,1002,SH02,90210,2026-08-17,2026-11-24
900000000002427,1003,SH02,30301,2026-05-24,2026-09-21
900000000002428,1007,SH03,33101,2026-10-27,2026-05-08
900000000002429,1007,SH01,80201,2026-05-02,2026-06-27
900000000002430,1001,SH01,98101,2026-10-31,2026-10-21
900000000002431,1001,SH03,75201,2026-05-24,2026-07-02
900000000002432,1004,SH01,75201,2026-08-16,2026-09-29
900000000002433,1009,SH01,75201,2026-06-27,2026-05-07
900000000002434,1010,SH02,10001,2026-05-08,2026-07-27
900000000002435,1009,SH03,33101,2026-07-11,2026-09-28
900000000002436,1004,SH01,33101,2026-11-23,2026-11-23
900000000002437,1008,SH03,98101,2026-05-02,2026-09-28
900000000002438,1006,SH01,60601,2026-10-14,2026-09-21
900000000002439,1006,SH03,75201,2026-10-02,2026-05-02
900000000002440,1001,SH02,33101,2026-08-16,2026-09-29
900000000002441,1005,SH01,60601,2026-11-05,2026-06-29
900000000002442,1007,SH02,98101,2026-05-02,2026-06-27
900000000002443,1003,SH01,90210,2026-06-10,2026-11-05
900000000002444,1006,SH02,33101,2026-07-27,2026-06-27
900000000002445,1010,SH01,60652,2026-08-16,2026-08-16
900000000002446,1003,SH01,90210,2026-10-11,2026-11-05
900000000002447,1007,SH03,90210,2026-06-09,2026-05-09
900000000002448,1003,SH02,10001,2026-09-28,2026-10-21
900000000002449,1001,SH01,90210,2026-07-10,2026-07-27
900000000002450,1010,SH03,98101,2026-06-10,2026-11-11
900000000002451,1003,SH01,90210,2026-06-26,2026-05-09
900000000002452,1008,SH03,60652,2026-11-23,2026-06-29
900000000002453,1004,SH01,80201,2026-09-21,2026-06-27
900000000002454,1009,SH02,80201,2026-06-26,2026-06-29
900000000002455,1006,SH02,75201,2026-06-29,2026-05-08
900000000002456,1009,SH02,80201,2026-10-26,2026-07-10
900000000002457,1004,SH01,10001,2026-10-31,2026-10-26
900000000002458,1002,SH02,75201,2026-09-29,2026-06-26
900000000002459,1005,SH03,80201,2026-10-26,2026-06-26
900000000002460,1007,SH01,98101,2026-05-09,2026-06-29
900000000002461,1004,SH03,14201,2026-06-26,2026-10-27
900000000002462,1007,SH03,90210,2026-10-26,2026-11-05
900000000002463,1001,SH02,80201,2026-05-02,2026-06-09
900000000002464,1007,SH01,14201,2026-10-14,2026-11-11
900000000002465,1001,SH02,75201,2026-06-26,2026-07-11
900000000002466,1008,SH02,60652,2026-08-17,2026-09-28
900000000002467,1010,SH01,75201,2026-10-27,2026-05-02
900000000002468,1007,SH01,75201,2026-09-29,2026-11-05
900000000002469,1008,SH01,75201,2026-10-21,2026-06-26
900000000002470,1010,SH01,10001,2026-10-02,2026-06-26
900000000002471,1008,SH01,14201,2026-10-14,2026-06-09
900000000002472,1004,SH03,10001,2026-05-09,2026-08-16
900000000002473,1006,SH03,60601,2026-11-11,2026-10-21
900000000002474,1004,SH03,10001,2026-05-24,2026-05-24
900000000002475,1007,SH03,10001,2026-05-07,2026-07-10
900000000002476,1009,SH02,80201,2026-08-16,2026-06-29
900000000002477,1004,SH03,75201,2026-10-21,2026-06-09
900000000002478,1002,SH02,98101,2026-05-07,2026-07-27
900000000002479,1004,SH01,33101,2026-07-10,2026-09-21
900000000002480,1010,SH03,90210,2026-05-08,2026-09-21
900000000002481,1008,SH01,98101,2026-11-05,2026-10-27
900000000002482,1009,SH03,30301,2026-06-26,2026-10-31
900000000002483,1004,SH02,33101,2026-09-29,2026-09-28
900000000002484,1009,SH03,60652,2026-06-27,2026-09-29
900000000002485,1010,SH03,60652,2026-06-29,2026-06-26
900000000002486,1006,SH03,33101,2026-05-08,2026-10-11
900000000002487,1005,SH02,14201,2026-08-17,2026-09-21
900000000002488,1009,SH01,90210,2026-05-07,2026-07-10
900000000002489,1004,SH01,60601,2026-07-11,2026-09-21
900000000002490,1008,SH02,30301,2026-11-11,2026-05-09
900000000002491,1001,SH03,60601,2026-09-28,2026-05-02
900000000002492,1007,SH02,60652,2026-06-29,2026-11-11
900000000002493,1010,SH01,60652,2026-09-28,2026-08-17
900000000002494,1004,SH03,60652,2026-05-09,2026-09-21
900000000002495,1004,SH02,10001,2026-10-21,2026-06-26
900000000002496,1001,SH02,33101,2026-10-14,2026-05-02
900000000002497,1008,SH02,30301,2026-05-08,2026-07-10
900000000002498,1009,SH03,75201,2026-05-24,2026-07-11
900000000002499,1010,SH01,10001,2026-06-26,2026-05-07
900000000002500,1008,SH03,60652,2026-06-26,2026-10-11
900000000002501,1009,SH02,80201,2026-09-28,2026-06-09
900000000002502,1008,SH01,80201,2026-09-29,2026-09-28
900000000002503,1008,SH03,60652,2026-07-10,2026-07-10
900000000002504,1008,SH01,80201,2026-10-02,2026-10-31
900000000002505,1006,SH02,80201,2026-05-07,2026-10-27
900000000002506,1005,SH01,33101,2026-05-02,2026-09-28
900000000002507,1005,SH02,80201,2026-10-14,2026-05-24
900000000002508,1001,SH02,60601,2026-07-02,2026-09-28
900000000002509,1010,SH01,80201,2026-05-09,2026-09-28
900000000002510,1008,SH03,75201,2026-08-17,2026-05-24
900000000002511,1007,SH02,90210,2026-10-31,2026-07-11
900000000002512,1010,SH01,75201,2026-10-14,2026-05-07
900000000002513,1005,SH03,30301,2026-09-21,2026-10-31
900000000002514,1004,SH03,60601,2026-11-23,2026-05-09
900000000002515,1008,SH03,80201,2026-10-31,2026-06-10
900000000002516,1004,SH03,60601,2026-05-08,2026-10-11
900000000002517,1006,SH01,10001,2026-06-09,2026-09-29
900000000002518,1007,SH02,80201,2026-05-07,2026-05-02
900000000002519,1006,SH03,10001,2026-07-27,2026-11-05
900000000002520,1005,SH02,75201,2026-10-11,2026-06-26
900000000002521,1001,SH02,75201,2026-11-11,2026-08-17
900000000002522,1006,SH03,98101,2026-10-14,2026-06-26
900000000002523,1002,SH03,90210,2026-10-26,2026-08-17
900000000002524,1002,SH01,33101,2026-10-26,2026-10-11
900000000002525,1006,SH02,75201,2026-11-23,2026-10-27
900000000002526,1006,SH03,30301,2026-09-28,2026-06-09
900000000002527,1005,SH02,60652,2026-07-10,2026-05-07
900000000002528,1004,SH01,30301,2026-08-16,2026-07-10
900000000002529,1010,SH03,98101,2026-08-16,2026-10-02
900000000002530,1009,SH01,30301,2026-05-02,2026-07-27
900000000002531,1010,SH02,60652,2026-06-27,2026-09-28
900000000002532,1009,SH03,60652,2026-10-26,2026-10-26
900000000002533,1003,SH03,98101,2026-06-29,2026-06-26
900000000002534,1005,SH03,60601,2026-07-02,2026-06-09
900000000002535,1009,SH02,60652,2026-09-29,2026-10-21
900000000002536,1006,SH02,98101,2026-11-11,2026-07-10
900000000002537,1001,SH02,60652,2026-06-26,2026-10-21
900000000002538,1008,SH01,75201,2026-07-02,2026-10-27
900000000002539,1010,SH02,60601,2026-05-07,2026-07-11
900000000002540,1006,SH01,10001,2026-06-27,2026-09-28
900000000002541,1007,SH01,30301,2026-09-28,2026-06-09
900000000002542,1009,SH03,60601,2026-11-24,2026-10-26
900000000002543,1004,SH02,75201,2026-11-24,2026-11-05
900000000002544,1006,SH01,60601,2026-05-07,2026-10-11
900000000002545,1009,SH02,33101,2026-10-27,2026-09-28
900000000002546,1005,SH01,60601,2026-10-14,2026-05-08
900000000002547,1004,SH01,30301,2026-09-21,2026-09-29
900000000002548,1003,SH03,98101,2026-10-14,2026-06-26
900000000002549,1004,SH01,33101,2026-11-05,2026-08-17
900000000002550,1006,SH01,98101,2026-05-07,2026-09-29
900000000002551,1007,SH01,10001,2026-10-21,2026-07-11
900000000002552,1010,SH02,90210,2026-09-28,2026-11-23
900000000002553,1006,SH01,80201,2026-07-27,2026-06-10
900000000002554,1007,SH01,33101,2026-10-21,2026-05-24
900000000002555,1009,SH02,60652,2026-06-10,2026-11-05
900000000002556,1006,SH03,60652,2026-09-21,2026-07-02
900000000002557,1010,SH03,10001,2026-10-11,2026-09-21
900000000002558,1009,SH03,30301,2026-11-23,2026-10-31
900000000002559,1005,SH02,30301,2026-06-09,2026-11-11
900000000002560,1003,SH01,33101,2026-11-11,2026-10-21
900000000002561,1006,SH02,75201,2026-11-24,2026-10-26
900000000002562,1009,SH03,60601,2026-05-24,2026-05-09
900000000002563,1007,SH02,75201,2026-05-09,2026-11-23
900000000002564,1004,SH02,90210,2026-11-05,2026-11-11
900000000002565,1001,SH02,90210,2026-05-09,2026-10-02
900000000002566,1006,SH02,30301,2026-10-31,2026-10-11
900000000002567,1004,SH01,14201,2026-05-08,2026-07-11
900000000002568,1004,SH02,33101,2026-07-27,2026-11-05
900000000002569,1007,SH03,98101,2026-10-31,2026-06-29
900000000002570,1009,SH03,14201,2026-06-26,2026-10-14
900000000002571,1001,SH02,30301,2026-06-26,2026-06-10
900000000002572,1008,SH03,14201,2026-05-08,2026-11-05
900000000002573,1004,SH03,60601,2026-11-11,2026-08-17
900000000002574,1001,SH03,98101,2026-05-07,2026-06-27
900000000002575,1009,SH01,33101,2026-07-10,2026-07-27
900000000002576,1003,SH01,75201,2026-06-26,2026-07-27
900000000002577,1005,SH02,33101,2026-10-26,2026-05-08
900000000002578,1004,SH03,98101,2026-09-29,2026-06-29
900000000002579,1003,SH03,90210,2026-10-26,2026-10-31
900000000002580,1009,SH01,60652,2026-07-02,2026-10-21
900000000002581,1002,SH02,33101,2026-05-24,2026-09-28
900000000002582,1005,SH03,80201,2026-07-02,2026-05-08
900000000002583,1007,SH02,10001,2026-06-09,2026-10-26
900000000002584,1009,SH01,33101,2026-07-10,2026-10-02
900000000002585,1003,SH02,14201,2026-07-10,2026-08-16
900000000002586,1005,SH02,30301,2026-06-27,2026-10-27
900000000002587,1002,SH01,98101,2026-10-14,2026-10-21
900000000002588,1004,SH02,75201,2026-10-14,2026-06-26
900000000002589,1001,SH03,30301,2026-10-11,2026-10-26
900000000002590,1004,SH01,90210,2026-05-07,2026-08-16
900000000002591,1003,SH01,33101,2026-10-31,2026-05-08
900000000002592,1006,SH03,98101,2026-08-16,2026-06-26
900000000002593,1008,SH03,30301,2026-05-24,2026-05-24
900000000002594,1008,SH02,14201,2026-06-10,2026-10-27
900000000002595,1006,SH01,30301,2026-08-17,2026-10-27
900000000002596,1009,SH02,30301,2026-06-10,2026-11-11
900000000002597,1001,SH01,30301,2026-05-09,2026-06-09
900000000002598,1008,SH03,90210,2026-05-08,2026-09-29
900000000002599,1002,SH02,33101,2026-09-29,2026-06-26
900000000002600,1009,SH02,10001,2026-10-14,2026-10-31
900000000002601,1007,SH01,75201,2026-06-27,2026-09-21
900000000002602,1003,SH01,60652,2026-08-16,2026-10-26
900000000002603,1002,SH03,60601,2026-06-10,2026-10-11
900000000002604,1002,SH02,33101,2026-10-02,2026-11-23
900000000002605,1002,SH01,10001,2026-05-02,2026-05-24
900000000002606,1005,SH03,10001,2026-09-29,2026-06-27
900000000002607,1007,SH03,30301,2026-07-27,2026-05-02
900000000002608,1004,SH03,98101,2026-10-14,2026-09-28
900000000002609,1007,SH03,33101,2026-06-10,2026-11-23
900000000002610,1005,SH03,30301,2026-10-27,2026-10-31
900000000002611,1003,SH01,60652,2026-10-27,2026-11-24
900000000002612,1010,SH02,75201,2026-07-10,2026-07-27
900000000002613,1004,SH01,90210,2026-10-02,2026-06-09
900000000002614,1005,SH01,60652,2026-05-08,2026-08-17
900000000002615,1003,SH02,10001,2026-08-17,2026-08-16
900000000002616,1006,SH01,80201,2026-08-16,2026-11-11
900000000002617,1004,SH03,14201,2026-05-07,2026-07-11
900000000002618,1005,SH03,98101,2026-07-27,2026-10-26
900000000002619,1001,SH03,14201,2026-10-26,2026-09-28
900000000002620,1002,SH03,60601,2026-06-09,2026-05-09
900000000002621,1002,SH03,80201,2026-07-10,2026-06-29
900000000002622,1010,SH01,14201,2026-06-27,2026-06-10
900000000002623,1007,SH01,80201,2026-06-29,2026-07-27
900000000002624,1010,SH01,75201,2026-06-10,2026-11-24
900000000002625,1007,SH01,98101,2026-05-09,2026-09-28
900000000002626,1002,SH03,60601,2026-10-14,2026-10-26
900000000002627,1005,SH02,60601,2026-09-29,2026-11-23
900000000002628,1006,SH02,33101,2026-07-10,2026-06-27
900000000002629,1005,SH01,80201,2026-09-21,2026-10-11
900000000002630,1003,SH02,80201,2026-09-21,2026-07-02
900000000002631,1009,SH03,98101,2026-05-24,2026-07-27
900000000002632,1003,SH02,14201,2026-08-17,2026-05-24
900000000002633,1005,SH02,80201,2026-07-11,2026-06-26
900000000002634,1009,SH02,98101,2026-09-29,2026-11-23
900000000002635,1009,SH02,90210,2026-10-14,2026-07-11
900000000002636,1004,SH01,75201,2026-07-11,2026-08-17
900000000002637,1007,SH02,98101,2026-05-09,2026-07-10
900000000002638,1004,SH02,30301,2026-07-10,2026-11-11
900000000002639,1007,SH03,60652,2026-09-21,2026-07-27
900000000002640,1010,SH03,75201,2026-10-14,2026-07-10
900000000002641,1004,SH03,80201,2026-10-11,2026-10-11
900000000002642,1002,SH01,90210,2026-09-21,2026-06-10
900000000002643,1009,SH03,33101,2026-07-10,2026-07-27
900000000002644,1006,SH02,80201,2026-07-02,2026-06-10
900000000002645,1002,SH03,80201,2026-06-26,2026-05-07
900000000002646,1006,SH02,80201,2026-10-31,2026-10-02
900000000002647,1002,SH01,14201,2026-11-23,2026-11-11
900000000002648,1001,SH02,14201,2026-10-31,2026-08-17
900000000002649,1007,SH03,90210,2026-07-10,2026-05-02
900000000002650,1004,SH01,33101,2026-11-11,2026-05-24
900000000002651,1005,SH03,30301,2026-11-24,2026-06-09
900000000002652,1002,SH01,90210,2026-06-26,2026-09-29
900000000002653,1002,SH03,60652,2026-07-10,2026-05-08
900000000002654,1001,SH01,60601,2026-05-07,2026-06-09
900000000002655,1003,SH01,14201,2026-05-07,2026-09-29
900000000002656,1009,SH02,75201,2026-10-11,2026-09-21
900000000002657,1010,SH03,10001,2026-08-16,2026-05-07
900000000002658,1008,SH01,90210,2026-07-27,2026-05-08
900000000002659,1001,SH03,14201,2026-05-02,2026-11-05
900000000002660,1008,SH03,33101,2026-11-05,2026-06-26
900000000002661,1003,SH03,98101,2026-08-17,2026-11-24
900000000002662,1004,SH01,14201,2026-07-11,2026-11-11
900000000002663,1005,SH03,10001,2026-09-21,2026-05-02
900000000002664,1004,SH01,80201,2026-10-02,2026-07-11
900000000002665,1004,SH02,98101,2026-11-05,2026-10-11
900000000002666,1004,SH02,33101,2026-11-05,2026-10-31
900000000002667,1003,SH03,80201,2026-07-02,2026-11-23
900000000002668,1010,SH02,14201,2026-07-10,2026-06-29
900000000002669,1009,SH02,60601,2026-05-24,2026-07-02
900000000002670,1007,SH02,98101,2026-05-09,2026-05-08
900000000002671,1002,SH01,14201,2026-05-07,2026-06-26
900000000002672,1007,SH01,60601,2026-06-26,2026-10-31
900000000002673,1010,SH02,98101,2026-06-29,2026-06-29
900000000002674,1008,SH01,60652,2026-05-02,2026-07-02
900000000002675,1009,SH02,14201,2026-06-10,2026-10-11
900000000002676,1009,SH03,98101,2026-10-14,2026-10-11
900000000002677,1002,SH03,14201,2026-05-24,2026-09-28
900000000002678,1009,SH01,14201,2026-11-23,2026-10-02
900000000002679,1002,SH02,33101,2026-05-09,2026-10-27
900000000002680,1002,SH03,75201,2026-05-08,2026-10-14
900000000002681,1009,SH02,90210,2026-08-16,2026-11-24
900000000002682,1003,SH01,80201,2026-06-10,2026-11-23
900000000002683,1005,SH03,60652,2026-06-26,2026-09-21
900000000002684,1007,SH01,75201,2026-09-29,2026-11-23
900000000002685,1004,SH02,14201,2026-10-14,2026-10-26
900000000002686,1001,SH02,14201,2026-11-23,2026-09-29
900000000002687,1005,SH02,90210,2026-06-29,2026-09-29
900000000002688,1010,SH03,98101,2026-10-02,2026-10-11
900000000002689,1008,SH01,98101,2026-08-17,2026-07-27
900000000002690,1005,SH03,90210,2026-05-09,2026-05-02
900000000002691,1001,SH02,14201,2026-10-02,2026-06-26
900000000002692,1003,SH01,60652,2026-06-10,2026-07-02
900000000002693,1002,SH01,60601,2026-06-10,2026-06-27
900000000002694,1001,SH02,60601,2026-05-09,2026-08-16
900000000002695,1010,SH02,30301,2026-11-23,2026-06-26
900000000002696,1009,SH03,14201,2026-06-09,2026-10-21
900000000002697,1003,SH02,33101,2026-05-24,2026-05-02
900000000002698,1002,SH02,60652,2026-05-07,2026-05-07
900000000002699,1004,SH01,98101,2026-10-31,2026-05-24
900000000002700,1002,SH01,98101,2026-06-27,2026-11-23
900000000002701,1002,SH01,14201,2026-10-14,2026-05-08
900000000002702,1009,SH02,80201,2026-06-29,2026-11-23
900000000002703,1002,SH03,10001,2026-06-10,2026-05-08
900000000002704,1010,SH03,90210,2026-11-11,2026-10-11
900000000002705,1008,SH01,14201,2026-05-08,2026-10-02
900000000002706,1005,SH03,33101,2026-07-27,2026-11-23
900000000002707,1008,SH01,80201,2026-06-27,2026-10-14
900000000002708,1010,SH02,30301,2026-06-27,2026-06-10
900000000002709,1005,SH01,75201,2026-11-11,2026-07-11
900000000002710,1008,SH01,33101,2026-06-29,2026-09-29
900000000002711,1004,SH01,33101,2026-10-14,2026-07-27
900000000002712,1003,SH03,90210,2026-07-10,2026-05-07
900000000002713,1003,SH02,14201,2026-07-11,2026-07-10
900000000002714,1006,SH03,98101,2026-05-24,2026-11-05
900000000002715,1007,SH02,10001,2026-11-24,2026-06-26
900000000002716,1008,SH03,80201,2026-11-05,2026-07-10
900000000002717,1001,SH01,98101,2026-05-24,2026-10-21
900000000002718,1007,SH03,60652,2026-06-29,2026-09-21
900000000002719,1004,SH03,60652,2026-07-27,2026-11-05
900000000002720,1006,SH01,14201,2026-10-27,2026-06-29
900000000002721,1003,SH03,33101,2026-05-24,2026-05-09
900000000002722,1008,SH03,75201,2026-06-09,2026-07-27
900000000002723,1001,SH01,60601,2026-06-10,2026-05-09
900000000002724,1001,SH03,33101,2026-08-16,2026-11-23
900000000002725,1002,SH01,30301,2026-09-29,2026-05-09
900000000002726,1010,SH01,80201,2026-07-11,2026-09-29
900000000002727,1006,SH03,90210,2026-06-10,2026-06-29
900000000002728,1003,SH03,75201,2026-10-21,2026-10-21
900000000002729,1001,SH03,75201,2026-11-24,2026-07-02
900000000002730,1010,SH02,80201,2026-10-11,2026-06-09
900000000002731,1001,SH01,98101,2026-11-11,2026-06-10
900000000002732,1008,SH03,90210,2026-05-24,2026-10-02
900000000002733,1003,SH02,14201,2026-07-02,2026-07-27
900000000002734,1003,SH03,33101,2026-07-27,2026-09-21
900000000002735,1005,SH02,33101,2026-10-21,2026-07-11
900000000002736,1003,SH01,14201,2026-06-27,2026-11-23
900000000002737,1004,SH02,60601,2026-06-10,2026-10-27
900000000002738,1004,SH02,60652,2026-10-21,2026-06-29
900000000002739,1010,SH02,60601,2026-11-11,2026-10-31
900000000002740,1002,SH03,14201,2026-06-27,2026-09-29
900000000002741,1008,SH03,30301,2026-10-26,2026-08-16
900000000002742,1009,SH01,60652,2026-09-21,2026-10-31
900000000002743,1006,SH01,98101,2026-05-08,2026-10-11
900000000002744,1005,SH01,10001,2026-05-09,2026-11-11
900000000002745,1007,SH01,14201,2026-10-27,2026-10-21
900000000002746,1005,SH01,80201,2026-05-02,2026-06-29
900000000002747,1001,SH02,10001,2026-05-24,2026-11-24
900000000002748,1008,SH03,60601,2026-06-27,2026-07-02
900000000002749,1007,SH02,80201,2026-05-09,2026-07-02
900000000002750,1003,SH01,80201,2026-11-05,2026-07-27
900000000002751,1001,SH02,33101,2026-09-29,2026-07-11
900000000002752,1001,SH01,60652,2026-06-10,2026-08-17
900000000002753,1004,SH03,75201,2026-10-14,2026-10-31
900000000002754,1010,SH02,90210,2026-07-02,2026-07-02
900000000002755,1002,SH03,60652,2026-06-27,2026-10-26
900000000002756,1007,SH03,60601,2026-11-24,2026-11-11
900000000002757,1001,SH01,98101,2026-05-08,2026-06-09
900000000002758,1002,SH02,14201,2026-10-11,2026-06-09
900000000002759,1006,SH02,30301,2026-09-28,2026-09-29
900000000002760,1009,SH03,90210,2026-05-08,2026-10-27
900000000002761,1002,SH03,60652,2026-05-09,2026-10-21
900000000002762,1007,SH01,60601,2026-05-09,2026-10-31
900000000002763,1009,SH01,98101,2026-10-27,2026-05-08
900000000002764,1007,SH02,14201,2026-05-02,2026-08-16
900000000002765,1005,SH03,60601,2026-05-09,2026-11-24
900000000002766,1007,SH03,75201,2026-08-17,2026-07-11
900000000002767,1001,SH02,10001,2026-08-16,2026-07-27
900000000002768,1005,SH03,30301,2026-11-23,2026-11-05
900000000002769,1007,SH01,10001,2026-10-21,2026-07-02
900000000002770,1006,SH03,60601,2026-06-10,2026-11-24
900000000002771,1006,SH03,80201,2026-05-09,2026-09-29
900000000002772,1005,SH01,10001,2026-11-24,2026-10-14
900000000002773,1009,SH03,60601,2026-07-10,2026-09-28
900000000002774,1009,SH02,30301,2026-10-11,2026-05-09
900000000002775,1010,SH03,30301,2026-11-23,2026-05-09
900000000002776,1003,SH02,80201,2026-05-07,2026-05-02
900000000002777,1005,SH03,33101,2026-08-17,2026-06-26
900000000002778,1001,SH01,98101,2026-11-05,2026-07-27
900000000002779,1007,SH02,98101,2026-06-09,2026-09-28
900000000002780,1010,SH01,30301,2026-05-07,2026-07-10
900000000002781,1008,SH01,90210,2026-06-10,2026-09-29
900000000002782,1005,SH02,90210,2026-06-26,2026-11-11
900000000002783,1004,SH01,80201,2026-06-09,2026-10-27
900000000002784,1008,SH02,75201,2026-10-31,2026-06-29
900000000002785,1006,SH02,14201,2026-10-31,2026-05-24
900000000002786,1007,SH03,98101,2026-11-05,2026-10-11
900000000002787,1004,SH01,33101,2026-07-27,2026-07-02
900000000002788,1001,SH03,60652,2026-05-09,2026-06-27
900000000002789,1004,SH02,60601,2026-07-10,2026-10-31
900000000002790,1004,SH01,60652,2026-11-24,2026-06-10
900000000002791,1007,SH01,80201,2026-09-29,2026-10-02
900000000002792,1004,SH01,60652,2026-06-10,2026-07-10
900000000002793,1002,SH03,14201,2026-06-10,2026-05-07
900000000002794,1008,SH03,10001,2026-10-11,2026-06-09
900000000002795,1006,SH01,33101,2026-06-27,2026-06-10
900000000002796,1001,SH03,10001,2026-11-05,2026-05-09
900000000002797,1002,SH01,75201,2026-05-24,2026-06-29
900000000002798,1001,SH02,98101,2026-06-09,2026-06-26
900000000002799,1007,SH03,90210,2026-10-02,2026-10-14
900000000002800,1004,SH01,14201,2026-05-09,2026-10-31
900000000002801,1001,SH01,60601,2026-09-29,2026-11-23
900000000002802,1002,SH02,75201,2026-06-26,2026-08-16
900000000002803,1002,SH03,80201,2026-05-02,2026-06-10
900000000002804,1007,SH02,30301,2026-07-27,2026-06-09
900000000002805,1008,SH02,90210,2026-07-27,2026-08-16
900000000002806,1002,SH01,90210,2026-07-11,2026-11-23
900000000002807,1002,SH01,10001,2026-06-09,2026-11-05
900000000002808,1005,SH03,90210,2026-07-02,2026-08-17
900000000002809,1004,SH01,75201,2026-10-02,2026-06-10
900000000002810,1010,SH01,75201,2026-10-11,2026-06-29
900000000002811,1002,SH01,75201,2026-07-10,2026-05-24
900000000002812,1005,SH01,90210,2026-10-02,2026-05-08
900000000002813,1003,SH02,60601,2026-05-07,2026-05-24
900000000002814,1009,SH03,60652,2026-06-10,2026-06-29
900000000002815,1008,SH01,60652,2026-05-08,2026-09-28
900000000002816,1008,SH03,10001,2026-10-31,2026-05-08
900000000002817,1009,SH01,33101,2026-05-07,2026-05-24
900000000002818,1008,SH01,60652,2026-05-24,2026-10-11
900000000002819,1007,SH02,30301,2026-05-09,2026-09-29
900000000002820,1003,SH03,75201,2026-11-11,2026-06-09
900000000002821,1009,SH01,75201,2026-11-23,2026-08-16
900000000002822,1007,SH01,14201,2026-11-05,2026-09-29
900000000002823,1008,SH02,33101,2026-07-11,2026-05-07
900000000002824,1002,SH01,80201,2026-09-21,2026-10-14
900000000002825,1003,SH03,33101,2026-05-24,2026-07-02
900000000002826,1007,SH01,10001,2026-05-09,2026-09-28
900000000002827,1006,SH02,75201,2026-05-08,2026-11-05
900000000002828,1008,SH03,30301,2026-10-02,2026-07-10
900000000002829,1004,SH02,10001,2026-05-07,2026-10-21
900000000002830,1010,SH01,10001,2026-11-11,2026-08-17
900000000002831,1004,SH02,60652,2026-07-10,2026-09-29
900000000002832,1004,SH01,60652,2026-10-21,2026-09-29
900000000002833,1005,SH02,14201,2026-11-24,2026-05-07
900000000002834,1009,SH03,33101,2026-06-29,2026-06-27
900000000002835,1001,SH02,33101,2026-10-11,2026-11-23
900000000002836,1007,SH02,10001,2026-07-02,2026-05-24
900000000002837,1004,SH01,33101,2026-08-16,2026-09-21
900000000002838,1009,SH02,10001,2026-06-27,2026-07-27
900000000002839,1007,SH01,33101,2026-05-09,2026-07-10
900000000002840,1001,SH02,14201,2026-05-08,2026-11-11
900000000002841,1002,SH03,60652,2026-11-24,2026-10-02
900000000002842,1005,SH03,10001,2026-10-14,2026-08-17
900000000002843,1004,SH03,60652,2026-10-02,2026-07-11
900000000002844,1006,SH01,98101,2026-05-07,2026-05-08
900000000002845,1010,SH03,33101,2026-10-11,2026-10-31
900000000002846,1009,SH03,60601,2026-10-21,2026-07-11
900000000002847,1003,SH02,60601,2026-10-26,2026-06-09
900000000002848,1009,SH01,10001,2026-07-11,2026-10-31
900000000002849,1009,SH01,10001,2026-08-17,2026-09-28
900000000002850,1009,SH03,60601,2026-07-11,2026-07-10
900000000002851,1009,SH01,90210,2026-05-02,2026-05-07
900000000002852,1009,SH02,90210,2026-11-11,2026-05-02
900000000002853,1008,SH01,10001,2026-09-28,2026-10-14
900000000002854,1004,SH03,98101,2026-06-27,2026-10-14
900000000002855,1008,SH03,60652,2026-10-27,2026-07-27
900000000002856,1001,SH03,80201,2026-08-16,2026-07-10
900000000002857,1003,SH02,10001,2026-07-10,2026-11-24
900000000002858,1009,SH01,10001,2026-10-14,2026-11-23
900000000002859,1001,SH01,80201,2026-05-08,2026-07-02
900000000002860,1002,SH01,14201,2026-10-21,2026-08-16
900000000002861,1004,SH02,60652,2026-09-28,2026-05-08
900000000002862,1003,SH03,33101,2026-06-26,2026-10-26
900000000002863,1002,SH03,60652,2026-11-24,2026-10-02
900000000002864,1001,SH01,60652,2026-05-08,2026-09-29
900000000002865,1002,SH02,10001,2026-08-16,2026-05-24
900000000002866,1006,SH02,60601,2026-10-26,2026-11-24
900000000002867,1007,SH01,33101,2026-09-21,2026-09-28
900000000002868,1005,SH03,75201,2026-11-05,2026-05-02
900000000002869,1004,SH02,14201,2026-05-08,2026-05-07
900000000002870,1002,SH01,30301,2026-05-24,2026-07-11
900000000002871,1008,SH01,80201,2026-07-27,2026-11-23
900000000002872,1004,SH02,60652,2026-07-27,2026-10-21
900000000002873,1002,SH03,10001,2026-08-17,2026-06-27
900000000002874,1006,SH03,80201,2026-10-14,2026-07-11
900000000002875,1008,SH02,75201,2026-05-09,2026-05-09
900000000002876,1005,SH03,14201,2026-06-29,2026-06-29
900000000002877,1003,SH02,10001,2026-06-10,2026-07-11
900000000002878,1001,SH02,90210,2026-10-31,2026-08-16
900000000002879,1009,SH03,60652,2026-08-16,2026-07-02
900000000002880,1010,SH01,30301,2026-06-29,2026-07-02
900000000002881,1007,SH03,10001,2026-06-29,2026-05-24
900000000002882,1010,SH03,14201,2026-06-27,2026-05-24
900000000002883,1002,SH01,98101,2026-06-27,2026-09-21
900000000002884,1003,SH01,60652,2026-09-28,2026-08-16
900000000002885,1008,SH02,14201,2026-11-05,2026-10-11
900000000002886,1007,SH02,10001,2026-06-09,2026-06-29
900000000002887,1008,SH02,10001,2026-10-21,2026-10-02
900000000002888,1001,SH01,60601,2026-10-11,2026-08-16
900000000002889,1003,SH01,90210,2026-06-09,2026-05-08
900000000002890,1010,SH02,80201,2026-05-07,2026-06-26
900000000002891,1008,SH02,98101,2026-07-02,2026-05-24
900000000002892,1005,SH02,60601,2026-11-05,2026-10-21
900000000002893,1006,SH01,60652,2026-09-29,2026-05-07
900000000002894,1009,SH02,75201,2026-09-29,2026-07-27
900000000002895,1010,SH01,60652,2026-07-11,2026-05-07
900000000002896,1007,SH02,30301,2026-06-29,2026-10-27
900000000002897,1004,SH03,14201,2026-07-11,2026-08-17
900000000002898,1003,SH01,75201,2026-07-10,2026-11-11
900000000002899,1008,SH03,30301,2026-10-02,2026-06-27
900000000002900,1002,SH02,98101,2026-06-09,2026-10-31
900000000002901,1007,SH03,60652,2026-05-07,2026-10-27
900000000002902,1003,SH01,80201,2026-07-02,2026-11-24
900000000002903,1006,SH03,60652,2026-06-26,2026-09-21
900000000002904,1006,SH03,10001,2026-11-24,2026-06-29
900000000002905,1010,SH02,75201,2026-10-14,2026-10-31
900000000002906,1009,SH02,90210,2026-05-09,2026-11-23
900000000002907,1001,SH02,60601,2026-06-27,2026-06-10
900000000002908,1005,SH02,60652,2026-09-28,2026-11-05
900000000002909,1007,SH03,90210,2026-07-02,2026-10-02
900000000002910,1001,SH03,10001,2026-06-10,2026-05-08
900000000002911,1009,SH01,30301,2026-09-21,2026-10-11
900000000002912,1004,SH02,60601,2026-07-02,2026-10-27
900000000002913,1002,SH03,90210,2026-06-26,2026-10-14
900000000002914,1008,SH03,60652,2026-11-11,2026-10-11
900000000002915,1008,SH02,30301,2026-06-10,2026-10-02
900000000002916,1003,SH01,60601,2026-10-02,2026-05-08
900000000002917,1004,SH02,98101,2026-10-21,2026-05-24
900000000002918,1003,SH01,60601,2026-06-27,2026-05-09
900000000002919,1007,SH01,60601,2026-05-24,2026-08-16
900000000002920,1010,SH02,80201,2026-06-10,2026-05-09
900000000002921,1005,SH03,14201,2026-08-16,2026-06-10
900000000002922,1007,SH03,14201,2026-09-21,2026-11-11
900000000002923,1001,SH03,30301,2026-05-24,2026-05-02
900000000002924,1007,SH01,60601,2026-07-10,2026-09-29
900000000002925,1005,SH03,10001,2026-11-05,2026-10-31
900000000002926,1003,SH02,80201,2026-07-02,2026-10-11
900000000002927,1007,SH01,10001,2026-07-27,2026-06-26
900000000002928,1004,SH02,60652,2026-06-09,2026-09-28
900000000002929,1006,SH01,90210,2026-07-02,2026-08-17
900000000002930,1001,SH01,60601,2026-05-09,2026-10-14
900000000002931,1006,SH03,60601,2026-10-02,2026-05-08
900000000002932,1006,SH01,90210,2026-07-11,2026-06-09
900000000002933,1001,SH03,60652,2026-05-24,2026-06-10
900000000002934,1001,SH01,98101,2026-07-02,2026-08-17
900000000002935,1005,SH01,10001,2026-05-09,2026-05-07
900000000002936,1007,SH03,75201,2026-07-02,2026-07-11
900000000002937,1001,SH01,33101,2026-10-21,2026-07-11
900000000002938,1008,SH03,80201,2026-09-29,2026-07-10
900000000002939,1004,SH01,90210,2026-11-24,2026-06-10
900000000002940,1002,SH03,60652,2026-06-29,2026-05-02
900000000002941,1001,SH03,33101,2026-09-21,2026-08-17
900000000002942,1008,SH01,75201,2026-06-27,2026-11-05
900000000002943,1007,SH02,10001,2026-09-29,2026-06-09
900000000002944,1008,SH03,80201,2026-07-27,2026-10-31
900000000002945,1004,SH03,60652,2026-10-31,2026-08-17
900000000002946,1003,SH01,75201,2026-10-11,2026-11-05
900000000002947,1007,SH01,60601,2026-07-02,2026-10-14
900000000002948,1003,SH02,60601,2026-06-10,2026-06-10
900000000002949,1006,SH02,60601,2026-10-31,2026-07-02
900000000002950,1009,SH03,60652,2026-09-29,2026-07-10
900000000002951,1010,SH01,90210,2026-07-27,2026-10-11
900000000002952,1008,SH01,90210,2026-10-02,2026-09-21
900000000002953,1007,SH03,30301,2026-10-21,2026-11-05
900000000002954,1002,SH03,90210,2026-10-27,2026-09-29
900000000002955,1001,SH03,80201,2026-06-26,2026-11-05
900000000002956,1007,SH03,98101,2026-07-27,2026-10-11
900000000002957,1002,SH02,80201,2026-10-11,2026-07-11
900000000002958,1003,SH01,60652,2026-10-14,2026-06-26
900000000002959,1002,SH02,30301,2026-10-14,2026-10-21
900000000002960,1004,SH01,98101,2026-11-23,2026-11-11
900000000002961,1002,SH03,30301,2026-06-10,2026-07-27
900000000002962,1009,SH01,98101,2026-11-23,2026-06-09
900000000002963,1004,SH03,33101,2026-07-11,2026-11-23
900000000002964,1004,SH03,98101,2026-07-11,2026-07-27
900000000002965,1002,SH01,60652,2026-10-26,2026-06-26
900000000002966,1005,SH03,80201,2026-10-27,2026-09-29
900000000002967,1002,SH01,60601,2026-06-27,2026-08-17
900000000002968,1009,SH01,60601,2026-06-29,2026-10-02
900000000002969,1009,SH02,30301,2026-05-07,2026-06-10
900000000002970,1004,SH01,75201,2026-07-11,2026-09-28
900000000002971,1001,SH01,80201,2026-10-11,2026-09-28
900000000002972,1001,SH02,30301,2026-06-27,2026-06-29
900000000002973,1004,SH01,90210,2026-05-02,2026-06-27
900000000002974,1008,SH02,33101,2026-06-10,2026-10-26
900000000002975,1002,SH03,90210,2026-09-28,2026-05-02
900000000002976,1007,SH03,98101,2026-07-27,2026-05-09
900000000002977,1004,SH01,80201,2026-07-27,2026-08-17
900000000002978,1001,SH02,60652,2026-11-24,2026-11-23
900000000002979,1005,SH03,80201,2026-11-11,2026-06-26
900000000002980,1002,SH01,33101,2026-06-09,2026-08-17
900000000002981,1005,SH01,80201,2026-10-26,2026-10-02
900000000002982,1001,SH01,98101,2026-10-14,2026-10-02
900000000002983,1006,SH03,75201,2026-08-17,2026-05-07
900000000002984,1003,SH03,10001,2026-11-24,2026-09-21
900000000002985,1002,SH03,98101,2026-06-27,2026-06-29
900000000002986,1006,SH03,90210,2026-10-02,2026-05-09
900000000002987,1005,SH03,98101,2026-06-10,2026-11-05
900000000002988,1002,SH02,33101,2026-06-27,2026-06-26
900000000002989,1007,SH02,14201,2026-11-24,2026-06-26
900000000002990,1006,SH02,98101,2026-05-08,2026-06-27
900000000002991,1003,SH01,33101,2026-05-02,2026-10-31
900000000002992,1005,SH02,60652,2026-06-27,2026-08-17
900000000002993,1003,SH02,14201,2026-05-24,2026-11-24
900000000002994,1002,SH03,60601,2026-06-10,2026-08-16
900000000002995,1008,SH03,98101,2026-10-27,2026-09-21
900000000002996,1003,SH03,14201,2026-05-07,2026-06-09
900000000002997,1004,SH01,80201,2026-06-26,2026-08-17
900000000002998,1007,SH02,14201,2026-06-29,2026-07-10
900000000002999,1010,SH03,75201,2026-07-11,2026-06-29
900000000003000,1007,SH03,90210,2026-07-10,2026-09-21
900000000003001,1007,SH02,60601,2026-05-07,2026-10-31
900000000003002,1002,SH01,75201,2026-05-02,2026-10-26
900000000003003,1010,SH03,30301,2026-07-11,2026-10-26
900000000003004,1010,SH02,10001,2026-10-14,2026-10-11
900000000003005,1008,SH02,60652,2026-10-11,2026-11-24
900000000003006,1004,SH03,60601,2026-09-21,2026-09-28
900000000003007,1008,SH01,90210,2026-05-02,2026-11-24
900000000003008,1003,SH03,14201,2026-05-24,2026-05-24
900000000003009,1007,SH02,60652,2026-09-28,2026-05-09
900000000003010,1006,SH02,33101,2026-07-27,2026-09-28
900000000003011,1005,SH01,60601,2026-05-08,2026-05-02
900000000003012,1001,SH01,60652,2026-05-24,2026-10-14
900000000003013,1006,SH03,90210,2026-11-05,2026-09-21
900000000003014,1009,SH03,10001,2026-07-10,2026-08-16
900000000003015,1004,SH02,80201,2026-05-08,2026-06-29
900000000003016,1001,SH01,30301,2026-10-31,2026-10-21
900000000003017,1005,SH02,98101,2026-07-10,2026-09-28
900000000003018,1010,SH03,33101,2026-06-27,2026-07-11
900000000003019,1005,SH03,80201,2026-09-28,2026-08-17
900000000003020,1005,SH03,75201,2026-10-14,2026-11-23
900000000003021,1002,SH03,30301,2026-10-02,2026-08-16
900000000003022,1005,SH01,60601,2026-11-11,2026-10-02
900000000003023,1003,SH01,33101,2026-07-02,2026-07-02
900000000003024,1007,SH03,80201,2026-06-29,2026-10-27
900000000003025,1002,SH01,60601,2026-10-31,2026-10-21
900000000003026,1005,SH01,60601,2026-10-14,2026-10-14
900000000003027,1007,SH02,14201,2026-11-23,2026-09-21
900000000003028,1010,SH03,80201,2026-10-14,2026-08-16
900000000003029,1008,SH01,30301,2026-11-11,2026-06-27
900000000003030,1008,SH01,33101,2026-06-29,2026-06-26
900000000003031,1002,SH01,80201,2026-06-29,2026-07-02
900000000003032,1001,SH02,90210,2026-08-17,2026-07-10
900000000003033,1005,SH03,80201,2026-06-09,2026-09-21
900000000003034,1006,SH03,33101,2026-05-08,2026-10-21
900000000003035,1007,SH03,75201,2026-05-24,2026-10-14
900000000003036,1010,SH03,60652,2026-07-11,2026-09-28
900000000003037,1010,SH02,30301,2026-08-16,2026-06-09
900000000003038,1004,SH01,30301,2026-08-16,2026-11-05
900000000003039,1003,SH01,98101,2026-05-02,2026-06-29
900000000003040,1009,SH03,60652,2026-07-11,2026-10-11
900000000003041,1010,SH02,33101,2026-10-14,2026-10-21
900000000003042,1004,SH03,90210,2026-07-10,2026-06-26
900000000003043,1009,SH03,30301,2026-07-27,2026-08-17
900000000003044,1008,SH01,80201,2026-11-11,2026-11-05
900000000003045,1006,SH01,60601,2026-10-11,2026-09-28
900000000003046,1010,SH03,60652,2026-11-24,2026-10-14
900000000003047,1005,SH01,60652,2026-09-29,2026-06-27
900000000003048,1010,SH01,10001,2026-11-05,2026-05-09
900000000003049,1010,SH02,80201,2026-11-11,2026-08-16
900000000003050,1002,SH03,33101,2026-08-16,2026-10-27
900000000003051,1003,SH03,14201,2026-11-05,2026-05-24
900000000003052,1010,SH02,75201,2026-06-09,2026-11-23
900000000003053,1005,SH01,14201,2026-10-26,2026-10-21
900000000003054,1006,SH03,33101,2026-11-05,2026-11-05
900000000003055,1001,SH03,75201,2026-11-11,2026-07-10
900000000003056,1009,SH02,60601,2026-06-26,2026-11-24
900000000003057,1008,SH01,60652,2026-05-08,2026-06-29
900000000003058,1006,SH03,10001,2026-11-11,2026-07-02
900000000003059,1003,SH03,60652,2026-11-24,2026-08-16
900000000003060,1003,SH03,14201,2026-07-11,2026-11-24
900000000003061,1009,SH03,75201,2026-05-08,2026-07-10
900000000003062,1007,SH02,90210,2026-05-08,2026-10-27
900000000003063,1002,SH02,60652,2026-06-27,2026-10-31
900000000003064,1010,SH02,75201,2026-09-28,2026-06-09
900000000003065,1001,SH01,33101,2026-07-11,2026-08-17
900000000003066,1009,SH01,30301,2026-09-28,2026-09-28
900000000003067,1009,SH03,33101,2026-09-21,2026-10-27
900000000003068,1003,SH02,75201,2026-10-21,2026-11-05
900000000003069,1005,SH01,80201,2026-10-27,2026-10-27
900000000003070,1001,SH02,90210,2026-06-27,2026-06-26
900000000003071,1003,SH03,60652,2026-10-31,2026-05-02
900000000003072,1004,SH03,90210,2026-07-11,2026-06-26
900000000003073,1002,SH01,30301,2026-06-27,2026-07-02
900000000003074,1003,SH02,30301,2026-09-29,2026-08-16
900000000003075,1004,SH03,75201,2026-07-02,2026-10-21
900000000003076,1001,SH01,60601,2026-08-17,2026-11-05
900000000003077,1010,SH01,30301,2026-11-24,2026-10-31
900000000003078,1002,SH03,90210,2026-11-11,2026-09-28
900000000003079,1003,SH01,98101,2026-06-29,2026-07-11
900000000003080,1004,SH03,60652,2026-07-10,2026-10-27
900000000003081,1003,SH03,90210,2026-10-21,2026-10-27
900000000003082,1003,SH03,80201,2026-05-24,2026-10-26
900000000003083,1009,SH01,75201,2026-05-24,2026-09-29
900000000003084,1005,SH03,30301,2026-09-28,2026-10-26
900000000003085,1001,SH03,90210,2026-10-02,2026-10-26
900000000003086,1003,SH01,90210,2026-05-09,2026-06-09
900000000003087,1009,SH03,98101,2026-10-26,2026-11-23
900000000003088,1005,SH01,80201,2026-07-11,2026-07-11
900000000003089,1005,SH02,80201,2026-06-29,2026-06-29
900000000003090,1005,SH03,33101,2026-06-29,2026-06-09
900000000003091,1007,SH02,60652,2026-11-23,2026-06-26
900000000003092,1002,SH03,10001,2026-10-31,2026-10-11
900000000003093,1007,SH01,30301,2026-06-26,2026-07-02
900000000003094,1008,SH03,80201,2026-05-24,2026-10-02
900000000003095,1006,SH02,14201,2026-11-24,2026-08-16
900000000003096,1003,SH03,14201,2026-11-05,2026-05-02
900000000003097,1005,SH01,33101,2026-05-07,2026-07-27
900000000003098,1009,SH03,98101,2026-11-23,2026-05-08
900000000003099,1009,SH01,33101,2026-11-23,2026-11-23
900000000003100,1002,SH01,98101,2026-08-16,2026-11-23
900000000003101,1007,SH01,90210,2026-11-05,2026-06-10
900000000003102,1006,SH02,30301,2026-10-31,2026-11-24
900000000003103,1004,SH01,90210,2026-09-29,2026-08-16
900000000003104,1008,SH02,80201,2026-11-24,2026-08-16
900000000003105,1004,SH03,98101,2026-05-02,2026-06-26
900000000003106,1004,SH01,30301,2026-06-26,2026-07-27
900000000003107,1002,SH02,10001,2026-10-31,2026-07-10
900000000003108,1002,SH01,90210,2026-07-27,2026-07-10
900000000003109,1008,SH02,75201,2026-10-14,2026-07-10
900000000003110,1010,SH03,60652,2026-06-26,2026-06-10
900000000003111,1010,SH01,60601,2026-05-02,2026-06-27
900000000003112,1003,SH03,14201,2026-06-09,2026-07-02
900000000003113,1005,SH02,75201,2026-10-27,2026-10-11
900000000003114,1007,SH02,60652,2026-05-09,2026-09-28
900000000003115,1001,SH01,80201,2026-07-10,2026-06-26
900000000003116,1010,SH02,10001,2026-08-17,2026-08-17
900000000003117,1003,SH03,10001,2026-08-16,2026-05-08
900000000003118,1004,SH01,14201,2026-10-11,2026-06-10
900000000003119,1006,SH03,90210,2026-06-27,2026-11-11
900000000003120,1005,SH02,60652,2026-06-10,2026-10-26
900000000003121,1002,SH01,60601,2026-11-23,2026-05-08
900000000003122,1009,SH03,10001,2026-10-31,2026-05-02
900000000003123,1001,SH02,75201,2026-11-11,2026-06-29
900000000003124,1010,SH03,80201,2026-10-21,2026-09-21
900000000003125,1009,SH02,60652,2026-06-26,2026-06-26
900000000003126,1002,SH02,80201,2026-10-21,2026-09-21
900000000003127,1004,SH01,14201,2026-07-11,2026-09-28
900000000003128,1002,SH03,60652,2026-06-10,2026-06-27
900000000003129,1008,SH01,10001,2026-09-28,2026-06-27
900000000003130,1007,SH01,60601,2026-09-28,2026-10-26
900000000003131,1003,SH01,60601,2026-09-28,2026-06-27
900000000003132,1003,SH02,98101,2026-09-21,2026-08-16
900000000003133,1008,SH02,60601,2026-05-09,2026-05-24
900000000003134,1004,SH02,80201,2026-08-17,2026-10-27
900000000003135,1003,SH01,98101,2026-10-21,2026-10-11
900000000003136,1004,SH02,30301,2026-11-05,2026-06-10
900000000003137,1005,SH01,33101,2026-10-14,2026-10-14
900000000003138,1005,SH02,33101,2026-09-28,2026-05-02
900000000003139,1001,SH01,98101,2026-05-08,2026-11-05
900000000003140,1004,SH03,60601,2026-05-09,2026-08-16
900000000003141,1003,SH03,98101,2026-11-24,2026-09-28
900000000003142,1004,SH01,90210,2026-10-26,2026-10-02
900000000003143,1010,SH03,33101,2026-05-09,2026-06-29
900000000003144,1001,SH02,60601,2026-05-08,2026-10-02
900000000003145,1009,SH01,80201,2026-06-29,2026-06-29
900000000003146,1009,SH01,14201,2026-10-27,2026-11-23
900000000003147,1004,SH03,14201,2026-11-23,2026-08-16
900000000003148,1006,SH03,60601,2026-10-02,2026-05-09
900000000003149,1010,SH01,98101,2026-05-08,2026-05-08
900000000003150,1002,SH03,10001,2026-10-11,2026-05-08
900000000003151,1006,SH02,10001,2026-06-27,2026-05-08
900000000003152,1001,SH03,60601,2026-07-11,2026-09-29
900000000003153,1006,SH02,98101,2026-10-14,2026-05-24
900000000003154,1004,SH01,10001,2026-07-10,2026-09-29
900000000003155,1005,SH02,60601,2026-07-27,2026-05-09
900000000003156,1010,SH02,60652,2026-07-10,2026-09-21
900000000003157,1008,SH02,33101,2026-10-27,2026-10-21
900000000003158,1007,SH01,90210,2026-06-09,2026-10-26
900000000003159,1004,SH01,33101,2026-09-28,2026-06-27
900000000003160,1005,SH01,90210,2026-10-26,2026-11-11
900000000003161,1003,SH03,30301,2026-07-27,2026-05-07
900000000003162,1005,SH02,98101,2026-10-31,2026-07-02
900000000003163,1006,SH02,14201,2026-06-26,2026-10-21
900000000003164,1002,SH02,80201,2026-10-31,2026-05-08
900000000003165,1009,SH01,80201,2026-07-11,2026-05-07
900000000003166,1005,SH01,10001,2026-05-02,2026-06-29
900000000003167,1010,SH03,33101,2026-10-02,2026-05-09
900000000003168,1003,SH02,14201,2026-05-09,2026-07-10
900000000003169,1003,SH02,75201,2026-10-11,2026-11-24
900000000003170,1003,SH03,60652,2026-06-10,2026-07-11
900000000003171,1002,SH03,75201,2026-08-17,2026-10-21
900000000003172,1005,SH02,14201,2026-08-16,2026-10-14
900000000003173,1009,SH02,30301,2026-10-14,2026-06-27
900000000003174,1007,SH02,75201,2026-07-27,2026-05-24
900000000003175,1007,SH02,60601,2026-07-10,2026-05-08
900000000003176,1001,SH01,75201,2026-10-31,2026-08-17
900000000003177,1001,SH01,33101,2026-11-05,2026-05-07
900000000003178,1004,SH02,80201,2026-06-10,2026-10-26
900000000003179,1003,SH01,60652,2026-09-29,2026-10-31
900000000003180,1003,SH01,14201,2026-10-02,2026-05-09
900000000003181,1005,SH01,14201,2026-10-26,2026-09-28
900000000003182,1008,SH03,10001,2026-10-27,2026-06-26
900000000003183,1008,SH01,60601,2026-10-31,2026-09-29
900000000003184,1007,SH02,75201,2026-11-11,2026-08-17
900000000003185,1006,SH01,75201,2026-07-10,2026-10-14
900000000003186,1002,SH03,80201,2026-06-27,2026-06-26
900000000003187,1010,SH03,14201,2026-07-27,2026-05-09
900000000003188,1010,SH02,98101,2026-11-24,2026-10-21
900000000003189,1003,SH02,60652,2026-10-11,2026-07-11
900000000003190,1001,SH03,75201,2026-08-16,2026-06-10
900000000003191,1008,SH02,14201,2026-10-14,2026-07-02
900000000003192,1003,SH02,14201,2026-10-11,2026-10-26
900000000003193,1002,SH03,30301,2026-05-09,2026-05-07
900000000003194,1009,SH01,80201,2026-05-07,2026-11-24
900000000003195,1007,SH02,60652,2026-06-26,2026-07-10
900000000003196,1006,SH01,14201,2026-11-05,2026-08-17
900000000003197,1004,SH02,98101,2026-05-02,2026-06-09
900000000003198,1003,SH02,75201,2026-10-14,2026-05-02
900000000003199,1002,SH02,60601,2026-10-14,2026-10-02
900000000003200,1005,SH03,33101,2026-06-26,2026-07-11
900000000003201,1003,SH01,30301,2026-11-05,2026-11-05
900000000003202,1009,SH01,33101,2026-06-09,2026-10-11
900000000003203,1004,SH01,60652,2026-05-02,2026-07-10
900000000003204,1003,SH01,14201,2026-11-05,2026-10-31
900000000003205,1002,SH03,14201,2026-05-24,2026-06-26
900000000003206,1008,SH01,75201,2026-08-17,2026-07-02
900000000003207,1005,SH03,60601,2026-07-27,2026-11-23
900000000003208,1007,SH02,60652,2026-05-24,2026-06-10
900000000003209,1008,SH03,33101,2026-07-10,2026-05-07
900000000003210,1007,SH02,98101,2026-05-02,2026-06-29
900000000003211,1001,SH01,30301,2026-07-27,2026-09-28
900000000003212,1005,SH03,14201,2026-05-08,2026-06-10
900000000003213,1003,SH02,30301,2026-10-26,2026-10-14
900000000003214,1003,SH03,60652,2026-10-02,2026-07-02
900000000003215,1005,SH02,75201,2026-10-02,2026-07-27
900000000003216,1004,SH01,14201,2026-10-27,2026-06-27
900000000003217,1005,SH01,10001,2026-10-14,2026-07-10
900000000003218,1001,SH02,14201,2026-07-02,2026-10-11
900000000003219,1001,SH01,98101,2026-11-24,2026-10-21
900000000003220,1006,SH01,14201,2026-10-27,2026-09-29
900000000003221,1008,SH01,80201,2026-09-29,2026-11-24
900000000003222,1001,SH03,33101,2026-11-05,2026-10-31
900000000003223,1005,SH01,60652,2026-10-31,2026-05-07
900000000003224,1008,SH02,90210,2026-06-09,2026-07-02
900000000003225,1008,SH01,75201,2026-05-09,2026-05-08
900000000003226,1001,SH01,14201,2026-07-02,2026-05-08
900000000003227,1010,SH02,98101,2026-05-09,2026-05-07
900000000003228,1010,SH01,80201,2026-10-14,2026-10-21
900000000003229,1002,SH02,33101,2026-09-21,2026-06-10
900000000003230,1005,SH01,60652,2026-10-14,2026-10-31
900000000003231,1008,SH03,60601,2026-10-02,2026-07-10
900000000003232,1006,SH03,80201,2026-07-11,2026-07-11
900000000003233,1008,SH01,10001,2026-06-10,2026-09-29
900000000003234,1005,SH01,33101,2026-06-09,2026-10-14
900000000003235,1004,SH01,10001,2026-08-16,2026-09-21
900000000003236,1006,SH03,60652,2026-05-08,2026-06-10
900000000003237,1007,SH03,80201,2026-05-07,2026-07-10
900000000003238,1001,SH02,60652,2026-10-14,2026-09-29
900000000003239,1004,SH03,98101,2026-10-14,2026-07-10
900000000003240,1005,SH01,14201,2026-06-10,2026-11-11
900000000003241,1008,SH01,75201,2026-06-26,2026-07-27
900000000003242,1006,SH01,30301,2026-07-10,2026-06-27
900000000003243,1010,SH01,90210,2026-07-27,2026-06-10
900000000003244,1004,SH02,10001,2026-05-24,2026-07-02
900000000003245,1010,SH03,80201,2026-09-21,2026-05-02
900000000003246,1007,SH02,30301,2026-06-26,2026-07-10
900000000003247,1009,SH02,90210,2026-09-28,2026-05-08
900000000003248,1005,SH02,33101,2026-10-31,2026-07-11
900000000003249,1003,SH03,60601,2026-06-09,2026-10-02
900000000003250,1008,SH03,60652,2026-07-10,2026-05-02
900000000003251,1007,SH02,10001,2026-08-16,2026-07-10
900000000003252,1008,SH03,14201,2026-10-02,2026-06-27
900000000003253,1010,SH02,60601,2026-05-07,2026-10-14
900000000003254,1009,SH02,30301,2026-09-29,2026-09-21
900000000003255,1010,SH02,60601,2026-06-26,2026-11-24
900000000003256,1008,SH01,60601,2026-06-09,2026-10-27
900000000003257,1002,SH01,80201,2026-07-10,2026-07-10
900000000003258,1003,SH02,75201,2026-10-11,2026-09-29
900000000003259,1009,SH03,60652,2026-10-11,2026-11-05
900000000003260,1004,SH03,98101,2026-08-17,2026-05-08
900000000003261,1009,SH03,33101,2026-09-21,2026-09-28
900000000003262,1007,SH01,98101,2026-09-28,2026-10-14
900000000003263,1003,SH03,10001,2026-10-27,2026-05-24
900000000003264,1007,SH02,90210,2026-07-02,2026-11-23
900000000003265,1002,SH03,60652,2026-09-29,2026-09-21
900000000003266,1002,SH01,10001,2026-09-28,2026-11-24
900000000003267,1009,SH02,98101,2026-05-09,2026-05-07
900000000003268,1006,SH02,33101,2026-10-31,2026-10-14
900000000003269,1007,SH02,60652,2026-05-09,2026-07-11
900000000003270,1001,SH03,10001,2026-10-11,2026-05-09
900000000003271,1003,SH03,98101,2026-05-08,2026-09-21
900000000003272,1004,SH01,10001,2026-05-09,2026-07-11
900000000003273,1003,SH03,90210,2026-05-09,2026-08-16
900000000003274,1002,SH02,60601,2026-09-28,2026-09-28
900000000003275,1002,SH01,98101,2026-06-29,2026-09-29
900000000003276,1009,SH01,90210,2026-06-09,2026-06-29
900000000003277,1007,SH01,10001,2026-10-31,2026-08-16
900000000003278,1006,SH01,60601,2026-10-21,2026-06-10
900000000003279,1009,SH02,33101,2026-05-09,2026-10-26
900000000003280,1004,SH03,60601,2026-06-29,2026-07-11
900000000003281,1010,SH02,80201,2026-10-27,2026-10-31
900000000003282,1003,SH02,98101,2026-07-10,2026-07-11
900000000003283,1005,SH02,14201,2026-10-27,2026-07-10
900000000003284,1002,SH03,80201,2026-11-11,2026-07-10
900000000003285,1005,SH01,60652,2026-06-27,2026-10-27
900000000003286,1006,SH03,33101,2026-07-02,2026-10-14
900000000003287,1001,SH03,33101,2026-07-27,2026-06-10
900000000003288,1005,SH01,60601,2026-10-31,2026-08-16
900000000003289,1006,SH03,30301,2026-06-29,2026-07-11
900000000003290,1004,SH03,90210,2026-07-11,2026-05-09
900000000003291,1002,SH01,60601,2026-09-29,2026-05-02
900000000003292,1007,SH01,80201,2026-10-02,2026-06-09
900000000003293,1008,SH03,60652,2026-11-05,2026-06-09
900000000003294,1008,SH01,60601,2026-07-02,2026-07-27
900000000003295,1009,SH03,60652,2026-06-26,2026-10-02
900000000003296,1007,SH02,10001,2026-10-27,2026-10-26
900000000003297,1008,SH01,10001,2026-11-11,2026-10-26
900000000003298,1009,SH02,98101,2026-11-24,2026-10-21
900000000003299,1003,SH03,10001,2026-05-24,2026-05-08
900000000003300,1009,SH01,30301,2026-10-14,2026-06-09
900000000003301,1002,SH03,10001,2026-09-28,2026-06-26
900000000003302,1008,SH02,75201,2026-09-28,2026-10-26
900000000003303,1004,SH03,75201,2026-09-28,2026-07-10
900000000003304,1002,SH02,33101,2026-06-26,2026-06-10
900000000003305,1001,SH02,90210,2026-07-10,2026-08-16
900000000003306,1007,SH01,10001,2026-06-10,2026-09-28
900000000003307,1007,SH02,60652,2026-11-05,2026-10-26
900000000003308,1002,SH03,60652,2026-06-09,2026-06-09
900000000003309,1008,SH01,60601,2026-10-26,2026-06-26
900000000003310,1005,SH03,98101,2026-07-11,2026-10-26
900000000003311,1005,SH03,33101,2026-07-10,2026-09-29
900000000003312,1009,SH02,60652,2026-07-02,2026-09-21
900000000003313,1004,SH03,30301,2026-11-11,2026-10-11
900000000003314,1006,SH03,90210,2026-10-02,2026-06-26
900000000003315,1008,SH02,14201,2026-05-09,2026-10-11
900000000003316,1006,SH03,30301,2026-08-16,2026-11-24
900000000003317,1001,SH03,98101,2026-11-23,2026-09-28
900000000003318,1001,SH01,75201,2026-06-27,2026-06-26
900000000003319,1004,SH01,60652,2026-11-24,2026-10-27
900000000003320,1001,SH02,33101,2026-07-27,2026-06-09
900000000003321,1008,SH03,60601,2026-08-16,2026-07-11
900000000003322,1009,SH01,10001,2026-09-28,2026-10-26
900000000003323,1003,SH03,33101,2026-09-28,2026-10-21
900000000003324,1002,SH02,33101,2026-06-26,2026-07-10
900000000003325,1008,SH01,33101,2026-10-11,2026-05-24
900000000003326,1005,SH01,30301,2026-06-26,2026-10-11
900000000003327,1004,SH03,10001,2026-05-09,2026-10-21
900000000003328,1001,SH02,60601,2026-06-09,2026-05-02
900000000003329,1009,SH02,60601,2026-08-16,2026-07-10
900000000003330,1007,SH01,33101,2026-06-09,2026-06-29
900000000003331,1009,SH02,80201,2026-06-26,2026-09-28
900000000003332,1006,SH02,33101,2026-06-10,2026-10-02
900000000003333,1002,SH01,30301,2026-09-29,2026-07-11
900000000003334,1006,SH03,10001,2026-06-29,2026-06-29
900000000003335,1007,SH03,60652,2026-11-11,2026-09-21
900000000003336,1010,SH02,10001,2026-05-09,2026-11-11
900000000003337,1004,SH02,60652,2026-10-21,2026-11-05
900000000003338,1002,SH02,98101,2026-07-11,2026-10-21
900000000003339,1004,SH01,33101,2026-05-02,2026-11-11
900000000003340,1002,SH03,90210,2026-05-24,2026-07-10
900000000003341,1002,SH03,80201,2026-11-05,2026-10-26
900000000003342,1003,SH03,10001,2026-06-09,2026-10-02
900000000003343,1008,SH02,60601,2026-05-09,2026-07-10
900000000003344,1001,SH02,33101,2026-06-29,2026-05-09
900000000003345,1002,SH01,60601,2026-11-23,2026-11-24
900000000003346,1004,SH02,30301,2026-11-11,2026-06-26
900000000003347,1007,SH01,80201,2026-11-23,2026-05-02
900000000003348,1004,SH01,10001,2026-11-11,2026-10-02
900000000003349,1010,SH02,90210,2026-08-17,2026-09-29
900000000003350,1003,SH01,10001,2026-05-02,2026-07-27
900000000003351,1004,SH02,60652,2026-10-27,2026-07-11
900000000003352,1001,SH02,90210,2026-06-10,2026-11-23
900000000003353,1010,SH02,10001,2026-10-26,2026-10-31
900000000003354,1002,SH03,33101,2026-07-10,2026-10-02
900000000003355,1006,SH02,10001,2026-06-09,2026-09-21
900000000003356,1004,SH03,90210,2026-06-29,2026-08-17
900000000003357,1006,SH01,60652,2026-06-26,2026-06-27
900000000003358,1009,SH02,75201,2026-11-24,2026-10-02
900000000003359,1004,SH01,75201,2026-11-23,2026-10-11
900000000003360,1006,SH01,80201,2026-07-27,2026-08-17
900000000003361,1010,SH01,60652,2026-10-26,2026-10-26
900000000003362,1002,SH03,33101,2026-11-11,2026-11-23
900000000003363,1001,SH03,10001,2026-10-27,2026-09-28
900000000003364,1003,SH02,14201,2026-05-02,2026-11-24
900000000003365,1009,SH03,30301,2026-05-07,2026-11-24
900000000003366,1001,SH01,33101,2026-05-09,2026-11-23
900000000003367,1005,SH02,75201,2026-10-11,2026-10-31
900000000003368,1007,SH03,14201,2026-06-26,2026-11-24
900000000003369,1005,SH03,98101,2026-08-16,2026-07-27
900000000003370,1009,SH02,75201,2026-11-24,2026-09-29
900000000003371,1004,SH02,60601,2026-09-29,2026-08-16
900000000003372,1006,SH02,30301,2026-07-27,2026-09-29
900000000003373,1010,SH03,75201,2026-09-21,2026-05-09
900000000003374,1008,SH02,30301,2026-10-11,2026-05-09
900000000003375,1010,SH02,60601,2026-10-26,2026-06-26
900000000003376,1007,SH02,30301,2026-07-11,2026-09-28
900000000003377,1009,SH03,33101,2026-05-07,2026-11-24
900000000003378,1002,SH03,90210,2026-11-23,2026-06-29
900000000003379,1005,SH02,75201,2026-07-11,2026-07-02
900000000003380,1001,SH01,98101,2026-06-27,2026-07-27
900000000003381,1005,SH03,80201,2026-05-08,2026-05-02
900000000003382,1004,SH02,10001,2026-05-08,2026-07-11
900000000003383,1003,SH03,10001,2026-06-29,2026-07-10
900000000003384,1010,SH03,10001,2026-06-26,2026-10-26
900000000003385,1008,SH03,80201,2026-06-26,2026-11-23
900000000003386,1009,SH03,60601,2026-08-16,2026-08-17
900000000003387,1009,SH03,14201,2026-09-21,2026-05-08
900000000003388,1005,SH02,90210,2026-06-27,2026-08-16
900000000003389,1002,SH01,33101,2026-10-02,2026-05-08
900000000003390,1001,SH02,14201,2026-06-09,2026-09-29
900000000003391,1003,SH02,80201,2026-05-24,2026-07-27
900000000003392,1001,SH02,75201,2026-05-24,2026-08-16
900000000003393,1009,SH01,10001,2026-11-24,2026-10-26
900000000003394,1008,SH01,60652,2026-05-07,2026-10-11
900000000003395,1001,SH02,60601,2026-06-27,2026-07-02
900000000003396,1009,SH03,90210,2026-05-24,2026-07-27
900000000003397,1006,SH02,75201,2026-07-10,2026-10-31
900000000003398,1010,SH02,60601,2026-10-02,2026-06-26
900000000003399,1008,SH02,10001,2026-10-14,2026-10-31
900000000003400,1003,SH02,60652,2026-10-02,2026-07-11
900000000003401,1008,SH02,30301,2026-10-14,2026-08-17
900000000003402,1004,SH03,90210,2026-09-28,2026-09-29
900000000003403,1009,SH01,90210,2026-10-02,2026-11-05
900000000003404,1010,SH03,90210,2026-06-10,2026-10-31
900000000003405,1006,SH03,90210,2026-06-09,2026-07-27
900000000003406,1002,SH02,33101,2026-10-27,2026-09-21
900000000003407,1009,SH03,90210,2026-10-02,2026-09-29
900000000003408,1005,SH02,33101,2026-05-02,2026-10-31
900000000003409,1004,SH02,14201,2026-09-28,2026-11-24
900000000003410,1002,SH03,60601,2026-07-27,2026-10-31
900000000003411,1010,SH03,14201,2026-10-14,2026-05-09
900000000003412,1010,SH01,80201,2026-07-10,2026-07-27
900000000003413,1002,SH02,30301,2026-11-11,2026-05-08
900000000003414,1003,SH02,30301,2026-08-16,2026-09-21
900000000003415,1002,SH03,14201,2026-05-24,2026-07-27
900000000003416,1007,SH03,60601,2026-10-02,2026-08-16
900000000003417,1010,SH03,75201,2026-06-29,2026-10-31
900000000003418,1009,SH03,90210,2026-08-16,2026-06-09
900000000003419,1001,SH01,60601,2026-05-02,2026-05-24
900000000003420,1007,SH03,14201,2026-06-26,2026-10-31
900000000003421,1004,SH01,98101,2026-06-27,2026-10-27
900000000003422,1001,SH02,80201,2026-08-17,2026-05-07
900000000003423,1002,SH03,30301,2026-11-24,2026-10-26
900000000003424,1005,SH02,90210,2026-10-14,2026-05-24
900000000003425,1003,SH03,30301,2026-08-17,2026-08-16
900000000003426,1009,SH02,30301,2026-10-11,2026-10-26
900000000003427,1004,SH03,60652,2026-10-21,2026-10-21
900000000003428,1010,SH01,60652,2026-11-24,2026-10-11
900000000003429,1002,SH01,10001,2026-10-27,2026-05-09
900000000003430,1008,SH03,14201,2026-08-17,2026-06-09
900000000003431,1005,SH02,33101,2026-05-09,2026-05-24
900000000003432,1004,SH02,90210,2026-11-05,2026-10-27
900000000003433,1010,SH02,90210,2026-11-23,2026-10-21
900000000003434,1002,SH02,80201,2026-10-14,2026-09-21
900000000003435,1001,SH02,10001,2026-08-16,2026-11-24
900000000003436,1002,SH01,30301,2026-10-31,2026-07-11
900000000003437,1004,SH01,60601,2026-07-02,2026-08-17
900000000003438,1005,SH03,98101,2026-05-07,2026-11-11
900000000003439,1005,SH03,98101,2026-05-02,2026-10-14
900000000003440,1008,SH01,75201,2026-08-16,2026-10-02
900000000003441,1009,SH02,60652,2026-11-23,2026-11-05
900000000003442,1007,SH03,10001,2026-10-02,2026-10-02
900000000003443,1003,SH01,98101,2026-11-23,2026-07-02
900000000003444,1009,SH02,75201,2026-06-27,2026-08-16
900000000003445,1008,SH03,10001,2026-07-27,2026-06-26
900000000003446,1003,SH01,10001,2026-10-27,2026-07-27
900000000003447,1006,SH03,60601,2026-10-26,2026-09-21
900000000003448,1004,SH03,14201,2026-08-17,2026-10-11
900000000003449,1001,SH02,30301,2026-07-27,2026-06-10
900000000003450,1006,SH03,90210,2026-11-05,2026-06-26
900000000003451,1002,SH02,60652,2026-11-11,2026-10-11
900000000003452,1007,SH02,30301,2026-07-10,2026-10-27
900000000003453,1010,SH01,14201,2026-10-21,2026-05-07
900000000003454,1005,SH02,33101,2026-07-02,2026-08-17
900000000003455,1006,SH03,14201,2026-09-28,2026-10-11
900000000003456,1008,SH02,60601,2026-10-27,2026-06-09
900000000003457,1004,SH01,75201,2026-10-26,2026-11-23
900000000003458,1003,SH02,98101,2026-05-24,2026-06-26
900000000003459,1001,SH01,60652,2026-10-02,2026-06-09
900000000003460,1008,SH01,30301,2026-06-27,2026-06-09
900000000003461,1006,SH02,75201,2026-09-21,2026-11-11
900000000003462,1001,SH01,80201,2026-09-29,2026-05-24
900000000003463,1004,SH03,33101,2026-07-27,2026-05-02
900000000003464,1009,SH03,33101,2026-10-02,2026-10-31
900000000003465,1003,SH03,30301,2026-09-21,2026-07-10
900000000003466,1003,SH02,90210,2026-05-02,2026-05-08
900000000003467,1008,SH02,80201,2026-10-21,2026-10-11
900000000003468,1001,SH01,14201,2026-09-21,2026-10-26
900000000003469,1006,SH01,90210,2026-11-23,2026-11-24
900000000003470,1009,SH02,33101,2026-10-31,2026-06-26
900000000003471,1005,SH02,90210,2026-09-28,2026-07-11
900000000003472,1003,SH01,33101,2026-11-11,2026-07-11
900000000003473,1010,SH03,33101,2026-05-08,2026-05-08
900000000003474,1002,SH01,75201,2026-09-21,2026-06-09
900000000003475,1010,SH03,30301,2026-11-11,2026-05-02
900000000003476,1007,SH01,90210,2026-09-28,2026-07-11
900000000003477,1001,SH03,98101,2026-09-29,2026-06-27
900000000003478,1006,SH01,80201,2026-05-07,2026-09-21
900000000003479,1004,SH03,90210,2026-10-27,2026-11-05
900000000003480,1009,SH01,80201,2026-10-02,2026-10-31
900000000003481,1003,SH02,98101,2026-06-27,2026-05-02
900000000003482,1004,SH02,14201,2026-09-28,2026-10-31
900000000003483,1008,SH03,60652,2026-06-09,2026-10-31
900000000003484,1007,SH01,33101,2026-05-02,2026-09-21
900000000003485,1006,SH03,80201,2026-06-27,2026-07-11
900000000003486,1006,SH03,33101,2026-05-02,2026-11-11
900000000003487,1009,SH03,90210,2026-06-10,2026-05-07
900000000003488,1002,SH01,75201,2026-10-11,2026-05-09
900000000003489,1002,SH03,80201,2026-10-14,2026-11-23
900000000003490,1005,SH02,75201,2026-11-11,2026-10-11
900000000003491,1010,SH01,60601,2026-07-02,2026-05-24
900000000003492,1006,SH03,98101,2026-10-27,2026-06-26
900000000003493,1004,SH03,10001,2026-10-14,2026-07-11
900000000003494,1003,SH02,60601,2026-05-08,2026-10-02
900000000003495,1006,SH03,10001,2026-06-10,2026-08-16
900000000003496,1005,SH02,60652,2026-07-27,2026-09-21
900000000003497,1004,SH03,10001,2026-07-27,2026-09-29
900000000003498,1002,SH03,30301,2026-08-16,2026-06-26
900000000003499,1010,SH01,30301,2026-06-27,2026-10-27
900000000003500,1003,SH02,14201,2026-05-09,2026-06-27
900000000003501,1002,SH02,90210,2026-11-23,2026-07-11
900000000003502,1005,SH03,90210,2026-07-27,2026-09-29
900000000003503,1001,SH02,14201,2026-05-09,2026-10-26
900000000003504,1002,SH03,33101,2026-10-02,2026-10-21
900000000003505,1007,SH01,60652,2026-06-10,2026-10-21
900000000003506,1004,SH01,98101,2026-05-09,2026-05-02
900000000003507,1008,SH02,30301,2026-08-16,2026-10-27
900000000003508,1005,SH03,33101,2026-08-17,2026-06-10
900000000003509,1010,SH03,60601,2026-06-26,2026-06-29
900000000003510,1006,SH01,10001,2026-05-09,2026-08-17
900000000003511,1005,SH01,98101,2026-10-14,2026-06-10
900000000003512,1010,SH02,60652,2026-10-27,2026-08-17
900000000003513,1001,SH02,14201,2026-06-26,2026-05-02
900000000003514,1004,SH03,90210,2026-11-24,2026-10-11
900000000003515,1001,SH03,33101,2026-06-29,2026-05-08
900000000003516,1007,SH01,60601,2026-06-26,2026-07-02
900000000003517,1008,SH02,33101,2026-05-09,2026-11-11
900000000003518,1009,SH02,80201,2026-10-21,2026-08-16
900000000003519,1010,SH03,80201,2026-10-11,2026-05-02
900000000003520,1001,SH02,10001,2026-11-23,2026-11-23
900000000003521,1010,SH02,80201,2026-10-02,2026-08-17
900000000003522,1008,SH03,98101,2026-06-09,2026-06-26
900000000003523,1009,SH01,14201,2026-09-21,2026-06-26
900000000003524,1007,SH03,33101,2026-10-14,2026-07-02
900000000003525,1009,SH03,33101,2026-11-11,2026-08-16
900000000003526,1007,SH01,90210,2026-06-09,2026-07-27
900000000003527,1010,SH03,60652,2026-07-11,2026-05-07
900000000003528,1002,SH01,33101,2026-06-27,2026-05-02
900000000003529,1006,SH03,14201,2026-06-27,2026-06-09
900000000003530,1005,SH02,90210,2026-06-10,2026-06-29
900000000003531,1009,SH03,90210,2026-05-09,2026-10-21
900000000003532,1004,SH03,98101,2026-06-26,2026-11-11
900000000003533,1001,SH03,33101,2026-09-21,2026-09-28
900000000003534,1008,SH01,30301,2026-11-11,2026-08-16
900000000003535,1008,SH03,33101,2026-07-10,2026-05-09
900000000003536,1007,SH02,33101,2026-08-17,2026-06-10
900000000003537,1003,SH01,60601,2026-06-09,2026-06-10
900000000003538,1006,SH02,60601,2026-07-11,2026-09-29
900000000003539,1010,SH02,60601,2026-10-02,2026-07-10
900000000003540,1001,SH03,60601,2026-11-05,2026-08-16
900000000003541,1007,SH03,33101,2026-08-16,2026-11-11
900000000003542,1009,SH02,90210,2026-06-29,2026-07-10
900000000003543,1006,SH01,30301,2026-11-11,2026-10-26
900000000003544,1007,SH02,33101,2026-11-23,2026-05-08
900000000003545,1001,SH03,75201,2026-06-27,2026-05-07
900000000003546,1005,SH02,80201,2026-07-11,2026-11-05
900000000003547,1009,SH01,14201,2026-09-29,2026-11-11
900000000003548,1004,SH03,90210,2026-11-05,2026-09-21
900000000003549,1009,SH03,10001,2026-07-27,2026-07-10
900000000003550,1001,SH03,33101,2026-10-31,2026-07-02
900000000003551,1010,SH03,33101,2026-09-28,2026-10-31
900000000003552,1006,SH01,80201,2026-05-08,2026-10-21
900000000003553,1001,SH02,98101,2026-07-11,2026-05-02
900000000003554,1001,SH01,10001,2026-06-27,2026-05-09
900000000003555,1009,SH02,10001,2026-10-27,2026-11-24
900000000003556,1009,SH03,90210,2026-06-10,2026-06-29
900000000003557,1004,SH03,33101,2026-08-17,2026-07-10
900000000003558,1004,SH01,10001,2026-05-08,2026-10-02
900000000003559,1003,SH02,30301,2026-10-21,2026-10-26
900000000003560,1002,SH01,60652,2026-11-23,2026-06-27
900000000003561,1001,SH01,80201,2026-11-05,2026-05-07
900000000003562,1010,SH03,80201,2026-05-24,2026-08-17
900000000003563,1006,SH02,98101,2026-10-11,2026-05-08
900000000003564,1008,SH03,90210,2026-06-10,2026-05-02
900000000003565,1010,SH02,33101,2026-09-21,2026-05-02
900000000003566,1008,SH01,75201,2026-05-08,2026-05-08
900000000003567,1006,SH03,90210,2026-10-26,2026-10-31
900000000003568,1005,SH02,30301,2026-11-24,2026-05-09
900000000003569,1007,SH01,30301,2026-07-11,2026-10-27
900000000003570,1003,SH03,14201,2026-07-11,2026-05-09
900000000003571,1009,SH01,98101,2026-07-27,2026-10-27
900000000003572,1008,SH03,10001,2026-10-26,2026-07-27
900000000003573,1005,SH01,90210,2026-08-16,2026-05-08
900000000003574,1001,SH03,33101,2026-09-21,2026-09-21
900000000003575,1004,SH03,33101,2026-11-24,2026-10-11
900000000003576,1002,SH02,30301,2026-11-11,2026-10-02
900000000003577,1002,SH03,75201,2026-05-07,2026-11-24
900000000003578,1006,SH02,10001,2026-07-10,2026-06-10
900000000003579,1002,SH03,30301,2026-11-24,2026-11-05
900000000003580,1004,SH01,14201,2026-05-09,2026-11-24
900000000003581,1005,SH03,33101,2026-05-02,2026-11-23
900000000003582,1004,SH02,80201,2026-10-26,2026-10-14
900000000003583,1001,SH01,80201,2026-06-26,2026-05-02
900000000003584,1010,SH01,75201,2026-10-21,2026-05-07
900000000003585,1004,SH01,98101,2026-11-11,2026-06-10
900000000003586,1004,SH02,30301,2026-10-02,2026-05-07
900000000003587,1003,SH02,60652,2026-08-17,2026-06-29
900000000003588,1006,SH02,33101,2026-10-02,2026-09-29
900000000003589,1005,SH03,60652,2026-05-24,2026-09-29
900000000003590,1005,SH03,14201,2026-07-02,2026-05-02
900000000003591,1001,SH01,98101,2026-05-08,2026-11-23
900000000003592,1002,SH03,60601,2026-10-31,2026-05-08
900000000003593,1010,SH02,60601,2026-10-26,2026-08-16
900000000003594,1001,SH02,80201,2026-06-09,2026-11-11
900000000003595,1002,SH02,90210,2026-08-16,2026-11-23
900000000003596,1008,SH01,33101,2026-11-24,2026-10-27
900000000003597,1005,SH01,80201,2026-11-11,2026-05-07
900000000003598,1003,SH03,80201,2026-11-11,2026-05-07
900000000003599,1006,SH02,33101,2026-07-11,2026-10-11
900000000003600,1010,SH01,30301,2026-08-17,2026-05-24
900000000003601,1008,SH02,33101,2026-08-17,2026-05-02
900000000003602,1004,SH03,75201,2026-10-31,2026-05-09
900000000003603,1006,SH03,90210,2026-06-26,2026-10-26
900000000003604,1007,SH02,98101,2026-06-29,2026-10-31
900000000003605,1004,SH03,80201,2026-05-02,2026-10-27
900000000003606,1008,SH01,98101,2026-08-16,2026-11-24
900000000003607,1008,SH02,14201,2026-11-11,2026-06-26
900000000003608,1008,SH02,14201,2026-08-16,2026-09-28
900000000003609,1009,SH01,30301,2026-07-10,2026-06-10
900000000003610,1002,SH02,98101,2026-08-17,2026-10-21
900000000003611,1007,SH03,10001,2026-10-02,2026-05-02
900000000003612,1003,SH01,80201,2026-10-11,2026-10-14
900000000003613,1005,SH01,80201,2026-10-27,2026-10-21
900000000003614,1010,SH01,80201,2026-08-16,2026-06-27
900000000003615,1003,SH01,60652,2026-10-11,2026-10-02
900000000003616,1002,SH01,10001,2026-10-21,2026-05-09
900000000003617,1007,SH02,60652,2026-06-10,2026-10-02
900000000003618,1002,SH02,90210,2026-06-10,2026-10-11
900000000003619,1002,SH01,30301,2026-11-05,2026-05-02
900000000003620,1006,SH03,60652,2026-05-07,2026-09-28
900000000003621,1006,SH01,10001,2026-10-27,2026-06-29
900000000003622,1006,SH02,60601,2026-06-26,2026-09-21
900000000003623,1009,SH01,33101,2026-08-17,2026-07-02
900000000003624,1010,SH02,30301,2026-09-21,2026-06-27
900000000003625,1004,SH03,60601,2026-11-05,2026-05-07
900000000003626,1008,SH01,75201,2026-06-27,2026-08-17
900000000003627,1005,SH01,60601,2026-07-10,2026-06-29
900000000003628,1002,SH01,98101,2026-07-27,2026-06-27
900000000003629,1009,SH02,14201,2026-05-09,2026-11-24
900000000003630,1010,SH02,60652,2026-11-05,2026-07-27
900000000003631,1008,SH01,60601,2026-11-23,2026-07-27
900000000003632,1002,SH03,80201,2026-09-28,2026-05-24
900000000003633,1009,SH02,98101,2026-06-26,2026-10-27
900000000003634,1005,SH02,60652,2026-08-17,2026-07-11
900000000003635,1003,SH03,60652,2026-11-11,2026-09-29
900000000003636,1003,SH02,98101,2026-10-02,2026-10-21
900000000003637,1005,SH01,60601,2026-06-26,2026-11-05
900000000003638,1004,SH02,75201,2026-06-10,2026-05-24
900000000003639,1005,SH02,30301,2026-10-14,2026-10-02
900000000003640,1004,SH02,60601,2026-07-10,2026-05-09
900000000003641,1010,SH02,98101,2026-07-02,2026-05-02
900000000003642,1005,SH01,60601,2026-07-11,2026-11-11
900000000003643,1007,SH01,30301,2026-11-11,2026-10-27
900000000003644,1008,SH03,80201,2026-11-24,2026-07-02
900000000003645,1002,SH02,30301,2026-07-11,2026-05-24
900000000003646,1001,SH02,60652,2026-11-24,2026-11-05
900000000003647,1007,SH03,90210,2026-10-26,2026-06-29
900000000003648,1001,SH02,10001,2026-09-21,2026-10-27
900000000003649,1004,SH03,90210,2026-06-09,2026-06-10
900000000003650,1007,SH03,90210,2026-11-23,2026-06-29
900000000003651,1006,SH02,60601,2026-05-09,2026-10-14
900000000003652,1001,SH03,80201,2026-05-02,2026-06-27
900000000003653,1006,SH02,14201,2026-05-09,2026-07-27
900000000003654,1006,SH03,10001,2026-08-16,2026-06-29
900000000003655,1001,SH01,14201,2026-06-10,2026-06-09
900000000003656,1006,SH03,75201,2026-10-11,2026-10-14
900000000003657,1001,SH03,75201,2026-09-21,2026-10-11
900000000003658,1003,SH03,30301,2026-09-28,2026-10-02
900000000003659,1002,SH01,60652,2026-07-10,2026-06-27
900000000003660,1009,SH01,98101,2026-11-11,2026-11-24
900000000003661,1010,SH03,10001,2026-08-17,2026-05-07
900000000003662,1009,SH01,90210,2026-10-02,2026-05-02
900000000003663,1006,SH03,60652,2026-05-24,2026-08-17
900000000003664,1001,SH03,33101,2026-06-27,2026-06-29
900000000003665,1008,SH03,14201,2026-07-10,2026-06-27
900000000003666,1009,SH02,60601,2026-07-27,2026-06-10
900000000003667,1004,SH02,30301,2026-10-11,2026-05-24
900000000003668,1003,SH03,60601,2026-05-02,2026-06-26
900000000003669,1001,SH01,30301,2026-07-11,2026-06-29
900000000003670,1006,SH02,60652,2026-10-14,2026-06-27
900000000003671,1010,SH02,10001,2026-11-24,2026-06-26
900000000003672,1005,SH01,60652,2026-05-09,2026-09-21
900000000003673,1001,SH03,14201,2026-10-02,2026-06-09
900000000003674,1009,SH02,14201,2026-09-28,2026-10-02
900000000003675,1002,SH03,30301,2026-06-26,2026-05-07
900000000003676,1003,SH01,60652,2026-11-05,2026-05-24
900000000003677,1001,SH01,14201,2026-05-24,2026-06-27
900000000003678,1009,SH01,60652,2026-10-02,2026-11-11
900000000003679,1001,SH01,90210,2026-06-10,2026-11-05
900000000003680,1010,SH01,60601,2026-06-27,2026-10-21
900000000003681,1003,SH03,14201,2026-06-29,2026-10-21
900000000003682,1003,SH03,60601,2026-11-23,2026-09-28
900000000003683,1006,SH03,75201,2026-10-02,2026-11-23
900000000003684,1005,SH03,60601,2026-05-09,2026-10-21
900000000003685,1004,SH02,33101,2026-09-28,2026-10-21
900000000003686,1010,SH01,10001,2026-05-02,2026-10-26
900000000003687,1009,SH01,90210,2026-06-09,2026-09-28
900000000003688,1007,SH03,10001,2026-10-27,2026-09-28
900000000003689,1001,SH02,90210,2026-08-17,2026-06-09
900000000003690,1003,SH02,60601,2026-06-10,2026-11-05
900000000003691,1003,SH02,60652,2026-11-23,2026-07-11
900000000003692,1004,SH02,98101,2026-06-26,2026-08-16
900000000003693,1004,SH02,98101,2026-05-08,2026-09-29
900000000003694,1010,SH02,33101,2026-10-21,2026-11-24
900000000003695,1004,SH01,90210,2026-10-21,2026-10-26
900000000003696,1006,SH01,14201,2026-06-29,2026-06-29
900000000003697,1010,SH01,80201,2026-07-02,2026-10-21
900000000003698,1009,SH02,98101,2026-07-27,2026-10-11
900000000003699,1006,SH01,98101,2026-10-14,2026-07-11
900000000003700,1005,SH01,33101,2026-10-26,2026-07-11
900000000003701,1005,SH01,60652,2026-05-24,2026-11-23
900000000003702,1004,SH02,10001,2026-10-31,2026-10-31
900000000003703,1009,SH03,10001,2026-11-11,2026-11-05
900000000003704,1010,SH01,75201,2026-11-23,2026-07-11
900000000003705,1005,SH03,30301,2026-10-14,2026-10-26
900000000003706,1009,SH01,80201,2026-10-14,2026-06-29
900000000003707,1007,SH02,60601,2026-05-02,2026-05-09
900000000003708,1008,SH02,80201,2026-06-29,2026-05-08
900000000003709,1010,SH02,90210,2026-07-02,2026-05-24
900000000003710,1003,SH02,60652,2026-07-27,2026-08-16
900000000003711,1005,SH03,30301,2026-06-27,2026-10-31
900000000003712,1009,SH01,10001,2026-10-27,2026-06-27
900000000003713,1003,SH03,60652,2026-11-11,2026-05-02
900000000003714,1007,SH01,10001,2026-10-31,2026-06-26
900000000003715,1009,SH03,30301,2026-05-08,2026-10-21
900000000003716,1006,SH03,60652,2026-05-09,2026-10-02
900000000003717,1002,SH02,14201,2026-09-29,2026-06-29
900000000003718,1006,SH02,98101,2026-07-11,2026-05-02
900000000003719,1004,SH01,60652,2026-07-02,2026-11-23
900000000003720,1007,SH03,30301,2026-10-31,2026-06-26
900000000003721,1006,SH02,14201,2026-07-02,2026-08-16
900000000003722,1001,SH03,60652,2026-09-21,2026-11-24
900000000003723,1006,SH03,90210,2026-05-09,2026-08-17
900000000003724,1005,SH02,60601,2026-10-26,2026-07-10
900000000003725,1007,SH02,14201,2026-05-02,2026-06-10
900000000003726,1003,SH02,14201,2026-06-29,2026-05-24
900000000003727,1004,SH02,60601,2026-05-08,2026-10-31
900000000003728,1006,SH03,33101,2026-09-21,2026-06-26
900000000003729,1009,SH02,30301,2026-10-02,2026-05-02
900000000003730,1002,SH02,80201,2026-05-24,2026-08-17
900000000003731,1004,SH03,75201,2026-08-16,2026-06-09
900000000003732,1009,SH01,33101,2026-06-09,2026-10-02
900000000003733,1008,SH03,30301,2026-10-02,2026-07-27
900000000003734,1010,SH03,30301,2026-05-07,2026-05-09
900000000003735,1006,SH01,75201,2026-10-21,2026-11-23
900000000003736,1002,SH03,60601,2026-05-24,2026-09-29
900000000003737,1007,SH03,60652,2026-11-11,2026-10-11
900000000003738,1007,SH02,33101,2026-10-26,2026-07-02
900000000003739,1009,SH01,98101,2026-05-09,2026-10-02
900000000003740,1007,SH01,90210,2026-10-26,2026-07-02
900000000003741,1001,SH02,90210,2026-10-11,2026-06-27
900000000003742,1008,SH02,14201,2026-08-17,2026-07-10
900000000003743,1010,SH02,33101,2026-10-26,2026-05-08
900000000003744,1004,SH01,75201,2026-10-14,2026-06-09
900000000003745,1001,SH03,60652,2026-05-02,2026-08-16
900000000003746,1010,SH01,33101,2026-06-27,2026-07-02
900000000003747,1010,SH03,60601,2026-09-21,2026-07-10
900000000003748,1010,SH03,90210,2026-09-21,2026-07-27
900000000003749,1002,SH03,60601,2026-07-02,2026-10-11
900000000003750,1008,SH01,33101,2026-06-09,2026-06-09
900000000003751,1006,SH01,60652,2026-11-24,2026-08-17
900000000003752,1001,SH02,80201,2026-10-31,2026-11-23
900000000003753,1009,SH03,30301,2026-07-11,2026-05-07
900000000003754,1002,SH03,30301,2026-08-17,2026-10-11
900000000003755,1003,SH01,60601,2026-08-17,2026-06-29
900000000003756,1005,SH01,10001,2026-11-24,2026-07-27
900000000003757,1005,SH02,30301,2026-09-28,2026-10-31
900000000003758,1006,SH03,75201,2026-05-09,2026-05-09
900000000003759,1008,SH01,30301,2026-07-10,2026-11-24
900000000003760,1003,SH03,14201,2026-05-08,2026-06-10
900000000003761,1010,SH01,75201,2026-08-16,2026-05-08
900000000003762,1005,SH02,33101,2026-07-02,2026-05-07
900000000003763,1001,SH03,10001,2026-10-31,2026-07-11
900000000003764,1009,SH01,90210,2026-05-09,2026-06-10
900000000003765,1002,SH01,98101,2026-07-27,2026-11-11
900000000003766,1001,SH01,75201,2026-10-02,2026-11-11
900000000003767,1010,SH03,98101,2026-11-05,2026-07-11
900000000003768,1010,SH02,14201,2026-06-10,2026-06-29
900000000003769,1003,SH03,80201,2026-09-21,2026-10-14
900000000003770,1004,SH01,98101,2026-10-21,2026-06-09
900000000003771,1001,SH02,10001,2026-05-07,2026-05-24
900000000003772,1006,SH03,10001,2026-11-11,2026-06-27
900000000003773,1005,SH02,10001,2026-05-24,2026-09-28
900000000003774,1002,SH03,80201,2026-10-31,2026-09-21
900000000003775,1010,SH01,14201,2026-10-14,2026-05-09
900000000003776,1009,SH02,60652,2026-06-29,2026-11-24
900000000003777,1008,SH03,75201,2026-07-11,2026-07-11
900000000003778,1002,SH03,60652,2026-07-10,2026-07-11
900000000003779,1010,SH03,30301,2026-05-09,2026-05-24
900000000003780,1006,SH01,30301,2026-09-28,2026-09-21
900000000003781,1008,SH01,30301,2026-06-09,2026-10-26
900000000003782,1004,SH02,33101,2026-09-29,2026-06-29
900000000003783,1009,SH02,60652,2026-07-10,2026-05-08
900000000003784,1005,SH03,90210,2026-09-21,2026-06-29
900000000003785,1004,SH01,98101,2026-08-16,2026-10-27
900000000003786,1003,SH03,90210,2026-10-11,2026-11-11
900000000003787,1003,SH03,33101,2026-05-02,2026-05-09
900000000003788,1008,SH01,60652,2026-07-27,2026-11-23
900000000003789,1007,SH03,75201,2026-07-11,2026-05-02
900000000003790,1008,SH01,60601,2026-11-11,2026-10-02
900000000003791,1006,SH01,90210,2026-06-10,2026-11-24
900000000003792,1007,SH03,10001,2026-11-23,2026-07-02
900000000003793,1004,SH01,80201,2026-07-02,2026-09-29
900000000003794,1001,SH03,14201,2026-09-29,2026-07-27
900000000003795,1009,SH01,98101,2026-11-11,2026-05-09
900000000003796,1006,SH03,10001,2026-05-08,2026-07-02
900000000003797,1007,SH03,80201,2026-11-05,2026-10-14
900000000003798,1005,SH03,90210,2026-05-24,2026-06-27
900000000003799,1002,SH03,98101,2026-10-14,2026-09-29
900000000003800,1004,SH01,60601,2026-08-17,2026-06-27
900000000003801,1005,SH01,33101,2026-05-02,2026-10-31
900000000003802,1003,SH02,10001,2026-07-11,2026-06-27
900000000003803,1009,SH03,10001,2026-05-09,2026-10-31
900000000003804,1009,SH02,14201,2026-06-10,2026-10-21
900000000003805,1007,SH03,80201,2026-07-02,2026-09-21
900000000003806,1007,SH03,60601,2026-05-08,2026-10-11
900000000003807,1006,SH03,10001,2026-10-27,2026-10-11
900000000003808,1007,SH03,98101,2026-10-11,2026-09-28
900000000003809,1001,SH02,80201,2026-11-05,2026-07-10
900000000003810,1004,SH01,80201,2026-10-26,2026-10-27
900000000003811,1008,SH02,90210,2026-05-07,2026-10-31
900000000003812,1002,SH01,33101,2026-05-24,2026-09-21
900000000003813,1006,SH02,30301,2026-06-27,2026-09-28
900000000003814,1006,SH03,60652,2026-10-11,2026-10-31
900000000003815,1002,SH03,10001,2026-10-14,2026-05-08
900000000003816,1004,SH03,98101,2026-10-31,2026-10-27
900000000003817,1007,SH03,80201,2026-11-23,2026-09-28
900000000003818,1004,SH03,75201,2026-10-11,2026-05-09
900000000003819,1010,SH02,30301,2026-10-02,2026-07-02
900000000003820,1006,SH02,60601,2026-05-08,2026-10-02
900000000003821,1002,SH03,80201,2026-10-11,2026-06-27
900000000003822,1005,SH03,60601,2026-11-23,2026-05-08
900000000003823,1002,SH03,98101,2026-11-11,2026-06-26
900000000003824,1007,SH03,60652,2026-06-27,2026-05-08
900000000003825,1008,SH02,14201,2026-11-24,2026-09-29
900000000003826,1007,SH02,60601,2026-05-02,2026-05-08
900000000003827,1004,SH01,75201,2026-06-09,2026-10-11
900000000003828,1003,SH01,60652,2026-10-21,2026-05-09
900000000003829,1005,SH02,10001,2026-09-28,2026-06-27
900000000003830,1003,SH02,14201,2026-09-21,2026-08-16
900000000003831,1008,SH01,60601,2026-10-14,2026-06-29
900000000003832,1003,SH02,98101,2026-10-26,2026-10-21
900000000003833,1002,SH03,60601,2026-09-29,2026-07-11
900000000003834,1004,SH03,75201,2026-08-17,2026-10-27
900000000003835,1006,SH03,90210,2026-08-16,2026-11-11
900000000003836,1010,SH03,60601,2026-10-26,2026-07-10
900000000003837,1008,SH02,60601,2026-11-11,2026-07-02
900000000003838,1009,SH02,98101,2026-10-21,2026-05-09
900000000003839,1002,SH01,60601,2026-10-31,2026-05-02
900000000003840,1004,SH01,98101,2026-06-10,2026-10-21
900000000003841,1010,SH02,60652,2026-06-10,2026-07-10
900000000003842,1010,SH03,75201,2026-09-28,2026-10-11
900000000003843,1006,SH02,10001,2026-06-09,2026-06-29
900000000003844,1006,SH01,30301,2026-10-21,2026-10-02
900000000003845,1002,SH03,80201,2026-10-14,2026-09-28
900000000003846,1002,SH02,60652,2026-06-09,2026-05-08
900000000003847,1009,SH01,98101,2026-08-16,2026-11-05
900000000003848,1006,SH03,10001,2026-06-27,2026-06-10
900000000003849,1004,SH03,10001,2026-05-02,2026-05-09
900000000003850,1006,SH02,14201,2026-10-11,2026-05-09
900000000003851,1001,SH02,80201,2026-11-23,2026-05-07
900000000003852,1004,SH03,30301,2026-10-21,2026-05-08
900000000003853,1007,SH01,33101,2026-10-26,2026-11-24
900000000003854,1010,SH01,60601,2026-05-07,2026-09-29
900000000003855,1009,SH01,60601,2026-07-27,2026-07-10
900000000003856,1002,SH03,10001,2026-09-29,2026-10-21
900000000003857,1009,SH02,14201,2026-10-31,2026-07-10
900000000003858,1002,SH03,33101,2026-05-07,2026-11-11
900000000003859,1007,SH03,60652,2026-10-21,2026-06-27
900000000003860,1006,SH03,10001,2026-05-02,2026-09-29
900000000003861,1007,SH03,33101,2026-11-11,2026-10-26
900000000003862,1006,SH01,30301,2026-06-09,2026-10-02
900000000003863,1007,SH01,98101,2026-09-21,2026-05-08
900000000003864,1006,SH01,14201,2026-10-02,2026-05-09
900000000003865,1008,SH01,60652,2026-08-16,2026-06-29
900000000003866,1001,SH01,98101,2026-10-14,2026-07-02
900000000003867,1007,SH02,14201,2026-09-28,2026-06-26
900000000003868,1008,SH03,98101,2026-09-29,2026-05-07
900000000003869,1001,SH03,75201,2026-07-11,2026-06-26
900000000003870,1005,SH03,10001,2026-11-24,2026-09-21
900000000003871,1003,SH02,98101,2026-07-11,2026-05-09
900000000003872,1008,SH01,98101,2026-06-29,2026-07-10
900000000003873,1007,SH01,60652,2026-11-24,2026-10-11
900000000003874,1005,SH03,30301,2026-06-10,2026-10-14
900000000003875,1007,SH02,98101,2026-05-24,2026-08-16
900000000003876,1008,SH02,60652,2026-09-21,2026-05-07
900000000003877,1010,SH02,14201,2026-06-27,2026-11-23
900000000003878,1001,SH03,98101,2026-10-31,2026-06-29
900000000003879,1010,SH01,10001,2026-06-26,2026-06-10
900000000003880,1010,SH03,90210,2026-08-17,2026-10-31
900000000003881,1004,SH01,14201,2026-10-26,2026-06-10
900000000003882,1006,SH02,14201,2026-10-27,2026-06-09
900000000003883,1002,SH02,14201,2026-10-02,2026-10-21
900000000003884,1010,SH02,80201,2026-06-10,2026-10-14
900000000003885,1009,SH03,60601,2026-11-11,2026-06-27
900000000003886,1004,SH02,60652,2026-08-16,2026-10-27
900000000003887,1001,SH02,80201,2026-09-29,2026-10-31
900000000003888,1005,SH03,33101,2026-05-24,2026-07-02
900000000003889,1005,SH01,60652,2026-10-31,2026-10-21
900000000003890,1002,SH02,14201,2026-10-21,2026-05-02
900000000003891,1007,SH02,60601,2026-06-27,2026-07-27
900000000003892,1001,SH02,30301,2026-11-05,2026-06-26
900000000003893,1006,SH03,98101,2026-06-26,2026-10-27
900000000003894,1003,SH02,14201,2026-09-28,2026-10-31
900000000003895,1010,SH02,80201,2026-06-09,2026-05-08
900000000003896,1001,SH01,60652,2026-10-11,2026-06-10
900000000003897,1007,SH01,98101,2026-06-09,2026-07-02
900000000003898,1008,SH03,98101,2026-10-21,2026-11-23
900000000003899,1007,SH01,14201,2026-10-26,2026-06-26
900000000003900,1006,SH01,98101,2026-08-17,2026-05-09
900000000003901,1003,SH03,90210,2026-05-09,2026-05-24
900000000003902,1010,SH02,33101,2026-09-29,2026-06-29
900000000003903,1007,SH03,10001,2026-05-07,2026-05-24
900000000003904,1008,SH02,75201,2026-06-27,2026-10-26
900000000003905,1003,SH02,60601,2026-08-17,2026-10-31
900000000003906,1004,SH01,60601,2026-09-29,2026-07-10
900000000003907,1002,SH01,30301,2026-07-11,2026-10-14
900000000003908,1005,SH01,33101,2026-05-02,2026-07-10
900000000003909,1006,SH03,75201,2026-07-02,2026-10-27
900000000003910,1009,SH01,14201,2026-10-21,2026-06-26
900000000003911,1002,SH01,30301,2026-06-29,2026-10-26
900000000003912,1001,SH01,30301,2026-05-02,2026-11-23
900000000003913,1002,SH03,30301,2026-09-28,2026-11-24
900000000003914,1005,SH03,33101,2026-10-31,2026-09-28
900000000003915,1009,SH03,75201,2026-06-26,2026-10-26
900000000003916,1004,SH02,33101,2026-07-02,2026-05-08
900000000003917,1006,SH02,14201,2026-07-02,2026-05-07
900000000003918,1007,SH03,60601,2026-10-26,2026-05-08
900000000003919,1006,SH01,60652,2026-06-29,2026-11-24
900000000003920,1004,SH02,60652,2026-06-27,2026-05-08
900000000003921,1004,SH01,98101,2026-06-09,2026-05-08
900000000003922,1001,SH02,98101,2026-10-27,2026-08-16
900000000003923,1006,SH03,33101,2026-11-24,2026-10-11
900000000003924,1006,SH01,60652,2026-05-07,2026-06-09
900000000003925,1010,SH01,90210,2026-05-09,2026-10-31
900000000003926,1002,SH02,80201,2026-07-10,2026-05-08
900000000003927,1001,SH03,60601,2026-09-29,2026-10-11
900000000003928,1001,SH03,75201,2026-11-23,2026-08-16
900000000003929,1005,SH01,10001,2026-07-02,2026-06-27
900000000003930,1002,SH01,75201,2026-10-26,2026-10-14
900000000003931,1002,SH01,80201,2026-07-10,2026-10-27
900000000003932,1004,SH03,98101,2026-05-24,2026-09-29
900000000003933,1010,SH03,14201,2026-09-21,2026-05-02
900000000003934,1004,SH01,80201,2026-05-07,2026-07-10
900000000003935,1006,SH02,98101,2026-06-09,2026-05-07
900000000003936,1006,SH03,75201,2026-10-31,2026-05-07
900000000003937,1009,SH02,33101,2026-10-26,2026-10-21
900000000003938,1003,SH02,33101,2026-06-10,2026-10-26
900000000003939,1009,SH01,90210,2026-10-26,2026-06-10
900000000003940,1003,SH02,75201,2026-10-27,2026-07-02
900000000003941,1004,SH03,14201,2026-07-11,2026-06-29
900000000003942,1001,SH02,10001,2026-06-26,2026-09-21
900000000003943,1003,SH01,98101,2026-07-11,2026-11-23
900000000003944,1005,SH02,33101,2026-06-26,2026-11-05
900000000003945,1001,SH02,60652,2026-11-05,2026-05-09
900000000003946,1010,SH01,33101,2026-09-28,2026-07-02
900000000003947,1009,SH01,60601,2026-10-02,2026-06-09
900000000003948,1004,SH02,90210,2026-06-10,2026-05-02
900000000003949,1004,SH03,90210,2026-10-31,2026-10-02
900000000003950,1006,SH03,80201,2026-05-09,2026-06-09
900000000003951,1002,SH02,98101,2026-07-27,2026-10-26
900000000003952,1003,SH02,60652,2026-06-09,2026-09-21
900000000003953,1001,SH03,98101,2026-05-08,2026-07-10
900000000003954,1010,SH02,33101,2026-06-29,2026-05-02
900000000003955,1002,SH03,98101,2026-06-26,2026-10-21
900000000003956,1004,SH03,98101,2026-05-08,2026-07-02
900000000003957,1002,SH03,60652,2026-06-10,2026-05-09
900000000003958,1006,SH02,98101,2026-11-24,2026-10-31
900000000003959,1009,SH01,80201,2026-05-07,2026-10-11
900000000003960,1008,SH02,10001,2026-10-27,2026-06-26
900000000003961,1003,SH02,60652,2026-11-24,2026-11-05
900000000003962,1008,SH01,60601,2026-09-28,2026-10-02
900000000003963,1006,SH01,14201,2026-05-08,2026-10-27
900000000003964,1003,SH02,14201,2026-08-17,2026-07-10
900000000003965,1001,SH02,90210,2026-10-31,2026-05-07
900000000003966,1006,SH01,10001,2026-11-24,2026-11-23
900000000003967,1004,SH03,60652,2026-10-11,2026-10-02
900000000003968,1008,SH02,98101,2026-08-16,2026-10-11
900000000003969,1007,SH01,98101,2026-06-09,2026-06-26
900000000003970,1009,SH01,98101,2026-11-05,2026-09-29
900000000003971,1009,SH01,14201,2026-10-27,2026-05-07
900000000003972,1002,SH01,14201,2026-11-23,2026-11-05
900000000003973,1007,SH01,10001,2026-11-11,2026-09-29
900000000003974,1001,SH01,80201,2026-05-07,2026-11-23
900000000003975,1007,SH02,80201,2026-10-14,2026-07-27
900000000003976,1007,SH02,33101,2026-09-29,2026-05-08
900000000003977,1009,SH01,10001,2026-05-08,2026-06-26
900000000003978,1010,SH02,33101,2026-07-02,2026-10-14
900000000003979,1010,SH01,33101,2026-07-11,2026-05-08
900000000003980,1004,SH02,98101,2026-09-28,2026-06-09
900000000003981,1004,SH02,30301,2026-11-24,2026-11-05
900000000003982,1005,SH01,33101,2026-08-17,2026-09-29
900000000003983,1001,SH01,33101,2026-06-29,2026-10-14
900000000003984,1009,SH02,60601,2026-06-29,2026-11-05
900000000003985,1002,SH02,14201,2026-07-27,2026-06-27
900000000003986,1006,SH02,33101,2026-10-14,2026-10-27
900000000003987,1008,SH01,80201,2026-10-21,2026-08-17
900000000003988,1007,SH02,80201,2026-08-17,2026-06-10
900000000003989,1006,SH02,80201,2026-07-10,2026-08-17
900000000003990,1009,SH01,90210,2026-06-09,2026-10-11
900000000003991,1005,SH03,60601,2026-07-27,2026-09-21
900000000003992,1006,SH03,60652,2026-10-21,2026-10-02
900000000003993,1008,SH02,60601,2026-07-02,2026-10-27
900000000003994,1004,SH01,30301,2026-08-17,2026-06-10
900000000003995,1003,SH01,75201,2026-09-21,2026-08-17
900000000003996,1006,SH01,14201,2026-06-27,2026-10-21
900000000003997,1008,SH03,98101,2026-08-17,2026-07-10
900000000003998,1009,SH02,33101,2026-10-11,2026-06-09
900000000003999,1004,SH03,75201,2026-05-09,2026-07-11
900000000004000,1005,SH01,14201,2026-05-08,2026-05-02
900000000004001,1004,SH01,60652,2026-10-31,2026-10-26
900000000004002,1010,SH01,14201,2026-05-07,2026-10-27
900000000004003,1002,SH03,33101,2026-10-14,2026-10-27
900000000004004,1004,SH01,90210,2026-11-11,2026-09-29
900000000004005,1004,SH02,30301,2026-05-02,2026-06-10
900000000004006,1003,SH03,10001,2026-10-31,2026-09-21
900000000004007,1010,SH01,30301,2026-11-23,2026-06-27
900000000004008,1001,SH02,14201,2026-10-14,2026-06-29
900000000004009,1009,SH02,80201,2026-09-21,2026-11-05
900000000004010,1007,SH01,80201,2026-06-27,2026-07-27
900000000004011,1007,SH02,90210,2026-05-02,2026-09-29
900000000004012,1004,SH01,60652,2026-10-02,2026-10-02
900000000004013,1003,SH03,30301,2026-05-24,2026-10-26
900000000004014,1002,SH01,75201,2026-06-29,2026-10-21
900000000004015,1007,SH02,75201,2026-09-28,2026-05-09
900000000004016,1006,SH02,10001,2026-10-31,2026-09-21
900000000004017,1002,SH02,30301,2026-07-10,2026-10-21
900000000004018,1010,SH01,80201,2026-10-14,2026-11-05
900000000004019,1004,SH02,30301,2026-05-24,2026-05-24
900000000004020,1009,SH01,75201,2026-06-09,2026-10-02
900000000004021,1006,SH01,60652,2026-08-16,2026-11-11
900000000004022,1005,SH02,30301,2026-07-11,2026-08-17
900000000004023,1005,SH03,98101,2026-10-21,2026-07-11
900000000004024,1005,SH01,80201,2026-08-16,2026-11-24
900000000004025,1009,SH03,98101,2026-11-05,2026-08-16
900000000004026,1001,SH02,30301,2026-05-24,2026-09-28
900000000004027,1008,SH03,60652,2026-05-24,2026-06-10
900000000004028,1009,SH03,90210,2026-06-26,2026-07-11
900000000004029,1004,SH01,80201,2026-10-31,2026-07-27
900000000004030,1004,SH03,14201,2026-10-02,2026-05-07
900000000004031,1004,SH02,14201,2026-06-29,2026-11-23
900000000004032,1005,SH01,30301,2026-06-29,2026-10-02
900000000004033,1007,SH01,30301,2026-06-09,2026-06-29
900000000004034,1005,SH01,14201,2026-10-21,2026-05-09
900000000004035,1003,SH01,90210,2026-06-09,2026-07-27
900000000004036,1001,SH03,60601,2026-05-24,2026-08-16
900000000004037,1003,SH02,10001,2026-07-02,2026-06-27
900000000004038,1004,SH02,30301,2026-10-02,2026-10-31
900000000004039,1006,SH01,30301,2026-07-10,2026-05-02
900000000004040,1006,SH02,60601,2026-07-27,2026-05-24
900000000004041,1007,SH03,60601,2026-11-23,2026-06-27
900000000004042,1010,SH03,30301,2026-10-02,2026-10-11
900000000004043,1007,SH02,10001,2026-06-26,2026-11-24
900000000004044,1005,SH03,98101,2026-09-29,2026-10-26
900000000004045,1010,SH02,80201,2026-07-11,2026-11-05
900000000004046,1002,SH03,98101,2026-07-02,2026-07-11
900000000004047,1009,SH02,98101,2026-09-28,2026-06-29
900000000004048,1006,SH02,75201,2026-07-02,2026-10-11
900000000004049,1010,SH03,80201,2026-05-02,2026-06-10
900000000004050,1002,SH03,90210,2026-09-29,2026-10-21
900000000004051,1004,SH01,75201,2026-07-10,2026-11-23
900000000004052,1004,SH01,98101,2026-11-05,2026-11-24
900000000004053,1001,SH02,14201,2026-09-21,2026-10-02
900000000004054,1006,SH03,14201,2026-06-29,2026-05-24
900000000004055,1006,SH03,60652,2026-06-10,2026-10-14
900000000004056,1010,SH01,60601,2026-07-10,2026-05-24
900000000004057,1009,SH01,10001,2026-06-29,2026-10-27
900000000004058,1006,SH03,75201,2026-11-11,2026-10-27
900000000004059,1001,SH01,10001,2026-10-11,2026-10-31
900000000004060,1007,SH02,90210,2026-10-31,2026-11-23
900000000004061,1001,SH01,60601,2026-06-09,2026-06-26
900000000004062,1008,SH03,33101,2026-10-11,2026-08-16
900000000004063,1002,SH01,75201,2026-05-24,2026-06-26
900000000004064,1002,SH01,14201,2026-05-08,2026-08-16
900000000004065,1003,SH03,75201,2026-10-26,2026-11-24
900000000004066,1001,SH01,30301,2026-05-02,2026-10-27
900000000004067,1001,SH03,10001,2026-10-26,2026-07-02
900000000004068,1005,SH02,60601,2026-10-02,2026-09-21
900000000004069,1008,SH01,14201,2026-05-24,2026-05-08
900000000004070,1006,SH01,60601,2026-06-29,2026-10-31
900000000004071,1010,SH02,30301,2026-07-02,2026-11-05
900000000004072,1002,SH03,90210,2026-10-02,2026-11-24
900000000004073,1010,SH01,30301,2026-05-24,2026-06-27
900000000004074,1008,SH02,33101,2026-10-02,2026-10-21
900000000004075,1006,SH03,33101,2026-10-11,2026-06-27
900000000004076,1002,SH02,98101,2026-11-11,2026-07-27
900000000004077,1006,SH02,90210,2026-11-23,2026-10-02
900000000004078,1010,SH02,80201,2026-08-16,2026-07-27
900000000004079,1007,SH03,30301,2026-11-05,2026-10-11
900000000004080,1006,SH03,60601,2026-10-21,2026-05-02
900000000004081,1005,SH01,75201,2026-09-29,2026-10-27
900000000004082,1002,SH01,10001,2026-08-17,2026-05-08
900000000004083,1007,SH02,60652,2026-09-28,2026-07-11
900000000004084,1002,SH03,30301,2026-10-02,2026-10-21
900000000004085,1009,SH03,80201,2026-05-24,2026-11-24
900000000004086,1005,SH01,75201,2026-09-29,2026-10-14
900000000004087,1003,SH02,10001,2026-10-21,2026-06-29
900000000004088,1004,SH02,90210,2026-09-28,2026-09-29
900000000004089,1010,SH03,60652,2026-05-24,2026-06-26
900000000004090,1009,SH03,33101,2026-05-24,2026-10-14
900000000004091,1010,SH02,80201,2026-11-24,2026-10-02
900000000004092,1010,SH02,60601,2026-08-16,2026-07-11
900000000004093,1004,SH03,75201,2026-10-27,2026-10-26
900000000004094,1006,SH02,10001,2026-08-17,2026-11-23
900000000004095,1008,SH01,98101,2026-05-24,2026-07-27
900000000004096,1002,SH03,90210,2026-11-05,2026-10-27
900000000004097,1009,SH02,90210,2026-05-24,2026-07-11
900000000004098,1002,SH03,14201,2026-10-27,2026-10-14
900000000004099,1008,SH03,75201,2026-06-29,2026-05-02
900000000004100,1001,SH02,98101,2026-11-05,2026-08-17
900000000004101,1004,SH01,80201,2026-11-05,2026-11-23
900000000004102,1009,SH01,33101,2026-10-26,2026-05-24
900000000004103,1003,SH02,60601,2026-10-31,2026-05-09
900000000004104,1004,SH03,60652,2026-05-02,2026-06-27
900000000004105,1001,SH02,10001,2026-10-26,2026-07-02
900000000004106,1002,SH03,30301,2026-05-07,2026-08-17
900000000004107,1003,SH02,90210,2026-08-17,2026-06-29
900000000004108,1003,SH01,80201,2026-05-09,2026-05-09
900000000004109,1010,SH03,75201,2026-05-09,2026-10-11
900000000004110,1010,SH03,14201,2026-06-10,2026-09-29
900000000004111,1008,SH03,60601,2026-05-07,2026-07-11
900000000004112,1007,SH01,33101,2026-11-05,2026-06-10
900000000004113,1004,SH03,14201,2026-06-29,2026-07-27
900000000004114,1008,SH03,90210,2026-05-07,2026-07-11
900000000004115,1003,SH01,98101,2026-10-31,2026-07-27
900000000004116,1003,SH02,75201,2026-05-08,2026-11-05
900000000004117,1009,SH01,60601,2026-10-31,2026-10-11
900000000004118,1010,SH02,60601,2026-05-07,2026-10-27
900000000004119,1009,SH01,33101,2026-07-10,2026-10-27
900000000004120,1010,SH02,33101,2026-10-26,2026-11-11
900000000004121,1002,SH03,80201,2026-07-27,2026-07-27
900000000004122,1002,SH02,90210,2026-06-29,2026-05-02
900000000004123,1008,SH01,80201,2026-11-23,2026-07-27
900000000004124,1007,SH03,60652,2026-06-26,2026-10-31
900000000004125,1006,SH02,10001,2026-11-05,2026-07-27
900000000004126,1004,SH03,75201,2026-05-07,2026-06-29
900000000004127,1008,SH02,98101,2026-05-07,2026-10-31
900000000004128,1009,SH03,14201,2026-07-10,2026-07-11
900000000004129,1010,SH01,33101,2026-10-02,2026-05-07
900000000004130,1008,SH01,30301,2026-09-28,2026-06-10
900000000004131,1007,SH03,30301,2026-06-26,2026-07-02
900000000004132,1008,SH03,60652,2026-10-14,2026-07-02
900000000004133,1010,SH03,60652,2026-09-29,2026-06-27
900000000004134,1001,SH02,75201,2026-05-09,2026-05-24
900000000004135,1005,SH01,60652,2026-09-21,2026-11-23
900000000004136,1008,SH02,14201,2026-10-14,2026-06-26
900000000004137,1005,SH01,80201,2026-09-28,2026-09-21
900000000004138,1003,SH03,80201,2026-06-10,2026-07-02
900000000004139,1004,SH03,14201,2026-05-08,2026-11-24
900000000004140,1003,SH03,80201,2026-09-29,2026-06-27
900000000004141,1004,SH02,98101,2026-11-23,2026-08-17
900000000004142,1008,SH01,60601,2026-11-23,2026-05-07
900000000004143,1007,SH02,14201,2026-06-27,2026-10-11
900000000004144,1009,SH02,90210,2026-07-10,2026-09-21
900000000004145,1010,SH01,60601,2026-09-29,2026-06-09
900000000004146,1007,SH03,14201,2026-08-16,2026-07-10
900000000004147,1006,SH02,98101,2026-06-26,2026-05-08
900000000004148,1008,SH02,14201,2026-09-29,2026-10-14
900000000004149,1007,SH02,10001,2026-05-08,2026-10-21
900000000004150,1004,SH03,80201,2026-11-24,2026-10-11
900000000004151,1008,SH03,60652,2026-06-27,2026-08-16
900000000004152,1010,SH03,33101,2026-10-26,2026-06-10
900000000004153,1005,SH02,14201,2026-11-11,2026-10-14
900000000004154,1003,SH01,75201,2026-10-21,2026-07-10
900000000004155,1002,SH02,33101,2026-10-21,2026-08-17
900000000004156,1010,SH01,80201,2026-07-27,2026-09-28
900000000004157,1008,SH01,80201,2026-07-11,2026-11-24
900000000004158,1006,SH01,90210,2026-07-10,2026-10-21
900000000004159,1001,SH02,60652,2026-10-11,2026-09-21
900000000004160,1009,SH03,30301,2026-10-14,2026-10-02
900000000004161,1009,SH03,33101,2026-06-27,2026-05-09
900000000004162,1002,SH03,75201,2026-10-26,2026-10-02
900000000004163,1004,SH02,98101,2026-09-21,2026-05-24
900000000004164,1002,SH02,75201,2026-05-09,2026-07-27
900000000004165,1001,SH03,10001,2026-09-29,2026-10-02
900000000004166,1004,SH02,33101,2026-06-26,2026-06-26
900000000004167,1009,SH01,98101,2026-11-11,2026-09-29
900000000004168,1010,SH01,80201,2026-09-28,2026-11-11
900000000004169,1004,SH03,14201,2026-11-11,2026-05-07
900000000004170,1008,SH03,60601,2026-06-29,2026-09-28
900000000004171,1008,SH01,60601,2026-09-21,2026-06-27
900000000004172,1006,SH03,98101,2026-06-10,2026-10-11
900000000004173,1008,SH02,10001,2026-10-02,2026-10-11
900000000004174,1006,SH02,30301,2026-10-14,2026-11-24
900000000004175,1007,SH01,33101,2026-11-23,2026-06-26
900000000004176,1007,SH03,90210,2026-06-27,2026-09-28
900000000004177,1006,SH02,30301,2026-11-24,2026-08-17
900000000004178,1004,SH02,30301,2026-07-11,2026-10-02
900000000004179,1010,SH03,60652,2026-11-11,2026-09-21
900000000004180,1004,SH03,33101,2026-05-07,2026-07-27
900000000004181,1004,SH01,75201,2026-08-16,2026-10-21
900000000004182,1002,SH03,30301,2026-05-09,2026-11-24
900000000004183,1003,SH03,90210,2026-09-28,2026-06-26
900000000004184,1003,SH03,33101,2026-07-02,2026-09-28
900000000004185,1002,SH01,98101,2026-07-10,2026-10-26
900000000004186,1001,SH03,30301,2026-10-14,2026-07-10
900000000004187,1001,SH02,98101,2026-06-27,2026-11-24
900000000004188,1009,SH01,60601,2026-05-09,2026-10-26
900000000004189,1010,SH03,14201,2026-07-10,2026-07-11
900000000004190,1003,SH01,30301,2026-05-24,2026-09-29
900000000004191,1004,SH02,30301,2026-05-02,2026-11-05
900000000004192,1008,SH01,60601,2026-07-02,2026-05-02
900000000004193,1008,SH01,80201,2026-08-16,2026-09-29
900000000004194,1001,SH01,30301,2026-10-14,2026-06-27
900000000004195,1009,SH03,30301,2026-07-10,2026-07-02
900000000004196,1002,SH01,10001,2026-11-24,2026-10-31
900000000004197,1001,SH01,30301,2026-10-27,2026-06-09
900000000004198,1004,SH02,60601,2026-07-11,2026-10-27
900000000004199,1004,SH03,60652,2026-07-02,2026-10-21
900000000004200,1003,SH02,14201,2026-10-26,2026-06-29
900000000004201,1010,SH02,10001,2026-06-27,2026-09-29
900000000004202,1010,SH02,60652,2026-09-21,2026-11-11
900000000004203,1003,SH03,98101,2026-11-05,2026-07-11
900000000004204,1004,SH02,60652,2026-09-21,2026-06-26
900000000004205,1008,SH03,33101,2026-07-02,2026-08-17
900000000004206,1001,SH03,30301,2026-05-08,2026-05-07
900000000004207,1010,SH02,30301,2026-10-31,2026-05-09
900000000004208,1008,SH02,10001,2026-08-16,2026-10-21
900000000004209,1001,SH03,60652,2026-06-26,2026-05-08
900000000004210,1006,SH02,10001,2026-09-29,2026-11-24
900000000004211,1006,SH01,30301,2026-10-11,2026-09-28
900000000004212,1004,SH02,80201,2026-10-02,2026-07-10
900000000004213,1010,SH02,30301,2026-07-27,2026-06-10
900000000004214,1008,SH02,90210,2026-08-16,2026-11-23
900000000004215,1006,SH03,10001,2026-06-26,2026-06-27
900000000004216,1010,SH02,30301,2026-10-27,2026-07-27
900000000004217,1006,SH02,60652,2026-09-29,2026-08-17
900000000004218,1003,SH02,10001,2026-10-27,2026-11-05
900000000004219,1007,SH03,14201,2026-07-10,2026-06-26
900000000004220,1003,SH03,33101,2026-07-27,2026-06-29
900000000004221,1005,SH03,10001,2026-07-11,2026-08-17
900000000004222,1001,SH03,30301,2026-05-24,2026-11-11
900000000004223,1010,SH03,60652,2026-11-05,2026-07-27
900000000004224,1002,SH01,80201,2026-11-05,2026-06-26
900000000004225,1003,SH01,60601,2026-11-05,2026-10-14
900000000004226,1008,SH01,80201,2026-07-10,2026-10-26
900000000004227,1003,SH03,75201,2026-10-26,2026-11-11
900000000004228,1008,SH03,10001,2026-06-10,2026-05-07
900000000004229,1003,SH02,75201,2026-10-27,2026-10-21
900000000004230,1005,SH01,14201,2026-09-28,2026-06-09
900000000004231,1010,SH01,75201,2026-10-27,2026-10-31
900000000004232,1008,SH01,90210,2026-11-11,2026-06-29
900000000004233,1009,SH01,75201,2026-10-27,2026-11-23
900000000004234,1002,SH02,60601,2026-11-11,2026-10-27
900000000004235,1010,SH03,90210,2026-05-02,2026-06-27
900000000004236,1007,SH02,90210,2026-05-07,2026-06-29
900000000004237,1007,SH01,60601,2026-06-10,2026-09-28
900000000004238,1010,SH01,10001,2026-05-07,2026-05-07
900000000004239,1004,SH01,75201,2026-06-09,2026-06-26
900000000004240,1010,SH01,30301,2026-11-23,2026-05-09
900000000004241,1007,SH03,80201,2026-09-28,2026-11-05
900000000004242,1005,SH03,10001,2026-06-29,2026-10-14
900000000004243,1002,SH02,90210,2026-11-05,2026-10-14
900000000004244,1003,SH02,14201,2026-07-27,2026-11-05
900000000004245,1007,SH02,30301,2026-07-27,2026-11-23
900000000004246,1001,SH01,33101,2026-11-24,2026-05-09
900000000004247,1008,SH02,98101,2026-10-14,2026-06-29
900000000004248,1007,SH03,14201,2026-06-29,2026-11-11
900000000004249,1003,SH03,10001,2026-10-21,2026-09-28
900000000004250,1005,SH01,90210,2026-05-02,2026-10-21
900000000004251,1004,SH01,90210,2026-05-24,2026-06-10
900000000004252,1009,SH01,14201,2026-09-29,2026-07-10
900000000004253,1010,SH03,75201,2026-08-16,2026-11-11
900000000004254,1006,SH03,33101,2026-05-24,2026-05-07
900000000004255,1009,SH02,98101,2026-09-28,2026-06-09
900000000004256,1003,SH02,10001,2026-11-24,2026-06-27
900000000004257,1009,SH02,80201,2026-06-29,2026-06-29
900000000004258,1001,SH01,98101,2026-10-31,2026-06-29
900000000004259,1007,SH03,10001,2026-10-26,2026-10-26
900000000004260,1004,SH03,90210,2026-08-16,2026-06-27
900000000004261,1007,SH02,30301,2026-08-16,2026-07-02
900000000004262,1007,SH03,80201,2026-10-26,2026-05-08
900000000004263,1004,SH03,60601,2026-08-17,2026-05-07
900000000004264,1004,SH02,60601,2026-05-07,2026-07-02
900000000004265,1008,SH01,60652,2026-10-27,2026-07-27
900000000004266,1009,SH03,80201,2026-11-24,2026-10-14
900000000004267,1009,SH03,75201,2026-08-17,2026-06-10
900000000004268,1002,SH01,90210,2026-10-02,2026-08-17
900000000004269,1005,SH03,60652,2026-11-11,2026-05-02
900000000004270,1003,SH02,98101,2026-08-16,2026-11-23
900000000004271,1003,SH02,98101,2026-06-26,2026-07-10
900000000004272,1003,SH03,75201,2026-10-27,2026-10-26
900000000004273,1008,SH03,30301,2026-10-21,2026-11-05
900000000004274,1003,SH03,75201,2026-11-05,2026-05-07
900000000004275,1010,SH02,14201,2026-10-26,2026-05-24
900000000004276,1003,SH03,33101,2026-06-09,2026-10-26
900000000004277,1001,SH01,33101,2026-11-24,2026-06-26
900000000004278,1007,SH01,14201,2026-10-11,2026-06-10
900000000004279,1001,SH03,75201,2026-11-23,2026-07-02
900000000004280,1002,SH03,75201,2026-06-09,2026-05-07
900000000004281,1010,SH01,60601,2026-10-21,2026-07-27
900000000004282,1003,SH03,90210,2026-06-27,2026-05-08
900000000004283,1006,SH02,75201,2026-11-11,2026-09-29
900000000004284,1004,SH03,98101,2026-07-11,2026-05-02
900000000004285,1007,SH03,14201,2026-08-16,2026-06-10
900000000004286,1005,SH03,75201,2026-06-09,2026-07-11
900000000004287,1004,SH03,60652,2026-07-11,2026-10-21
900000000004288,1010,SH03,60652,2026-06-09,2026-10-11
900000000004289,1002,SH03,60652,2026-05-24,2026-05-02
900000000004290,1003,SH03,75201,2026-11-11,2026-10-14
900000000004291,1008,SH03,10001,2026-06-10,2026-10-11
900000000004292,1002,SH01,60601,2026-10-02,2026-05-09
900000000004293,1002,SH02,90210,2026-10-21,2026-10-31
900000000004294,1009,SH01,10001,2026-11-05,2026-05-02
900000000004295,1008,SH02,80201,2026-07-27,2026-06-29
900000000004296,1003,SH03,60601,2026-05-09,2026-09-21
900000000004297,1005,SH03,75201,2026-06-10,2026-10-21
900000000004298,1007,SH01,33101,2026-06-09,2026-06-09
900000000004299,1009,SH01,60601,2026-06-29,2026-05-09
900000000004300,1002,SH02,60601,2026-10-14,2026-10-02
900000000004301,1002,SH01,98101,2026-09-28,2026-05-24
900000000004302,1010,SH02,33101,2026-06-29,2026-07-02
900000000004303,1005,SH03,10001,2026-05-02,2026-07-10
900000000004304,1008,SH02,10001,2026-10-27,2026-07-02
900000000004305,1004,SH01,33101,2026-06-09,2026-10-11
900000000004306,1010,SH01,75201,2026-06-26,2026-07-27
900000000004307,1009,SH01,98101,2026-06-27,2026-11-23
900000000004308,1010,SH01,30301,2026-10-11,2026-11-05
900000000004309,1002,SH01,33101,2026-07-02,2026-11-05
900000000004310,1003,SH01,10001,2026-05-07,2026-06-09
900000000004311,1003,SH03,80201,2026-07-27,2026-06-10
900000000004312,1007,SH01,80201,2026-10-02,2026-05-07
900000000004313,1006,SH02,30301,2026-07-10,2026-05-08
900000000004314,1009,SH01,90210,2026-05-07,2026-10-02
900000000004315,1006,SH01,98101,2026-08-17,2026-06-29
900000000004316,1008,SH01,90210,2026-08-16,2026-07-02
900000000004317,1010,SH02,98101,2026-06-10,2026-11-23
900000000004318,1008,SH01,60652,2026-07-10,2026-05-24
900000000004319,1005,SH01,90210,2026-10-14,2026-07-10
900000000004320,1006,SH01,33101,2026-06-10,2026-05-07
900000000004321,1007,SH01,98101,2026-05-02,2026-10-14
900000000004322,1007,SH03,60652,2026-10-27,2026-07-10
900000000004323,1003,SH02,33101,2026-08-16,2026-11-23
900000000004324,1009,SH01,33101,2026-05-02,2026-11-24
900000000004325,1009,SH02,75201,2026-11-24,2026-07-02
900000000004326,1008,SH03,80201,2026-08-17,2026-07-10
900000000004327,1009,SH03,90210,2026-10-27,2026-05-09
900000000004328,1007,SH01,60652,2026-09-28,2026-06-09
900000000004329,1003,SH03,30301,2026-11-24,2026-10-21
900000000004330,1004,SH02,14201,2026-07-27,2026-05-09
900000000004331,1003,SH01,30301,2026-06-26,2026-05-07
900000000004332,1004,SH03,80201,2026-10-02,2026-07-02
900000000004333,1002,SH03,33101,2026-10-02,2026-09-21
900000000004334,1001,SH03,90210,2026-05-08,2026-05-07
900000000004335,1003,SH01,80201,2026-10-27,2026-10-27
900000000004336,1005,SH01,75201,2026-05-24,2026-06-10
900000000004337,1001,SH02,33101,2026-07-11,2026-10-27
900000000004338,1003,SH02,10001,2026-05-08,2026-09-28
900000000004339,1007,SH01,60652,2026-07-27,2026-08-17
900000000004340,1004,SH03,98101,2026-05-08,2026-05-24
900000000004341,1008,SH03,10001,2026-06-26,2026-11-05
900000000004342,1007,SH02,10001,2026-05-02,2026-07-11
900000000004343,1010,SH03,60601,2026-10-14,2026-06-09
900000000004344,1006,SH01,98101,2026-05-09,2026-05-02
900000000004345,1005,SH02,80201,2026-09-29,2026-09-21
900000000004346,1007,SH03,60601,2026-05-07,2026-06-09
900000000004347,1003,SH03,30301,2026-10-26,2026-10-02
900000000004348,1001,SH01,75201,2026-06-29,2026-09-28
900000000004349,1002,SH01,33101,2026-09-29,2026-10-11
900000000004350,1008,SH01,30301,2026-10-31,2026-09-28
900000000004351,1007,SH02,90210,2026-06-27,2026-10-21
900000000004352,1003,SH02,33101,2026-09-29,2026-11-11
900000000004353,1006,SH01,98101,2026-05-09,2026-07-02
900000000004354,1004,SH02,60652,2026-11-05,2026-05-09
900000000004355,1003,SH01,75201,2026-07-02,2026-05-09
900000000004356,1006,SH03,75201,2026-05-24,2026-05-07
900000000004357,1001,SH01,60601,2026-10-26,2026-07-11
900000000004358,1005,SH03,10001,2026-07-11,2026-07-10
900000000004359,1009,SH02,14201,2026-08-16,2026-10-21
900000000004360,1010,SH02,60601,2026-07-11,2026-05-24
900000000004361,1006,SH02,90210,2026-10-27,2026-11-11
900000000004362,1008,SH03,30301,2026-09-29,2026-06-09
900000000004363,1001,SH01,60652,2026-06-29,2026-06-27
900000000004364,1008,SH01,60652,2026-07-27,2026-07-27
900000000004365,1003,SH01,80201,2026-09-28,2026-10-02
900000000004366,1007,SH02,60652,2026-08-16,2026-11-05
900000000004367,1007,SH03,60652,2026-10-14,2026-05-09
900000000004368,1007,SH03,10001,2026-11-24,2026-08-16
900000000004369,1007,SH01,10001,2026-05-02,2026-11-23
900000000004370,1009,SH02,10001,2026-05-08,2026-05-08
900000000004371,1008,SH03,80201,2026-11-24,2026-05-08
900000000004372,1008,SH01,80201,2026-05-09,2026-06-09
900000000004373,1005,SH03,75201,2026-10-14,2026-06-09
900000000004374,1009,SH03,60652,2026-06-26,2026-07-02
900000000004375,1002,SH02,60601,2026-09-29,2026-07-10
900000000004376,1005,SH03,90210,2026-11-24,2026-07-02
900000000004377,1008,SH03,14201,2026-11-11,2026-07-10
900000000004378,1006,SH02,80201,2026-07-02,2026-09-21
900000000004379,1001,SH02,33101,2026-05-09,2026-07-27
900000000004380,1004,SH02,14201,2026-11-11,2026-09-21
900000000004381,1005,SH02,98101,2026-06-10,2026-05-24
900000000004382,1002,SH03,98101,2026-06-29,2026-10-14
900000000004383,1010,SH02,98101,2026-05-24,2026-11-24
900000000004384,1007,SH02,98101,2026-05-02,2026-07-02
900000000004385,1007,SH03,33101,2026-06-29,2026-10-11
900000000004386,1010,SH03,60601,2026-07-11,2026-10-14
900000000004387,1009,SH02,30301,2026-06-29,2026-05-08
900000000004388,1009,SH01,90210,2026-09-21,2026-09-28
900000000004389,1006,SH02,80201,2026-08-17,2026-07-02
900000000004390,1010,SH01,14201,2026-10-31,2026-07-27
900000000004391,1004,SH01,10001,2026-06-09,2026-05-09
900000000004392,1004,SH03,14201,2026-06-27,2026-11-05
900000000004393,1001,SH02,60601,2026-07-02,2026-11-05
900000000004394,1008,SH01,98101,2026-05-08,2026-05-24
900000000004395,1004,SH01,14201,2026-06-27,2026-09-28
900000000004396,1005,SH02,80201,2026-10-11,2026-05-07
900000000004397,1002,SH01,10001,2026-09-28,2026-09-28
900000000004398,1008,SH02,80201,2026-10-27,2026-05-24
900000000004399,1003,SH03,90210,2026-11-11,2026-09-21
900000000004400,1005,SH03,98101,2026-11-24,2026-07-11
900000000004401,1005,SH03,75201,2026-07-10,2026-07-02
900000000004402,1010,SH03,80201,2026-05-07,2026-10-11
900000000004403,1004,SH01,33101,2026-05-24,2026-11-24
900000000004404,1003,SH01,90210,2026-05-08,2026-10-21
900000000004405,1010,SH01,98101,2026-09-28,2026-05-07
900000000004406,1008,SH02,75201,2026-10-21,2026-11-05
900000000004407,1006,SH01,10001,2026-05-24,2026-06-27
900000000004408,1003,SH03,14201,2026-05-07,2026-07-02
900000000004409,1007,SH02,90210,2026-09-28,2026-05-02
900000000004410,1005,SH01,98101,2026-09-29,2026-11-05
900000000004411,1007,SH03,14201,2026-05-24,2026-06-26
900000000004412,1008,SH02,33101,2026-05-07,2026-06-26
900000000004413,1007,SH03,98101,2026-10-21,2026-05-02
900000000004414,1006,SH01,98101,2026-11-11,2026-09-21
900000000004415,1008,SH03,80201,2026-07-10,2026-10-02
900000000004416,1004,SH03,80201,2026-11-23,2026-10-26
900000000004417,1001,SH01,80201,2026-05-07,2026-11-05
900000000004418,1002,SH03,10001,2026-11-24,2026-07-11
900000000004419,1007,SH03,90210,2026-09-21,2026-11-24
900000000004420,1001,SH02,10001,2026-05-08,2026-07-10
900000000004421,1007,SH01,60601,2026-11-24,2026-10-14
900000000004422,1003,SH02,80201,2026-05-08,2026-10-02
900000000004423,1002,SH03,90210,2026-06-10,2026-06-10
900000000004424,1002,SH01,75201,2026-08-16,2026-07-02
900000000004425,1006,SH03,14201,2026-05-07,2026-05-02
900000000004426,1005,SH01,14201,2026-05-08,2026-10-27
900000000004427,1002,SH02,80201,2026-06-27,2026-09-29
900000000004428,1005,SH01,75201,2026-07-02,2026-06-10
900000000004429,1003,SH01,90210,2026-09-21,2026-08-17
900000000004430,1003,SH02,14201,2026-06-09,2026-09-21
900000000004431,1006,SH02,14201,2026-07-02,2026-05-24
900000000004432,1003,SH03,90210,2026-10-11,2026-05-08
900000000004433,1010,SH01,33101,2026-09-29,2026-06-29
900000000004434,1006,SH02,33101,2026-10-27,2026-06-29
900000000004435,1003,SH02,98101,2026-10-02,2026-06-29
900000000004436,1008,SH02,80201,2026-06-10,2026-05-02
900000000004437,1002,SH01,10001,2026-11-23,2026-07-02
900000000004438,1010,SH02,60601,2026-11-11,2026-06-09
900000000004439,1001,SH02,75201,2026-10-11,2026-06-27
900000000004440,1009,SH02,98101,2026-06-26,2026-08-16
900000000004441,1007,SH03,60601,2026-09-28,2026-06-26
900000000004442,1006,SH01,33101,2026-07-02,2026-10-14
900000000004443,1002,SH02,60601,2026-07-02,2026-08-16
900000000004444,1001,SH01,98101,2026-09-28,2026-09-21
900000000004445,1004,SH02,75201,2026-11-24,2026-07-02
900000000004446,1001,SH02,60652,2026-06-29,2026-07-11
900000000004447,1002,SH01,14201,2026-05-08,2026-11-23
900000000004448,1003,SH02,60601,2026-07-10,2026-06-27
900000000004449,1004,SH03,90210,2026-11-24,2026-10-31
900000000004450,1007,SH02,10001,2026-06-26,2026-05-08
900000000004451,1008,SH02,14201,2026-11-23,2026-05-24
900000000004452,1009,SH03,10001,2026-07-10,2026-10-31
900000000004453,1010,SH01,14201,2026-05-08,2026-09-21
900000000004454,1001,SH03,90210,2026-10-11,2026-06-29
900000000004455,1009,SH02,60601,2026-10-27,2026-05-24
900000000004456,1001,SH01,90210,2026-06-09,2026-05-07
900000000004457,1004,SH02,14201,2026-10-26,2026-10-31
900000000004458,1010,SH03,90210,2026-06-27,2026-05-02
900000000004459,1003,SH03,98101,2026-07-10,2026-07-10
900000000004460,1005,SH03,60652,2026-06-26,2026-07-27
900000000004461,1010,SH03,14201,2026-10-02,2026-10-27
900000000004462,1007,SH01,60652,2026-10-11,2026-07-27
900000000004463,1004,SH01,80201,2026-11-11,2026-08-17
900000000004464,1004,SH03,90210,2026-10-31,2026-06-09
900000000004465,1001,SH02,75201,2026-11-24,2026-07-10
900000000004466,1002,SH02,30301,2026-11-05,2026-06-10
900000000004467,1007,SH02,98101,2026-07-10,2026-11-05
900000000004468,1007,SH01,30301,2026-06-10,2026-05-07
900000000004469,1007,SH01,60652,2026-09-28,2026-06-26
900000000004470,1010,SH02,90210,2026-05-02,2026-06-29
900000000004471,1007,SH02,60601,2026-10-14,2026-09-21
900000000004472,1007,SH03,98101,2026-06-10,2026-09-29
900000000004473,1004,SH03,10001,2026-10-27,2026-10-14
900000000004474,1007,SH03,14201,2026-05-02,2026-10-11
900000000004475,1008,SH01,98101,2026-08-16,2026-10-26
900000000004476,1009,SH01,33101,2026-05-07,2026-05-09
900000000004477,1007,SH01,90210,2026-06-27,2026-11-23
900000000004478,1006,SH02,10001,2026-07-11,2026-08-16
900000000004479,1007,SH01,60601,2026-06-09,2026-10-02
900000000004480,1004,SH01,60652,2026-08-17,2026-11-05
900000000004481,1005,SH03,75201,2026-05-24,2026-10-02
900000000004482,1007,SH03,75201,2026-10-21,2026-09-21
900000000004483,1006,SH03,60652,2026-07-02,2026-09-29
900000000004484,1005,SH01,60601,2026-09-21,2026-09-28
900000000004485,1004,SH03,98101,2026-05-09,2026-05-02
900000000004486,1003,SH02,60652,2026-10-31,2026-06-29
900000000004487,1002,SH01,80201,2026-06-27,2026-11-23
900000000004488,1003,SH01,60652,2026-05-24,2026-10-27
900000000004489,1005,SH01,98101,2026-05-09,2026-08-16
900000000004490,1003,SH01,75201,2026-10-21,2026-11-05
900000000004491,1009,SH01,33101,2026-10-14,2026-09-28
900000000004492,1009,SH02,30301,2026-11-05,2026-08-17
900000000004493,1007,SH02,33101,2026-06-26,2026-06-29
900000000004494,1003,SH02,60652,2026-09-29,2026-05-08
900000000004495,1004,SH01,60652,2026-06-09,2026-05-24
900000000004496,1009,SH03,10001,2026-07-10,2026-06-29
900000000004497,1005,SH01,30301,2026-06-09,2026-10-02
900000000004498,1002,SH02,60601,2026-11-05,2026-07-10
900000000004499,1002,SH03,80201,2026-07-02,2026-08-16
900000000004500,1005,SH03,60652,2026-09-29,2026-10-27
900000000004501,1010,SH01,90210,2026-11-24,2026-10-02
900000000004502,1006,SH02,75201,2026-07-11,2026-07-27
900000000004503,1009,SH02,10001,2026-06-27,2026-11-24
900000000004504,1002,SH02,14201,2026-10-31,2026-11-23
900000000004505,1010,SH02,98101,2026-06-10,2026-09-21
900000000004506,1010,SH01,33101,2026-10-26,2026-10-31
900000000004507,1004,SH03,14201,2026-09-28,2026-07-10
900000000004508,1007,SH02,98101,2026-07-11,2026-09-21
900000000004509,1004,SH01,30301,2026-10-31,2026-05-08
900000000004510,1006,SH01,90210,2026-06-27,2026-08-17
900000000004511,1007,SH03,80201,2026-07-02,2026-11-23
900000000004512,1002,SH02,30301,2026-09-21,2026-10-27
900000000004513,1008,SH03,80201,2026-07-27,2026-10-21
900000000004514,1007,SH01,14201,2026-06-10,2026-10-26
900000000004515,1002,SH02,90210,2026-06-09,2026-09-29
900000000004516,1010,SH03,90210,2026-11-11,2026-07-27
900000000004517,1005,SH02,90210,2026-07-11,2026-09-29
900000000004518,1003,SH02,75201,2026-07-10,2026-09-28
900000000004519,1004,SH03,33101,2026-10-14,2026-11-23
900000000004520,1008,SH01,33101,2026-08-16,2026-07-02
900000000004521,1008,SH02,98101,2026-11-24,2026-09-28
900000000004522,1003,SH03,80201,2026-07-02,2026-10-31
900000000004523,1002,SH02,98101,2026-10-26,2026-05-09
900000000004524,1003,SH03,75201,2026-06-09,2026-05-24
900000000004525,1008,SH03,90210,2026-05-02,2026-10-21
900000000004526,1006,SH03,60652,2026-07-10,2026-11-23
900000000004527,1010,SH01,30301,2026-06-10,2026-11-11
900000000004528,1001,SH03,98101,2026-10-31,2026-08-16
900000000004529,1003,SH01,60601,2026-08-17,2026-09-21
900000000004530,1002,SH03,10001,2026-10-02,2026-06-26
900000000004531,1009,SH01,33101,2026-05-09,2026-09-29
900000000004532,1009,SH03,33101,2026-11-11,2026-05-08
900000000004533,1004,SH02,98101,2026-07-27,2026-10-02
900000000004534,1009,SH02,60652,2026-11-23,2026-11-05
900000000004535,1004,SH03,80201,2026-08-16,2026-10-31
900000000004536,1007,SH01,60652,2026-06-10,2026-07-10
900000000004537,1010,SH01,30301,2026-10-02,2026-05-08
900000000004538,1003,SH01,10001,2026-10-11,2026-05-08
900000000004539,1002,SH01,10001,2026-06-29,2026-08-16
900000000004540,1004,SH02,30301,2026-11-23,2026-08-16
900000000004541,1006,SH02,90210,2026-08-16,2026-10-11
900000000004542,1004,SH02,60652,2026-09-21,2026-08-17
900000000004543,1003,SH01,75201,2026-11-24,2026-09-21
900000000004544,1001,SH03,75201,2026-07-27,2026-07-27
900000000004545,1003,SH03,33101,2026-06-26,2026-07-02
900000000004546,1009,SH01,60652,2026-10-02,2026-08-16
900000000004547,1005,SH02,30301,2026-05-08,2026-07-10
900000000004548,1010,SH01,33101,2026-05-09,2026-11-05
900000000004549,1010,SH03,75201,2026-07-27,2026-10-26
900000000004550,1007,SH02,30301,2026-05-08,2026-09-28
900000000004551,1002,SH02,90210,2026-10-21,2026-10-31
900000000004552,1001,SH02,98101,2026-10-14,2026-05-07
900000000004553,1007,SH01,33101,2026-06-09,2026-05-08
900000000004554,1009,SH02,80201,2026-06-09,2026-09-28
900000000004555,1008,SH01,60652,2026-07-27,2026-07-10
900000000004556,1002,SH03,33101,2026-10-02,2026-10-31
900000000004557,1006,SH03,98101,2026-06-29,2026-11-11
900000000004558,1009,SH03,14201,2026-06-27,2026-05-02
900000000004559,1006,SH01,30301,2026-06-29,2026-08-16
900000000004560,1010,SH01,90210,2026-11-24,2026-06-10
900000000004561,1001,SH03,60652,2026-10-14,2026-08-17
900000000004562,1005,SH01,90210,2026-06-09,2026-08-16
900000000004563,1010,SH02,80201,2026-05-08,2026-11-05
900000000004564,1003,SH01,75201,2026-09-21,2026-05-08
900000000004565,1003,SH03,90210,2026-10-21,2026-10-27
900000000004566,1004,SH03,60652,2026-05-09,2026-07-11
900000000004567,1002,SH03,33101,2026-05-08,2026-11-11
900000000004568,1008,SH03,98101,2026-06-27,2026-07-02
900000000004569,1003,SH03,10001,2026-07-11,2026-08-16
900000000004570,1009,SH02,75201,2026-10-14,2026-06-29
900000000004571,1001,SH02,30301,2026-11-11,2026-08-17
900000000004572,1005,SH02,90210,2026-05-08,2026-10-31
900000000004573,1005,SH02,90210,2026-05-07,2026-10-02
900000000004574,1009,SH01,10001,2026-08-16,2026-07-02
900000000004575,1001,SH01,90210,2026-06-09,2026-05-24
900000000004576,1004,SH01,60601,2026-08-16,2026-09-28
900000000004577,1010,SH02,98101,2026-09-29,2026-10-31
900000000004578,1002,SH02,33101,2026-05-24,2026-09-21
900000000004579,1002,SH02,30301,2026-06-27,2026-05-02
900000000004580,1004,SH02,14201,2026-07-27,2026-07-02
900000000004581,1003,SH01,30301,2026-10-14,2026-06-10
900000000004582,1002,SH01,90210,2026-10-27,2026-06-27
900000000004583,1001,SH01,33101,2026-06-10,2026-05-09
900000000004584,1003,SH02,10001,2026-08-17,2026-09-28
900000000004585,1003,SH02,75201,2026-09-29,2026-05-24
900000000004586,1007,SH03,60652,2026-10-14,2026-10-21
900000000004587,1003,SH03,98101,2026-09-28,2026-10-11
900000000004588,1002,SH03,90210,2026-07-11,2026-06-29
900000000004589,1008,SH01,98101,2026-11-23,2026-07-27
900000000004590,1002,SH02,10001,2026-10-14,2026-07-11
900000000004591,1004,SH02,30301,2026-05-24,2026-05-08
900000000004592,1001,SH02,80201,2026-05-07,2026-06-09
900000000004593,1008,SH02,10001,2026-10-21,2026-11-23
900000000004594,1003,SH02,14201,2026-08-17,2026-07-10
900000000004595,1003,SH03,75201,2026-06-09,2026-05-24
900000000004596,1009,SH02,10001,2026-05-07,2026-11-23
900000000004597,1008,SH02,10001,2026-10-26,2026-05-07
900000000004598,1004,SH02,98101,2026-06-26,2026-10-11
900000000004599,1006,SH03,75201,2026-10-11,2026-05-07
900000000004600,1002,SH01,10001,2026-09-28,2026-05-24
900000000004601,1003,SH01,10001,2026-06-10,2026-09-29
900000000004602,1009,SH03,60652,2026-10-26,2026-06-09
900000000004603,1002,SH02,98101,2026-10-02,2026-10-11
900000000004604,1006,SH02,33101,2026-09-29,2026-09-21
900000000004605,1009,SH01,14201,2026-08-16,2026-06-27
900000000004606,1004,SH01,60601,2026-07-27,2026-10-21
900000000004607,1009,SH03,14201,2026-07-11,2026-05-09
900000000004608,1003,SH01,60601,2026-06-29,2026-07-11
900000000004609,1010,SH03,60652,2026-09-28,2026-08-17
900000000004610,1003,SH02,75201,2026-08-16,2026-09-28
900000000004611,1006,SH02,75201,2026-11-05,2026-10-26
900000000004612,1005,SH02,33101,2026-09-21,2026-07-02
900000000004613,1001,SH01,98101,2026-07-11,2026-10-14
900000000004614,1005,SH02,60601,2026-07-27,2026-10-27
900000000004615,1006,SH01,80201,2026-08-16,2026-07-02
900000000004616,1001,SH01,75201,2026-08-16,2026-05-24
900000000004617,1001,SH02,90210,2026-11-24,2026-10-26
900000000004618,1004,SH03,90210,2026-10-26,2026-08-17
900000000004619,1008,SH01,80201,2026-11-05,2026-09-28
900000000004620,1007,SH01,60652,2026-05-08,2026-11-24
900000000004621,1010,SH02,30301,2026-05-08,2026-10-11
900000000004622,1005,SH03,10001,2026-07-11,2026-05-07
900000000004623,1010,SH01,60601,2026-05-08,2026-11-24
900000000004624,1010,SH01,33101,2026-10-27,2026-07-10
900000000004625,1004,SH01,14201,2026-09-29,2026-11-11
900000000004626,1005,SH02,98101,2026-06-27,2026-05-08
900000000004627,1007,SH02,60601,2026-09-21,2026-06-10
900000000004628,1008,SH03,10001,2026-09-28,2026-09-29
900000000004629,1008,SH01,98101,2026-05-07,2026-05-07
900000000004630,1009,SH01,90210,2026-05-08,2026-09-21
900000000004631,1003,SH01,33101,2026-10-02,2026-06-10
900000000004632,1001,SH03,60601,2026-05-08,2026-11-11
900000000004633,1004,SH02,90210,2026-05-02,2026-10-14
900000000004634,1004,SH01,60601,2026-06-10,2026-06-27
900000000004635,1007,SH01,60652,2026-10-14,2026-11-23
900000000004636,1006,SH02,80201,2026-10-14,2026-10-31
900000000004637,1008,SH01,30301,2026-05-07,2026-09-29
900000000004638,1002,SH03,80201,2026-11-24,2026-11-24
900000000004639,1002,SH02,80201,2026-08-17,2026-05-24
900000000004640,1010,SH01,14201,2026-05-24,2026-07-10
900000000004641,1001,SH01,60601,2026-05-07,2026-11-23
900000000004642,1008,SH03,98101,2026-05-02,2026-07-10
900000000004643,1005,SH03,75201,2026-11-11,2026-09-21
900000000004644,1007,SH01,14201,2026-11-11,2026-10-02
900000000004645,1004,SH01,75201,2026-10-27,2026-08-16
900000000004646,1005,SH03,30301,2026-07-27,2026-10-21
900000000004647,1006,SH02,60601,2026-07-02,2026-06-27
900000000004648,1001,SH03,60601,2026-06-26,2026-07-10
900000000004649,1005,SH03,14201,2026-09-28,2026-07-27
900000000004650,1003,SH01,60652,2026-09-21,2026-10-21
900000000004651,1007,SH03,14201,2026-11-05,2026-10-27
900000000004652,1005,SH02,14201,2026-05-24,2026-06-10
900000000004653,1005,SH03,10001,2026-05-09,2026-06-27
900000000004654,1003,SH03,80201,2026-07-10,2026-09-28
900000000004655,1009,SH03,30301,2026-07-10,2026-05-07
900000000004656,1004,SH01,90210,2026-05-24,2026-11-11
900000000004657,1003,SH03,10001,2026-07-10,2026-11-23
900000000004658,1005,SH02,30301,2026-10-31,2026-05-02
900000000004659,1006,SH01,80201,2026-06-10,2026-10-26
900000000004660,1008,SH02,90210,2026-10-11,2026-06-09
900000000004661,1009,SH03,90210,2026-09-28,2026-11-23
900000000004662,1004,SH01,30301,2026-10-26,2026-09-28
900000000004663,1007,SH02,60652,2026-10-27,2026-05-07
900000000004664,1007,SH01,60652,2026-05-24,2026-11-05
900000000004665,1003,SH02,98101,2026-08-17,2026-09-21
900000000004666,1010,SH03,98101,2026-07-02,2026-11-05
900000000004667,1002,SH01,60652,2026-09-29,2026-10-02
900000000004668,1003,SH02,75201,2026-08-17,2026-07-11
900000000004669,1001,SH03,33101,2026-08-16,2026-09-21
900000000004670,1004,SH03,98101,2026-10-21,2026-07-10
900000000004671,1007,SH01,10001,2026-06-10,2026-08-16
900000000004672,1009,SH01,33101,2026-05-09,2026-10-27
900000000004673,1002,SH01,30301,2026-10-27,2026-08-17
900000000004674,1004,SH01,33101,2026-07-27,2026-06-10
900000000004675,1007,SH02,80201,2026-10-14,2026-05-09
900000000004676,1004,SH02,33101,2026-10-11,2026-10-02
900000000004677,1001,SH03,10001,2026-05-09,2026-07-27
900000000004678,1002,SH02,30301,2026-06-26,2026-05-24
900000000004679,1005,SH03,98101,2026-08-17,2026-05-09
900000000004680,1009,SH02,14201,2026-06-27,2026-05-08
900000000004681,1006,SH01,10001,2026-07-11,2026-05-08
900000000004682,1003,SH02,80201,2026-05-08,2026-10-31
900000000004683,1001,SH01,80201,2026-10-14,2026-09-28
900000000004684,1001,SH03,98101,2026-05-02,2026-10-31
900000000004685,1010,SH03,90210,2026-10-27,2026-09-28
900000000004686,1006,SH02,60601,2026-11-11,2026-07-11
900000000004687,1005,SH03,30301,2026-11-24,2026-09-29
900000000004688,1010,SH02,75201,2026-07-02,2026-09-29
900000000004689,1010,SH01,90210,2026-10-14,2026-05-07
900000000004690,1005,SH01,60652,2026-11-24,2026-06-09
900000000004691,1007,SH01,10001,2026-10-02,2026-05-07
900000000004692,1008,SH01,14201,2026-11-23,2026-07-02
900000000004693,1002,SH03,60652,2026-09-29,2026-11-11
900000000004694,1004,SH03,33101,2026-10-11,2026-10-27
900000000004695,1002,SH01,80201,2026-06-27,2026-06-10
900000000004696,1007,SH03,14201,2026-11-11,2026-07-27
900000000004697,1005,SH01,14201,2026-06-26,2026-05-09
900000000004698,1002,SH01,30301,2026-08-17,2026-09-29
900000000004699,1006,SH02,90210,2026-05-02,2026-05-07
900000000004700,1007,SH03,90210,2026-08-16,2026-06-29
900000000004701,1007,SH01,98101,2026-06-29,2026-10-14
900000000004702,1001,SH01,30301,2026-05-02,2026-09-28
900000000004703,1003,SH01,80201,2026-10-21,2026-09-21
900000000004704,1002,SH02,60601,2026-07-11,2026-10-11
900000000004705,1010,SH02,75201,2026-10-31,2026-06-27
900000000004706,1003,SH01,30301,2026-06-29,2026-10-27
900000000004707,1005,SH01,60652,2026-06-09,2026-10-31
900000000004708,1002,SH01,14201,2026-05-09,2026-06-09
900000000004709,1005,SH02,30301,2026-11-11,2026-05-09
900000000004710,1008,SH02,14201,2026-05-24,2026-07-11
900000000004711,1007,SH03,75201,2026-06-27,2026-06-09
900000000004712,1009,SH03,90210,2026-11-05,2026-07-02
900000000004713,1006,SH02,75201,2026-06-09,2026-09-28
900000000004714,1009,SH03,98101,2026-10-27,2026-09-21
900000000004715,1007,SH03,33101,2026-10-27,2026-11-24
900000000004716,1004,SH01,98101,2026-07-10,2026-09-21
900000000004717,1010,SH01,80201,2026-08-16,2026-05-09
900000000004718,1010,SH03,80201,2026-07-27,2026-09-29
900000000004719,1006,SH02,33101,2026-11-24,2026-06-26
900000000004720,1009,SH02,80201,2026-11-05,2026-07-02
900000000004721,1006,SH03,90210,2026-09-21,2026-11-05
900000000004722,1001,SH03,60652,2026-05-07,2026-09-29
900000000004723,1002,SH01,33101,2026-07-10,2026-10-02
900000000004724,1004,SH01,10001,2026-08-17,2026-05-07
900000000004725,1002,SH03,90210,2026-10-27,2026-05-09
900000000004726,1008,SH03,60652,2026-11-05,2026-06-09
900000000004727,1007,SH01,33101,2026-08-16,2026-05-09
900000000004728,1002,SH02,75201,2026-05-09,2026-05-24
900000000004729,1008,SH01,60652,2026-06-26,2026-09-28
900000000004730,1004,SH02,90210,2026-11-11,2026-07-02
900000000004731,1006,SH03,60601,2026-05-09,2026-11-24
900000000004732,1001,SH01,14201,2026-06-27,2026-06-10
900000000004733,1001,SH03,60601,2026-08-17,2026-10-31
900000000004734,1007,SH01,60652,2026-09-28,2026-07-02
900000000004735,1006,SH03,60652,2026-11-24,2026-06-09
900000000004736,1010,SH03,90210,2026-07-11,2026-11-24
900000000004737,1010,SH02,14201,2026-11-11,2026-09-21
900000000004738,1002,SH01,75201,2026-10-31,2026-10-14
900000000004739,1003,SH02,60601,2026-11-24,2026-10-21
900000000004740,1002,SH01,80201,2026-11-23,2026-06-26
900000000004741,1009,SH03,80201,2026-11-24,2026-08-16
900000000004742,1005,SH02,30301,2026-11-24,2026-05-24
900000000004743,1002,SH02,30301,2026-11-11,2026-06-27
900000000004744,1006,SH01,98101,2026-11-05,2026-10-14
900000000004745,1006,SH03,90210,2026-10-02,2026-05-09
900000000004746,1007,SH02,60601,2026-11-05,2026-11-05
900000000004747,1002,SH01,90210,2026-05-07,2026-09-21
900000000004748,1009,SH02,14201,2026-05-07,2026-06-27
900000000004749,1007,SH03,10001,2026-10-02,2026-06-10
900000000004750,1006,SH01,98101,2026-11-23,2026-10-31
900000000004751,1004,SH02,30301,2026-10-21,2026-06-10
900000000004752,1004,SH03,75201,2026-10-11,2026-11-23
900000000004753,1009,SH02,80201,2026-06-29,2026-11-05
900000000004754,1009,SH03,60601,2026-09-28,2026-10-27
900000000004755,1004,SH01,90210,2026-10-02,2026-07-27
900000000004756,1007,SH03,60601,2026-06-27,2026-09-29
900000000004757,1010,SH01,14201,2026-09-29,2026-11-23
900000000004758,1009,SH01,33101,2026-09-29,2026-05-24
900000000004759,1002,SH01,60652,2026-06-29,2026-05-08
900000000004760,1005,SH01,98101,2026-06-09,2026-06-10
900000000004761,1005,SH03,60601,2026-11-11,2026-06-29
900000000004762,1007,SH03,75201,2026-07-10,2026-10-31
900000000004763,1008,SH03,60652,2026-07-10,2026-07-10
900000000004764,1001,SH01,30301,2026-11-11,2026-09-21
900000000004765,1007,SH03,14201,2026-05-24,2026-10-11
900000000004766,1007,SH03,80201,2026-10-14,2026-11-11
900000000004767,1006,SH03,14201,2026-11-23,2026-10-31
900000000004768,1008,SH02,10001,2026-10-31,2026-07-02
900000000004769,1005,SH01,30301,2026-05-24,2026-07-02
900000000004770,1010,SH03,80201,2026-08-17,2026-10-14
900000000004771,1001,SH01,80201,2026-09-21,2026-11-05
900000000004772,1002,SH03,33101,2026-11-23,2026-10-21
900000000004773,1004,SH03,90210,2026-05-09,2026-11-11
900000000004774,1006,SH03,60601,2026-10-27,2026-09-28
900000000004775,1009,SH01,30301,2026-06-10,2026-11-11
900000000004776,1004,SH02,30301,2026-10-31,2026-09-28
900000000004777,1004,SH02,30301,2026-08-16,2026-06-10
900000000004778,1008,SH03,75201,2026-07-10,2026-10-26
900000000004779,1001,SH02,60652,2026-05-07,2026-07-10
900000000004780,1006,SH03,75201,2026-09-21,2026-05-02
900000000004781,1008,SH02,14201,2026-05-02,2026-07-10
900000000004782,1010,SH02,75201,2026-06-10,2026-05-24
900000000004783,1003,SH03,80201,2026-07-10,2026-09-21
900000000004784,1008,SH03,30301,2026-09-21,2026-11-24
900000000004785,1004,SH03,90210,2026-05-09,2026-06-10
900000000004786,1004,SH03,60652,2026-05-08,2026-11-05
900000000004787,1003,SH02,98101,2026-07-10,2026-10-26
900000000004788,1010,SH01,60652,2026-11-23,2026-08-16
900000000004789,1005,SH02,98101,2026-11-23,2026-10-14
900000000004790,1001,SH01,10001,2026-06-09,2026-10-02
900000000004791,1010,SH01,98101,2026-07-10,2026-08-17
900000000004792,1001,SH02,30301,2026-05-24,2026-05-09
900000000004793,1006,SH02,75201,2026-05-07,2026-11-11
900000000004794,1009,SH03,10001,2026-07-02,2026-08-17
900000000004795,1003,SH03,33101,2026-05-02,2026-11-23
900000000004796,1005,SH01,14201,2026-11-24,2026-10-02
900000000004797,1007,SH02,14201,2026-06-27,2026-07-02
900000000004798,1010,SH02,98101,2026-05-08,2026-06-29
900000000004799,1009,SH03,80201,2026-07-11,2026-10-11
900000000004800,1007,SH01,75201,2026-11-11,2026-11-23
900000000004801,1008,SH01,33101,2026-07-10,2026-07-11
900000000004802,1005,SH03,10001,2026-07-10,2026-05-07
900000000004803,1003,SH03,60601,2026-09-21,2026-06-09
900000000004804,1002,SH01,75201,2026-05-02,2026-06-29
900000000004805,1009,SH02,75201,2026-06-29,2026-10-14
900000000004806,1003,SH02,75201,2026-11-24,2026-11-05
900000000004807,1005,SH03,30301,2026-08-16,2026-08-16
900000000004808,1007,SH02,14201,2026-05-24,2026-10-31
900000000004809,1004,SH01,98101,2026-08-17,2026-09-21
900000000004810,1009,SH01,10001,2026-06-29,2026-07-11
900000000004811,1010,SH01,80201,2026-05-08,2026-10-11
900000000004812,1008,SH02,75201,2026-07-10,2026-05-24
900000000004813,1009,SH01,90210,2026-05-09,2026-11-05
900000000004814,1010,SH02,60601,2026-10-11,2026-09-28
900000000004815,1005,SH01,90210,2026-10-26,2026-05-07
900000000004816,1004,SH01,98101,2026-10-26,2026-11-23
900000000004817,1002,SH01,10001,2026-10-26,2026-07-02
900000000004818,1006,SH01,33101,2026-07-10,2026-10-02
900000000004819,1009,SH01,10001,2026-09-21,2026-05-02
900000000004820,1002,SH01,80201,2026-05-24,2026-11-24
900000000004821,1004,SH01,90210,2026-09-21,2026-07-11
900000000004822,1004,SH03,33101,2026-09-29,2026-10-26
900000000004823,1005,SH03,98101,2026-11-24,2026-06-09
900000000004824,1005,SH03,80201,2026-10-11,2026-10-14
900000000004825,1002,SH03,14201,2026-09-21,2026-10-31
900000000004826,1010,SH03,10001,2026-11-05,2026-05-07
900000000004827,1005,SH02,33101,2026-07-11,2026-06-27
900000000004828,1001,SH01,33101,2026-08-16,2026-09-21
900000000004829,1005,SH03,90210,2026-09-28,2026-06-10
900000000004830,1007,SH01,33101,2026-06-10,2026-07-02
900000000004831,1010,SH02,30301,2026-06-10,2026-05-09
900000000004832,1001,SH02,80201,2026-07-10,2026-05-09
900000000004833,1003,SH02,90210,2026-10-14,2026-05-24
900000000004834,1004,SH01,60652,2026-09-28,2026-08-16
900000000004835,1001,SH01,75201,2026-05-09,2026-05-09
900000000004836,1008,SH03,33101,2026-06-29,2026-10-14
900000000004837,1009,SH03,14201,2026-05-09,2026-10-26
900000000004838,1001,SH01,75201,2026-05-24,2026-08-16
900000000004839,1002,SH01,10001,2026-10-11,2026-06-26
900000000004840,1007,SH01,98101,2026-08-16,2026-09-29
900000000004841,1005,SH03,30301,2026-07-27,2026-10-02
900000000004842,1005,SH03,60652,2026-09-29,2026-10-02
900000000004843,1001,SH03,14201,2026-06-09,2026-09-21
900000000004844,1001,SH03,33101,2026-06-09,2026-05-24
900000000004845,1002,SH02,30301,2026-06-09,2026-07-27
900000000004846,1007,SH03,14201,2026-11-23,2026-06-29
900000000004847,1001,SH03,60601,2026-05-08,2026-05-08
900000000004848,1007,SH02,60601,2026-11-23,2026-08-16
900000000004849,1001,SH01,98101,2026-05-02,2026-06-27
900000000004850,1005,SH03,33101,2026-05-09,2026-06-10
900000000004851,1003,SH01,90210,2026-09-29,2026-07-11
900000000004852,1007,SH01,60601,2026-10-14,2026-11-23
900000000004853,1001,SH01,98101,2026-06-27,2026-09-29
900000000004854,1009,SH02,30301,2026-06-26,2026-11-05
900000000004855,1005,SH02,30301,2026-05-08,2026-05-08
900000000004856,1004,SH02,14201,2026-10-14,2026-10-02
900000000004857,1001,SH03,10001,2026-09-29,2026-07-02
900000000004858,1010,SH01,10001,2026-11-05,2026-11-11
900000000004859,1009,SH03,75201,2026-07-02,2026-11-11
900000000004860,1004,SH02,60652,2026-07-10,2026-11-23
900000000004861,1008,SH03,60601,2026-05-24,2026-07-02
900000000004862,1009,SH03,30301,2026-07-02,2026-07-10
900000000004863,1006,SH03,98101,2026-10-11,2026-05-09
900000000004864,1004,SH03,14201,2026-10-27,2026-08-16
900000000004865,1001,SH03,30301,2026-10-14,2026-09-21
900000000004866,1003,SH01,98101,2026-11-23,2026-10-26
900000000004867,1001,SH02,98101,2026-11-23,2026-11-11
900000000004868,1007,SH01,14201,2026-06-29,2026-11-24
900000000004869,1007,SH01,33101,2026-06-27,2026-10-21
900000000004870,1006,SH01,10001,2026-10-26,2026-10-14
900000000004871,1009,SH01,98101,2026-11-11,2026-05-09
900000000004872,1006,SH01,60601,2026-06-10,2026-09-21
900000000004873,1006,SH02,14201,2026-05-09,2026-07-02
900000000004874,1008,SH01,80201,2026-07-10,2026-06-26
900000000004875,1004,SH03,98101,2026-06-27,2026-08-17
900000000004876,1004,SH03,60601,2026-10-26,2026-10-27
900000000004877,1004,SH02,80201,2026-11-24,2026-05-02
900000000004878,1004,SH01,14201,2026-06-09,2026-05-24
900000000004879,1001,SH02,60652,2026-07-10,2026-09-29
900000000004880,1004,SH03,98101,2026-05-02,2026-06-27
900000000004881,1004,SH02,98101,2026-05-02,2026-06-10
900000000004882,1008,SH01,60601,2026-11-24,2026-11-05
900000000004883,1005,SH01,90210,2026-08-17,2026-06-09
900000000004884,1005,SH03,75201,2026-11-24,2026-10-21
900000000004885,1007,SH01,80201,2026-10-21,2026-06-26
900000000004886,1004,SH01,30301,2026-09-28,2026-10-31
900000000004887,1002,SH02,30301,2026-11-11,2026-07-11
900000000004888,1005,SH03,14201,2026-05-24,2026-10-02
900000000004889,1009,SH01,90210,2026-05-24,2026-06-10
900000000004890,1008,SH03,80201,2026-11-23,2026-10-26
900000000004891,1005,SH02,14201,2026-09-21,2026-06-09
900000000004892,1004,SH03,98101,2026-09-21,2026-09-21
900000000004893,1005,SH03,98101,2026-07-10,2026-07-02
900000000004894,1009,SH01,33101,2026-05-09,2026-05-24
900000000004895,1006,SH01,14201,2026-06-10,2026-08-16
900000000004896,1001,SH01,33101,2026-07-27,2026-10-27
900000000004897,1008,SH02,33101,2026-06-10,2026-05-08
900000000004898,1006,SH02,30301,2026-07-10,2026-10-02
900000000004899,1002,SH03,33101,2026-06-29,2026-10-31
900000000004900,1005,SH03,90210,2026-08-17,2026-06-09
900000000004901,1005,SH02,33101,2026-09-28,2026-09-21
900000000004902,1008,SH02,98101,2026-05-08,2026-11-11
900000000004903,1004,SH01,75201,2026-05-07,2026-05-07
900000000004904,1007,SH01,60601,2026-10-14,2026-09-29
900000000004905,1005,SH02,33101,2026-10-26,2026-10-26
900000000004906,1006,SH01,33101,2026-09-29,2026-11-11
900000000004907,1009,SH01,60601,2026-11-23,2026-11-11
900000000004908,1007,SH03,60601,2026-10-21,2026-06-10
900000000004909,1005,SH03,98101,2026-10-26,2026-06-10
900000000004910,1004,SH02,98101,2026-06-26,2026-08-16
900000000004911,1009,SH01,60601,2026-05-02,2026-06-29
900000000004912,1005,SH01,60652,2026-07-27,2026-06-29
900000000004913,1003,SH03,10001,2026-05-08,2026-05-02
900000000004914,1003,SH02,14201,2026-06-29,2026-06-10
900000000004915,1001,SH01,14201,2026-11-05,2026-11-24
900000000004916,1010,SH01,75201,2026-05-24,2026-05-24
900000000004917,1004,SH02,90210,2026-05-24,2026-11-23
900000000004918,1005,SH02,30301,2026-09-29,2026-10-14
900000000004919,1001,SH01,60601,2026-10-31,2026-10-14
900000000004920,1005,SH03,60601,2026-05-24,2026-10-21
900000000004921,1006,SH03,60652,2026-08-16,2026-05-24
900000000004922,1008,SH03,30301,2026-08-16,2026-05-09
900000000004923,1010,SH03,10001,2026-10-27,2026-05-08
900000000004924,1004,SH03,98101,2026-06-10,2026-11-23
900000000004925,1007,SH03,90210,2026-05-07,2026-05-09
900000000004926,1002,SH02,30301,2026-11-24,2026-06-26
900000000004927,1010,SH02,30301,2026-06-10,2026-07-27
900000000004928,1007,SH03,30301,2026-07-02,2026-10-31
900000000004929,1008,SH01,10001,2026-06-10,2026-10-11
900000000004930,1010,SH02,33101,2026-09-21,2026-09-28
900000000004931,1006,SH03,98101,2026-07-10,2026-10-11
900000000004932,1006,SH01,10001,2026-11-05,2026-07-10
900000000004933,1008,SH03,33101,2026-11-05,2026-08-17
900000000004934,1005,SH03,60652,2026-07-10,2026-08-17
900000000004935,1007,SH02,60652,2026-07-11,2026-05-08
900000000004936,1008,SH03,60652,2026-10-26,2026-11-24
900000000004937,1007,SH01,33101,2026-07-27,2026-07-27
900000000004938,1007,SH01,60601,2026-07-02,2026-08-17
900000000004939,1006,SH02,98101,2026-11-11,2026-05-09
900000000004940,1001,SH03,75201,2026-08-16,2026-11-05
900000000004941,1001,SH03,14201,2026-10-31,2026-05-09
900000000004942,1004,SH03,60601,2026-09-21,2026-05-08
900000000004943,1002,SH03,60652,2026-10-14,2026-10-02
900000000004944,1007,SH02,33101,2026-07-27,2026-10-02
900000000004945,1010,SH03,90210,2026-09-29,2026-10-26
900000000004946,1002,SH02,60652,2026-10-21,2026-10-11
900000000004947,1002,SH01,98101,2026-05-02,2026-11-05
900000000004948,1006,SH03,60652,2026-10-31,2026-10-27
900000000004949,1001,SH01,90210,2026-10-02,2026-09-21
900000000004950,1007,SH02,75201,2026-06-26,2026-09-28
900000000004951,1005,SH02,80201,2026-10-27,2026-07-27
900000000004952,1010,SH01,60652,2026-09-21,2026-08-17
900000000004953,1004,SH03,33101,2026-10-21,2026-10-26
900000000004954,1003,SH01,14201,2026-05-02,2026-09-29
900000000004955,1002,SH03,14201,2026-09-28,2026-10-31
900000000004956,1003,SH03,30301,2026-06-29,2026-10-27
900000000004957,1003,SH03,60601,2026-10-21,2026-07-02
900000000004958,1002,SH01,60652,2026-07-27,2026-06-10
900000000004959,1006,SH03,60652,2026-05-24,2026-10-14
900000000004960,1006,SH02,98101,2026-10-14,2026-07-10
900000000004961,1005,SH03,60601,2026-11-11,2026-07-02
900000000004962,1004,SH01,98101,2026-10-02,2026-06-27
900000000004963,1004,SH02,60601,2026-06-09,2026-09-28
900000000004964,1009,SH01,90210,2026-07-02,2026-06-10
900000000004965,1010,SH01,33101,2026-06-10,2026-10-14
900000000004966,1010,SH01,60601,2026-07-11,2026-11-05
900000000004967,1006,SH03,60601,2026-10-02,2026-06-10
900000000004968,1006,SH02,90210,2026-06-09,2026-10-11
900000000004969,1001,SH01,30301,2026-11-24,2026-10-11
900000000004970,1003,SH03,90210,2026-10-11,2026-06-10
900000000004971,1004,SH01,75201,2026-07-11,2026-06-09
900000000004972,1007,SH01,98101,2026-11-23,2026-10-21
900000000004973,1005,SH03,90210,2026-10-11,2026-10-26
900000000004974,1008,SH02,60652,2026-06-10,2026-05-07
900000000004975,1003,SH03,90210,2026-10-27,2026-08-17
900000000004976,1010,SH01,60601,2026-07-02,2026-10-26
900000000004977,1002,SH03,80201,2026-10-11,2026-10-21
900000000004978,1008,SH03,90210,2026-07-10,2026-05-24
900000000004979,1007,SH03,30301,2026-05-07,2026-10-31
900000000004980,1005,SH03,10001,2026-10-31,2026-10-11
900000000004981,1004,SH02,60652,2026-06-29,2026-06-10
900000000004982,1001,SH03,80201,2026-08-17,2026-10-11
900000000004983,1007,SH02,90210,2026-07-02,2026-08-16
900000000004984,1003,SH02,30301,2026-07-27,2026-07-02
900000000004985,1002,SH03,10001,2026-06-10,2026-06-09
900000000004986,1004,SH03,14201,2026-11-05,2026-10-11
900000000004987,1010,SH02,10001,2026-10-02,2026-10-27
900000000004988,1009,SH01,75201,2026-06-29,2026-09-28
900000000004989,1003,SH02,30301,2026-06-29,2026-05-02
900000000004990,1002,SH02,80201,2026-06-29,2026-06-26
900000000004991,1008,SH01,75201,2026-07-27,2026-06-26
900000000004992,1003,SH01,90210,2026-07-02,2026-10-02
900000000004993,1001,SH01,80201,2026-10-27,2026-11-05
900000000004994,1007,SH02,10001,2026-09-28,2026-05-02
900000000004995,1008,SH03,33101,2026-07-11,2026-06-09
900000000004996,1009,SH03,10001,2026-10-27,2026-10-11
900000000004997,1001,SH02,80201,2026-06-09,2026-07-10
900000000004998,1010,SH02,10001,2026-10-31,2026-10-14
900000000004999,1009,SH02,33101,2026-06-29,2026-09-28
900000000005000,1001,SH03,10001,2026-11-05,2026-07-27
900000000005001,1001,SH02,60652,2026-06-09,2026-08-17
900000000005002,1003,SH02,60601,2026-05-08,2026-11-11
900000000005003,1008,SH03,14201,2026-10-02,2026-05-02
900000000005004,1001,SH01,60652,2026-06-29,2026-09-21
900000000005005,1001,SH02,14201,2026-09-28,2026-06-09
900000000005006,1001,SH03,10001,2026-09-28,2026-09-29
900000000005007,1001,SH03,10001,2026-09-28,2026-11-11
900000000005008,1005,SH01,33101,2026-08-16,2026-06-29
900000000005009,1003,SH02,14201,2026-09-29,2026-05-09
900000000005010,1002,SH01,33101,2026-10-11,2026-05-07
900000000005011,1006,SH02,60652,2026-07-10,2026-05-09
900000000005012,1008,SH01,98101,2026-06-10,2026-09-28
900000000005013,1006,SH02,14201,2026-06-29,2026-11-24
900000000005014,1008,SH03,60601,2026-06-27,2026-10-21
900000000005015,1001,SH01,33101,2026-10-02,2026-10-27
900000000005016,1009,SH03,60601,2026-10-27,2026-09-28
900000000005017,1006,SH01,98101,2026-10-27,2026-08-17
900000000005018,1007,SH02,33101,2026-06-27,2026-06-26
900000000005019,1005,SH01,90210,2026-09-28,2026-11-05
900000000005020,1006,SH03,75201,2026-06-26,2026-09-28
900000000005021,1009,SH02,98101,2026-09-28,2026-11-23
900000000005022,1004,SH03,75201,2026-06-29,2026-10-11
900000000005023,1005,SH01,90210,2026-11-11,2026-10-11
900000000005024,1003,SH01,98101,2026-05-08,2026-05-09
900000000005025,1008,SH02,30301,2026-07-02,2026-06-27
900000000005026,1009,SH02,60652,2026-08-16,2026-05-24
900000000005027,1010,SH03,10001,2026-07-11,2026-07-27
900000000005028,1005,SH01,14201,2026-10-27,2026-05-08
900000000005029,1004,SH01,90210,2026-11-24,2026-09-28
900000000005030,1010,SH01,98101,2026-05-24,2026-06-26
900000000005031,1001,SH01,14201,2026-10-31,2026-11-23
900000000005032,1008,SH03,90210,2026-07-02,2026-06-27
900000000005033,1001,SH02,33101,2026-11-11,2026-11-23
900000000005034,1009,SH02,14201,2026-09-29,2026-06-26
900000000005035,1004,SH01,33101,2026-07-11,2026-11-24
900000000005036,1001,SH02,90210,2026-10-11,2026-07-27
900000000005037,1008,SH02,98101,2026-05-24,2026-10-02
900000000005038,1006,SH01,80201,2026-07-27,2026-05-24
900000000005039,1007,SH03,90210,2026-10-31,2026-10-26
900000000005040,1004,SH01,14201,2026-10-21,2026-10-21
900000000005041,1009,SH02,60601,2026-10-27,2026-05-24
900000000005042,1004,SH02,60601,2026-10-14,2026-06-09
900000000005043,1008,SH02,98101,2026-05-02,2026-07-11
900000000005044,1010,SH03,14201,2026-06-09,2026-06-09
900000000005045,1001,SH01,30301,2026-10-14,2026-06-29
900000000005046,1007,SH02,10001,2026-07-27,2026-05-08
900000000005047,1006,SH02,90210,2026-07-27,2026-05-07
900000000005048,1001,SH02,80201,2026-10-14,2026-10-26
900000000005049,1007,SH02,14201,2026-09-21,2026-10-21
900000000005050,1010,SH02,33101,2026-07-02,2026-09-21
900000000005051,1006,SH03,75201,2026-08-17,2026-09-28
900000000005052,1004,SH03,30301,2026-06-27,2026-07-02
900000000005053,1008,SH01,90210,2026-06-09,2026-11-11
900000000005054,1004,SH01,60652,2026-08-17,2026-11-24
900000000005055,1005,SH02,60652,2026-05-09,2026-06-10
900000000005056,1009,SH01,90210,2026-06-10,2026-10-26
900000000005057,1005,SH03,80201,2026-05-02,2026-11-05
900000000005058,1005,SH03,98101,2026-08-17,2026-11-11
900000000005059,1004,SH01,98101,2026-05-09,2026-08-17
900000000005060,1003,SH03,30301,2026-11-24,2026-10-11
900000000005061,1006,SH02,33101,2026-05-08,2026-08-17
900000000005062,1007,SH03,10001,2026-05-09,2026-05-07
900000000005063,1006,SH02,80201,2026-05-09,2026-09-21
900000000005064,1001,SH02,60652,2026-06-27,2026-06-26
900000000005065,1003,SH01,80201,2026-06-27,2026-09-21
900000000005066,1001,SH02,14201,2026-07-02,2026-07-11
900000000005067,1003,SH02,90210,2026-08-16,2026-07-11
900000000005068,1004,SH01,14201,2026-10-27,2026-11-11
900000000005069,1001,SH01,10001,2026-10-02,2026-06-29
900000000005070,1009,SH02,75201,2026-11-23,2026-10-31
900000000005071,1003,SH03,98101,2026-08-16,2026-07-02
900000000005072,1001,SH03,75201,2026-10-02,2026-10-14
900000000005073,1003,SH01,98101,2026-07-02,2026-10-14
900000000005074,1001,SH01,75201,2026-07-27,2026-07-10
900000000005075,1006,SH01,60601,2026-07-27,2026-10-11
900000000005076,1007,SH03,90210,2026-08-17,2026-10-02
900000000005077,1010,SH01,80201,2026-07-11,2026-10-14
900000000005078,1005,SH01,80201,2026-10-21,2026-06-10
900000000005079,1010,SH02,60601,2026-11-24,2026-06-29
900000000005080,1002,SH02,10001,2026-10-14,2026-11-05
900000000005081,1008,SH02,75201,2026-05-07,2026-11-23
900000000005082,1001,SH02,10001,2026-05-08,2026-08-17
900000000005083,1002,SH02,90210,2026-05-24,2026-06-29
900000000005084,1001,SH03,33101,2026-05-02,2026-07-10
900000000005085,1008,SH01,60652,2026-11-23,2026-06-10
900000000005086,1001,SH01,90210,2026-07-02,2026-10-27
900000000005087,1004,SH03,14201,2026-05-09,2026-07-10
900000000005088,1003,SH03,80201,2026-05-09,2026-11-24
900000000005089,1003,SH01,98101,2026-10-14,2026-09-21
900000000005090,1006,SH02,60652,2026-09-21,2026-11-11
900000000005091,1005,SH01,14201,2026-05-02,2026-06-29
900000000005092,1004,SH01,30301,2026-10-31,2026-06-10
900000000005093,1008,SH03,10001,2026-09-29,2026-10-14
900000000005094,1005,SH02,80201,2026-05-02,2026-05-08
900000000005095,1006,SH03,90210,2026-06-09,2026-10-14
900000000005096,1009,SH03,14201,2026-10-31,2026-09-28
900000000005097,1002,SH01,33101,2026-10-14,2026-09-28
900000000005098,1009,SH02,30301,2026-06-27,2026-07-02
900000000005099,1009,SH01,30301,2026-10-27,2026-05-02
900000000005100,1003,SH01,75201,2026-10-02,2026-05-08
900000000005101,1003,SH03,60652,2026-06-10,2026-10-26
900000000005102,1001,SH03,98101,2026-10-14,2026-05-08
900000000005103,1010,SH02,80201,2026-09-21,2026-10-14
900000000005104,1008,SH02,80201,2026-11-05,2026-09-28
900000000005105,1009,SH03,33101,2026-06-29,2026-11-24
900000000005106,1004,SH02,30301,2026-11-23,2026-10-02
900000000005107,1006,SH02,10001,2026-06-29,2026-11-23
900000000005108,1005,SH01,90210,2026-09-28,2026-08-16
900000000005109,1003,SH02,75201,2026-08-16,2026-10-26
900000000005110,1002,SH01,75201,2026-07-27,2026-08-17
900000000005111,1009,SH02,60652,2026-09-29,2026-11-24
900000000005112,1001,SH02,10001,2026-10-26,2026-11-24
900000000005113,1010,SH03,33101,2026-09-29,2026-06-26
900000000005114,1009,SH03,10001,2026-10-14,2026-10-11
900000000005115,1006,SH02,90210,2026-10-21,2026-06-29
900000000005116,1006,SH03,30301,2026-10-21,2026-06-26
900000000005117,1009,SH03,60652,2026-11-24,2026-07-02
900000000005118,1004,SH03,60601,2026-10-21,2026-06-27
900000000005119,1006,SH01,33101,2026-07-11,2026-06-10
900000000005120,1008,SH02,14201,2026-07-10,2026-11-24
900000000005121,1006,SH01,10001,2026-07-11,2026-10-14
900000000005122,1002,SH03,80201,2026-05-02,2026-05-08
900000000005123,1010,SH01,14201,2026-11-05,2026-11-05
900000000005124,1003,SH01,10001,2026-11-23,2026-11-23
900000000005125,1007,SH03,30301,2026-05-24,2026-07-10
900000000005126,1008,SH02,33101,2026-05-08,2026-10-14
900000000005127,1003,SH02,30301,2026-07-11,2026-11-05
900000000005128,1009,SH01,98101,2026-07-11,2026-11-05
900000000005129,1001,SH02,14201,2026-10-02,2026-06-10
900000000005130,1005,SH02,33101,2026-09-28,2026-07-11
900000000005131,1002,SH03,60601,2026-11-11,2026-07-27
900000000005132,1004,SH02,75201,2026-07-02,2026-06-10
900000000005133,1002,SH03,10001,2026-05-08,2026-05-08
900000000005134,1008,SH02,98101,2026-06-29,2026-10-11
900000000005135,1009,SH02,98101,2026-07-02,2026-11-24
900000000005136,1002,SH02,75201,2026-11-24,2026-07-11
900000000005137,1005,SH01,60601,2026-07-02,2026-08-17
900000000005138,1007,SH03,75201,2026-10-11,2026-09-21
900000000005139,1001,SH02,60601,2026-06-27,2026-07-11
900000000005140,1002,SH03,14201,2026-05-07,2026-11-05
900000000005141,1004,SH02,30301,2026-05-02,2026-06-09
900000000005142,1003,SH02,14201,2026-10-11,2026-06-09
900000000005143,1001,SH03,80201,2026-06-10,2026-06-26
900000000005144,1002,SH03,80201,2026-06-29,2026-07-11
900000000005145,1004,SH01,75201,2026-07-02,2026-06-27
900000000005146,1005,SH01,80201,2026-10-26,2026-08-16
900000000005147,1006,SH02,80201,2026-06-26,2026-07-27
900000000005148,1005,SH01,60652,2026-11-24,2026-06-27
900000000005149,1001,SH02,80201,2026-11-24,2026-05-09
900000000005150,1007,SH03,30301,2026-08-16,2026-05-07
900000000005151,1001,SH02,75201,2026-05-07,2026-09-29
900000000005152,1001,SH03,33101,2026-11-23,2026-06-27
900000000005153,1004,SH03,14201,2026-10-11,2026-09-28
900000000005154,1008,SH02,60652,2026-10-02,2026-05-02
900000000005155,1003,SH01,14201,2026-09-29,2026-09-29
900000000005156,1009,SH02,14201,2026-07-10,2026-08-17
900000000005157,1008,SH02,60601,2026-06-10,2026-06-10
900000000005158,1009,SH02,33101,2026-09-29,2026-10-02
900000000005159,1004,SH01,98101,2026-06-27,2026-09-29
900000000005160,1001,SH02,33101,2026-10-27,2026-06-29
900000000005161,1008,SH02,30301,2026-05-02,2026-05-24
900000000005162,1008,SH03,75201,2026-10-21,2026-07-02
900000000005163,1009,SH01,80201,2026-07-27,2026-06-29
900000000005164,1002,SH03,60601,2026-07-11,2026-09-21
900000000005165,1004,SH02,14201,2026-10-14,2026-05-24
900000000005166,1006,SH01,30301,2026-09-29,2026-10-21
900000000005167,1005,SH01,60601,2026-09-29,2026-11-05
900000000005168,1003,SH01,10001,2026-10-14,2026-11-23
900000000005169,1008,SH01,33101,2026-07-11,2026-10-26
900000000005170,1010,SH02,14201,2026-08-17,2026-06-09
900000000005171,1002,SH01,60652,2026-05-09,2026-10-31
900000000005172,1008,SH03,90210,2026-05-24,2026-08-17
900000000005173,1004,SH02,80201,2026-10-21,2026-08-16
900000000005174,1005,SH03,75201,2026-10-26,2026-10-27
900000000005175,1001,SH03,10001,2026-10-14,2026-09-28
900000000005176,1005,SH03,75201,2026-07-02,2026-05-24
900000000005177,1009,SH03,33101,2026-05-08,2026-11-05
900000000005178,1010,SH02,14201,2026-10-31,2026-10-02
900000000005179,1009,SH03,90210,2026-06-10,2026-11-24
900000000005180,1003,SH01,80201,2026-11-23,2026-07-11
900000000005181,1006,SH02,75201,2026-11-05,2026-05-09
900000000005182,1001,SH02,33101,2026-05-02,2026-08-16
900000000005183,1003,SH03,60652,2026-06-29,2026-09-21
900000000005184,1003,SH02,98101,2026-05-02,2026-06-29
900000000005185,1008,SH01,75201,2026-08-17,2026-07-11
900000000005186,1009,SH03,90210,2026-06-10,2026-07-02
900000000005187,1003,SH02,14201,2026-07-02,2026-11-24
900000000005188,1010,SH01,14201,2026-09-21,2026-10-14
900000000005189,1008,SH02,14201,2026-06-29,2026-08-17
900000000005190,1002,SH02,75201,2026-06-27,2026-09-29
900000000005191,1006,SH03,14201,2026-06-09,2026-07-02
900000000005192,1004,SH03,98101,2026-10-11,2026-05-09
900000000005193,1005,SH01,30301,2026-09-21,2026-11-23
900000000005194,1001,SH01,10001,2026-11-05,2026-05-07
900000000005195,1009,SH02,60652,2026-07-11,2026-07-27
900000000005196,1008,SH03,14201,2026-06-29,2026-08-16
900000000005197,1005,SH03,14201,2026-11-23,2026-05-08
900000000005198,1006,SH02,75201,2026-07-02,2026-10-14
900000000005199,1009,SH02,75201,2026-06-26,2026-05-08
900000000005200,1003,SH01,75201,2026-09-21,2026-05-07
900000000005201,1004,SH03,10001,2026-05-02,2026-09-21
900000000005202,1001,SH02,60601,2026-06-29,2026-10-21
900000000005203,1009,SH03,14201,2026-09-21,2026-09-21
900000000005204,1006,SH02,14201,2026-05-02,2026-06-10
900000000005205,1002,SH03,33101,2026-08-16,2026-11-11
900000000005206,1005,SH02,14201,2026-05-09,2026-05-09
900000000005207,1006,SH03,14201,2026-10-11,2026-05-08
900000000005208,1008,SH03,30301,2026-06-26,2026-08-16
900000000005209,1004,SH02,14201,2026-06-27,2026-06-27
900000000005210,1003,SH02,10001,2026-09-28,2026-10-26
900000000005211,1002,SH03,75201,2026-05-07,2026-06-10
900000000005212,1008,SH03,14201,2026-06-29,2026-10-21
900000000005213,1004,SH01,98101,2026-05-24,2026-10-31
900000000005214,1007,SH03,33101,2026-10-11,2026-05-09
900000000005215,1003,SH01,75201,2026-11-23,2026-05-09
900000000005216,1008,SH01,80201,2026-10-11,2026-07-02
900000000005217,1002,SH02,75201,2026-07-02,2026-08-17
900000000005218,1002,SH03,30301,2026-10-21,2026-06-09
900000000005219,1001,SH01,33101,2026-10-31,2026-08-17
900000000005220,1004,SH02,75201,2026-10-27,2026-10-26
900000000005221,1007,SH03,30301,2026-11-23,2026-11-11
900000000005222,1007,SH02,33101,2026-06-27,2026-10-11
900000000005223,1001,SH03,80201,2026-05-09,2026-05-08
900000000005224,1002,SH02,98101,2026-11-23,2026-07-27
900000000005225,1002,SH01,10001,2026-11-23,2026-08-16
900000000005226,1007,SH03,60652,2026-10-27,2026-10-11
900000000005227,1001,SH01,90210,2026-06-29,2026-09-29
900000000005228,1010,SH01,75201,2026-05-24,2026-05-07
900000000005229,1002,SH01,10001,2026-11-11,2026-10-31
900000000005230,1009,SH03,75201,2026-10-31,2026-10-27
900000000005231,1003,SH01,33101,2026-10-14,2026-07-11
900000000005232,1001,SH03,98101,2026-09-29,2026-10-31
900000000005233,1009,SH01,10001,2026-05-08,2026-07-02
900000000005234,1005,SH03,98101,2026-11-24,2026-07-27
900000000005235,1005,SH01,98101,2026-05-08,2026-06-09
900000000005236,1010,SH03,80201,2026-07-11,2026-05-02
900000000005237,1007,SH01,80201,2026-09-21,2026-11-05
900000000005238,1001,SH01,98101,2026-11-23,2026-06-29
900000000005239,1005,SH03,14201,2026-11-23,2026-07-10
900000000005240,1010,SH03,60652,2026-05-07,2026-06-10
900000000005241,1002,SH03,10001,2026-09-28,2026-09-21
900000000005242,1007,SH03,80201,2026-10-11,2026-05-24
900000000005243,1001,SH01,75201,2026-06-09,2026-05-07
900000000005244,1010,SH03,33101,2026-06-27,2026-05-02
900000000005245,1005,SH03,14201,2026-06-29,2026-11-23
900000000005246,1009,SH01,80201,2026-06-27,2026-11-24
900000000005247,1005,SH01,60601,2026-06-29,2026-10-02
900000000005248,1003,SH03,60601,2026-07-10,2026-11-23
900000000005249,1008,SH01,60652,2026-09-28,2026-11-23
900000000005250,1010,SH02,14201,2026-07-11,2026-09-21
900000000005251,1004,SH02,33101,2026-10-02,2026-10-21
900000000005252,1009,SH01,98101,2026-06-26,2026-05-02
900000000005253,1010,SH01,30301,2026-05-02,2026-07-10
900000000005254,1003,SH01,60601,2026-10-26,2026-06-29
900000000005255,1002,SH02,98101,2026-10-02,2026-08-16
900000000005256,1007,SH01,10001,2026-07-02,2026-06-27
900000000005257,1010,SH02,80201,2026-05-08,2026-07-02
900000000005258,1003,SH01,75201,2026-10-14,2026-05-08
900000000005259,1004,SH02,14201,2026-10-27,2026-08-16
900000000005260,1010,SH01,10001,2026-09-29,2026-07-11
900000000005261,1005,SH01,14201,2026-10-11,2026-11-05
900000000005262,1007,SH02,60601,2026-10-21,2026-08-17
900000000005263,1008,SH03,33101,2026-08-17,2026-10-11
900000000005264,1006,SH03,30301,2026-11-11,2026-08-16
900000000005265,1010,SH01,33101,2026-10-14,2026-11-24
900000000005266,1004,SH03,90210,2026-10-31,2026-10-31
900000000005267,1007,SH02,60652,2026-05-24,2026-10-27
900000000005268,1009,SH02,10001,2026-06-09,2026-10-26
900000000005269,1007,SH01,90210,2026-10-31,2026-06-09
900000000005270,1004,SH03,33101,2026-09-21,2026-05-24
900000000005271,1004,SH01,10001,2026-10-26,2026-11-24
900000000005272,1005,SH03,60652,2026-09-29,2026-11-11
900000000005273,1001,SH02,60601,2026-07-10,2026-10-02
900000000005274,1010,SH02,98101,2026-05-24,2026-11-24
900000000005275,1002,SH01,80201,2026-07-11,2026-05-07
900000000005276,1010,SH03,10001,2026-08-16,2026-08-16
900000000005277,1007,SH03,75201,2026-08-17,2026-11-05
900000000005278,1007,SH02,30301,2026-08-17,2026-09-21
900000000005279,1004,SH02,60601,2026-10-26,2026-10-27
900000000005280,1001,SH02,10001,2026-06-29,2026-09-28
900000000005281,1007,SH01,33101,2026-11-11,2026-10-26
900000000005282,1004,SH02,90210,2026-05-07,2026-11-23
900000000005283,1005,SH01,10001,2026-07-02,2026-10-31
900000000005284,1007,SH02,75201,2026-05-07,2026-09-21
900000000005285,1007,SH01,75201,2026-05-07,2026-09-29
900000000005286,1006,SH02,10001,2026-06-26,2026-05-09
900000000005287,1010,SH02,98101,2026-05-08,2026-07-10
900000000005288,1009,SH02,98101,2026-07-11,2026-07-02
900000000005289,1009,SH01,60601,2026-10-27,2026-10-11
900000000005290,1004,SH03,80201,2026-10-14,2026-05-02
900000000005291,1006,SH02,98101,2026-09-28,2026-05-07
900000000005292,1005,SH02,33101,2026-10-31,2026-09-29
900000000005293,1005,SH03,60601,2026-10-21,2026-10-26
900000000005294,1008,SH01,90210,2026-11-24,2026-07-02
900000000005295,1007,SH03,30301,2026-11-23,2026-11-24
900000000005296,1006,SH02,60652,2026-10-21,2026-07-02
900000000005297,1010,SH01,98101,2026-10-11,2026-10-11
900000000005298,1008,SH01,90210,2026-06-29,2026-11-05
900000000005299,1003,SH02,60652,2026-05-02,2026-05-07
900000000005300,1001,SH03,60601,2026-06-26,2026-07-11
900000000005301,1005,SH03,98101,2026-09-29,2026-05-07
900000000005302,1010,SH02,80201,2026-05-02,2026-10-02
900000000005303,1003,SH01,30301,2026-09-28,2026-06-26
900000000005304,1005,SH01,10001,2026-10-11,2026-08-17
900000000005305,1010,SH02,60601,2026-10-21,2026-05-08
900000000005306,1002,SH01,90210,2026-08-16,2026-07-10
900000000005307,1002,SH02,14201,2026-05-02,2026-10-31
900000000005308,1005,SH03,14201,2026-10-02,2026-05-07
900000000005309,1008,SH03,10001,2026-06-29,2026-11-23
900000000005310,1006,SH02,80201,2026-10-21,2026-06-27
900000000005311,1002,SH03,75201,2026-11-23,2026-05-02
900000000005312,1007,SH02,10001,2026-06-29,2026-10-02
900000000005313,1007,SH02,60601,2026-06-26,2026-06-29
900000000005314,1004,SH03,90210,2026-05-02,2026-11-11
900000000005315,1010,SH03,33101,2026-07-02,2026-05-08
900000000005316,1009,SH01,90210,2026-11-11,2026-07-02
900000000005317,1009,SH01,60601,2026-09-21,2026-11-11
900000000005318,1004,SH01,98101,2026-07-02,2026-08-17
900000000005319,1004,SH01,98101,2026-07-02,2026-06-09
900000000005320,1007,SH01,90210,2026-07-27,2026-06-09
900000000005321,1003,SH01,75201,2026-09-29,2026-10-14
900000000005322,1004,SH03,14201,2026-11-23,2026-10-26
900000000005323,1006,SH03,75201,2026-11-05,2026-09-29
900000000005324,1008,SH03,80201,2026-06-10,2026-06-26
900000000005325,1001,SH01,90210,2026-10-11,2026-06-10
900000000005326,1009,SH01,60601,2026-11-11,2026-09-28
900000000005327,1002,SH03,33101,2026-09-21,2026-11-05
900000000005328,1009,SH02,60601,2026-11-24,2026-10-26
900000000005329,1009,SH01,60601,2026-08-16,2026-10-02
900000000005330,1005,SH02,75201,2026-06-09,2026-06-09
900000000005331,1002,SH01,60601,2026-06-26,2026-10-14
900000000005332,1005,SH03,10001,2026-11-23,2026-08-16
900000000005333,1001,SH01,30301,2026-11-05,2026-05-08
900000000005334,1001,SH02,33101,2026-11-05,2026-11-23
900000000005335,1008,SH03,60601,2026-05-02,2026-07-27
900000000005336,1002,SH01,75201,2026-06-10,2026-05-02
900000000005337,1007,SH02,33101,2026-06-26,2026-09-28
900000000005338,1009,SH03,90210,2026-07-27,2026-09-28
900000000005339,1008,SH01,98101,2026-06-09,2026-06-09
900000000005340,1007,SH01,60601,2026-06-29,2026-06-09
900000000005341,1009,SH02,75201,2026-10-31,2026-10-11
900000000005342,1005,SH02,10001,2026-11-05,2026-10-02
900000000005343,1008,SH01,60652,2026-10-27,2026-05-24
900000000005344,1001,SH02,80201,2026-11-05,2026-10-11
900000000005345,1009,SH02,80201,2026-05-07,2026-07-02
900000000005346,1004,SH01,14201,2026-09-21,2026-05-09
900000000005347,1001,SH02,90210,2026-10-21,2026-10-02
900000000005348,1007,SH02,98101,2026-09-29,2026-05-07
900000000005349,1010,SH03,10001,2026-11-11,2026-11-23
900000000005350,1008,SH03,80201,2026-06-27,2026-10-11
900000000005351,1002,SH02,98101,2026-11-24,2026-06-10
900000000005352,1003,SH02,33101,2026-05-02,2026-06-10
900000000005353,1009,SH03,60652,2026-11-11,2026-07-11
900000000005354,1003,SH01,90210,2026-11-11,2026-05-24
900000000005355,1006,SH02,33101,2026-10-14,2026-06-09
900000000005356,1003,SH03,60601,2026-05-02,2026-06-29
900000000005357,1003,SH01,80201,2026-05-09,2026-05-24
900000000005358,1003,SH03,90210,2026-11-24,2026-07-11
900000000005359,1002,SH02,80201,2026-05-09,2026-05-08
900000000005360,1007,SH02,14201,2026-10-31,2026-10-21
900000000005361,1009,SH01,14201,2026-10-02,2026-11-23
900000000005362,1006,SH02,10001,2026-11-24,2026-09-29
900000000005363,1008,SH03,14201,2026-06-10,2026-10-27
900000000005364,1005,SH02,98101,2026-07-10,2026-08-17
900000000005365,1008,SH02,90210,2026-06-09,2026-07-27
900000000005366,1002,SH01,80201,2026-06-29,2026-06-10
900000000005367,1006,SH02,30301,2026-09-28,2026-09-28
900000000005368,1003,SH03,14201,2026-10-31,2026-05-07
900000000005369,1003,SH01,60652,2026-10-14,2026-05-02
900000000005370,1003,SH03,80201,2026-10-14,2026-08-16
900000000005371,1004,SH03,90210,2026-11-23,2026-06-09
900000000005372,1004,SH02,14201,2026-06-10,2026-06-10
900000000005373,1006,SH02,75201,2026-09-21,2026-10-26
900000000005374,1009,SH02,98101,2026-07-02,2026-09-29
900000000005375,1009,SH03,75201,2026-10-27,2026-09-28
900000000005376,1003,SH02,75201,2026-10-31,2026-11-05
900000000005377,1002,SH02,98101,2026-07-11,2026-06-29
900000000005378,1003,SH02,98101,2026-11-05,2026-09-29
900000000005379,1002,SH02,75201,2026-05-07,2026-10-11
900000000005380,1007,SH02,60652,2026-09-28,2026-06-09
900000000005381,1006,SH01,80201,2026-06-29,2026-11-11
900000000005382,1009,SH01,80201,2026-08-16,2026-11-23
900000000005383,1005,SH03,75201,2026-10-02,2026-07-11
900000000005384,1001,SH02,10001,2026-11-05,2026-11-24
900000000005385,1007,SH01,80201,2026-06-29,2026-11-11
900000000005386,1001,SH01,80201,2026-08-17,2026-05-08
900000000005387,1009,SH03,75201,2026-07-11,2026-07-11
900000000005388,1002,SH03,80201,2026-08-16,2026-05-08
900000000005389,1004,SH03,60601,2026-09-28,2026-07-10
900000000005390,1004,SH03,30301,2026-05-07,2026-11-23
900000000005391,1005,SH02,98101,2026-06-29,2026-05-09
900000000005392,1001,SH03,90210,2026-11-24,2026-07-27
900000000005393,1010,SH02,90210,2026-05-02,2026-05-08
900000000005394,1005,SH01,14201,2026-10-27,2026-06-27
900000000005395,1009,SH01,10001,2026-10-31,2026-08-16
900000000005396,1001,SH03,90210,2026-07-10,2026-05-02
900000000005397,1004,SH01,90210,2026-10-31,2026-07-02
900000000005398,1008,SH01,14201,2026-07-10,2026-05-08
900000000005399,1006,SH03,75201,2026-06-29,2026-07-27
900000000005400,1008,SH03,30301,2026-10-31,2026-07-11
900000000005401,1004,SH02,75201,2026-10-14,2026-10-14
900000000005402,1007,SH02,30301,2026-05-09,2026-11-24
900000000005403,1009,SH01,90210,2026-09-21,2026-10-02
900000000005404,1008,SH02,98101,2026-11-24,2026-09-29
900000000005405,1009,SH02,14201,2026-06-27,2026-09-21
900000000005406,1003,SH01,60652,2026-10-27,2026-11-23
900000000005407,1003,SH03,60652,2026-06-26,2026-05-08
900000000005408,1006,SH03,14201,2026-10-02,2026-09-21
900000000005409,1006,SH01,33101,2026-09-21,2026-10-21
900000000005410,1005,SH02,33101,2026-09-28,2026-11-11
900000000005411,1001,SH01,33101,2026-10-11,2026-06-27
900000000005412,1005,SH03,33101,2026-10-14,2026-11-23
900000000005413,1005,SH01,30301,2026-11-23,2026-08-17
900000000005414,1004,SH01,98101,2026-11-11,2026-05-24
900000000005415,1010,SH01,60601,2026-09-28,2026-05-07
900000000005416,1007,SH01,60652,2026-05-24,2026-09-21
900000000005417,1010,SH02,90210,2026-06-09,2026-06-26
900000000005418,1010,SH01,75201,2026-06-10,2026-09-21
900000000005419,1009,SH02,90210,2026-09-21,2026-11-05
900000000005420,1006,SH02,75201,2026-10-14,2026-06-10
900000000005421,1004,SH02,90210,2026-10-31,2026-11-11
900000000005422,1007,SH03,33101,2026-07-11,2026-10-26
900000000005423,1009,SH01,14201,2026-11-11,2026-10-21
900000000005424,1010,SH02,10001,2026-08-17,2026-07-02
900000000005425,1007,SH01,98101,2026-11-24,2026-11-05
900000000005426,1009,SH02,90210,2026-09-29,2026-08-16
900000000005427,1009,SH02,90210,2026-11-24,2026-11-05
900000000005428,1006,SH02,60601,2026-06-27,2026-08-16
900000000005429,1002,SH01,14201,2026-09-21,2026-07-02
900000000005430,1007,SH01,90210,2026-11-11,2026-07-27
900000000005431,1002,SH02,30301,2026-06-29,2026-11-24
900000000005432,1004,SH01,30301,2026-10-26,2026-06-26
900000000005433,1002,SH03,30301,2026-07-11,2026-06-27
900000000005434,1004,SH01,14201,2026-05-09,2026-10-02
900000000005435,1004,SH03,10001,2026-11-05,2026-08-17
900000000005436,1001,SH03,60601,2026-10-11,2026-07-10
900000000005437,1004,SH01,33101,2026-07-10,2026-05-09
900000000005438,1006,SH03,90210,2026-11-05,2026-11-05
900000000005439,1003,SH02,10001,2026-06-29,2026-10-26
900000000005440,1010,SH02,60601,2026-11-24,2026-11-05
900000000005441,1003,SH03,33101,2026-08-17,2026-10-14
900000000005442,1001,SH03,75201,2026-07-27,2026-07-11
900000000005443,1006,SH02,60601,2026-11-05,2026-07-27
900000000005444,1005,SH01,80201,2026-11-24,2026-10-21
900000000005445,1007,SH03,30301,2026-06-29,2026-08-17
900000000005446,1001,SH02,98101,2026-10-02,2026-10-21
900000000005447,1002,SH01,30301,2026-11-11,2026-11-11
900000000005448,1002,SH01,14201,2026-05-02,2026-10-21
900000000005449,1006,SH02,60601,2026-06-29,2026-10-02
900000000005450,1008,SH02,90210,2026-11-11,2026-06-27
900000000005451,1008,SH03,60601,2026-07-27,2026-05-24
900000000005452,1003,SH02,10001,2026-10-02,2026-10-21
900000000005453,1001,SH03,33101,2026-10-14,2026-07-27
900000000005454,1006,SH02,30301,2026-10-21,2026-06-27
900000000005455,1004,SH01,30301,2026-10-14,2026-09-21
900000000005456,1010,SH03,60652,2026-10-31,2026-10-14
900000000005457,1009,SH01,90210,2026-09-29,2026-10-11
900000000005458,1008,SH01,60652,2026-10-27,2026-10-02
900000000005459,1005,SH03,10001,2026-10-02,2026-08-17
900000000005460,1001,SH03,14201,2026-06-27,2026-10-31
900000000005461,1008,SH02,10001,2026-07-02,2026-07-02
900000000005462,1009,SH02,10001,2026-06-27,2026-10-31
900000000005463,1009,SH02,33101,2026-09-21,2026-05-07
900000000005464,1002,SH03,90210,2026-07-27,2026-06-26
900000000005465,1001,SH01,60601,2026-11-11,2026-06-26
900000000005466,1008,SH01,90210,2026-06-09,2026-10-26
900000000005467,1005,SH03,90210,2026-05-02,2026-05-02
900000000005468,1004,SH01,60652,2026-11-23,2026-05-08
900000000005469,1002,SH03,30301,2026-10-31,2026-06-29
900000000005470,1009,SH03,33101,2026-09-21,2026-10-26
900000000005471,1004,SH01,30301,2026-05-02,2026-06-27
900000000005472,1009,SH03,60601,2026-07-27,2026-10-31
900000000005473,1009,SH01,60601,2026-07-02,2026-05-09
900000000005474,1006,SH03,90210,2026-07-10,2026-06-26
900000000005475,1002,SH01,90210,2026-11-24,2026-11-23
900000000005476,1004,SH02,14201,2026-10-02,2026-09-28
900000000005477,1006,SH01,60652,2026-08-16,2026-09-21
900000000005478,1006,SH03,60652,2026-10-02,2026-09-21
900000000005479,1007,SH01,90210,2026-10-31,2026-10-26
900000000005480,1001,SH03,14201,2026-06-09,2026-10-26
900000000005481,1002,SH03,10001,2026-06-26,2026-10-27
900000000005482,1009,SH01,98101,2026-05-08,2026-10-02
900000000005483,1005,SH01,80201,2026-06-09,2026-10-11
900000000005484,1002,SH02,14201,2026-05-08,2026-05-02
900000000005485,1008,SH03,10001,2026-05-09,2026-08-16
900000000005486,1005,SH03,60601,2026-11-23,2026-05-07
900000000005487,1006,SH03,75201,2026-09-21,2026-06-29
900000000005488,1003,SH03,80201,2026-09-21,2026-05-24
900000000005489,1007,SH01,60601,2026-11-24,2026-10-31
900000000005490,1007,SH02,60601,2026-06-10,2026-06-27
900000000005491,1010,SH03,30301,2026-08-17,2026-05-07
900000000005492,1003,SH03,75201,2026-07-11,2026-06-09
900000000005493,1003,SH02,80201,2026-05-24,2026-10-27
900000000005494,1001,SH03,60652,2026-07-11,2026-10-31
900000000005495,1009,SH03,75201,2026-10-21,2026-11-23
900000000005496,1007,SH03,10001,2026-10-11,2026-11-24
900000000005497,1008,SH03,75201,2026-07-10,2026-10-14
900000000005498,1006,SH03,75201,2026-07-10,2026-10-11
900000000005499,1009,SH02,60601,2026-05-08,2026-05-08
900000000005500,1007,SH03,33101,2026-09-29,2026-11-11
900000000005501,1004,SH03,80201,2026-07-27,2026-06-29
900000000005502,1010,SH03,14201,2026-06-26,2026-05-07
900000000005503,1007,SH03,60601,2026-05-09,2026-11-24
900000000005504,1005,SH03,75201,2026-11-24,2026-07-10
900000000005505,1003,SH02,60601,2026-09-28,2026-07-11
900000000005506,1008,SH01,14201,2026-11-24,2026-06-29
900000000005507,1001,SH02,90210,2026-11-11,2026-05-08
900000000005508,1010,SH01,75201,2026-10-02,2026-09-29
900000000005509,1009,SH01,75201,2026-11-23,2026-10-21
900000000005510,1005,SH03,10001,2026-11-11,2026-05-09
900000000005511,1009,SH02,98101,2026-09-29,2026-10-21
900000000005512,1009,SH03,30301,2026-11-05,2026-10-31
900000000005513,1010,SH02,30301,2026-10-02,2026-06-10
900000000005514,1001,SH03,75201,2026-09-21,2026-07-10
900000000005515,1008,SH02,14201,2026-10-26,2026-06-26
900000000005516,1007,SH03,60601,2026-06-10,2026-10-31
900000000005517,1010,SH02,33101,2026-10-21,2026-11-23
900000000005518,1010,SH01,10001,2026-11-23,2026-10-21
900000000005519,1008,SH02,33101,2026-11-24,2026-05-07
900000000005520,1001,SH01,10001,2026-08-16,2026-10-02
900000000005521,1006,SH03,14201,2026-05-09,2026-10-27
900000000005522,1004,SH03,75201,2026-06-29,2026-07-11
900000000005523,1010,SH03,60601,2026-10-27,2026-07-27
900000000005524,1006,SH03,60601,2026-05-09,2026-10-11
900000000005525,1005,SH01,14201,2026-05-02,2026-11-05
900000000005526,1006,SH01,14201,2026-09-21,2026-05-07
900000000005527,1010,SH01,10001,2026-10-27,2026-10-14
900000000005528,1006,SH03,33101,2026-06-29,2026-10-14
900000000005529,1004,SH01,10001,2026-11-23,2026-07-02
900000000005530,1010,SH01,98101,2026-10-21,2026-06-29
900000000005531,1010,SH02,98101,2026-10-21,2026-10-27
900000000005532,1009,SH01,33101,2026-07-27,2026-10-27
900000000005533,1002,SH01,60652,2026-09-28,2026-11-24
900000000005534,1005,SH02,98101,2026-05-02,2026-05-09
900000000005535,1007,SH03,30301,2026-06-10,2026-08-16
900000000005536,1007,SH03,75201,2026-10-26,2026-05-09
900000000005537,1008,SH01,80201,2026-06-09,2026-11-24
900000000005538,1009,SH01,98101,2026-07-27,2026-05-02
900000000005539,1003,SH01,80201,2026-11-11,2026-11-05
900000000005540,1001,SH03,10001,2026-06-09,2026-10-21
900000000005541,1008,SH02,75201,2026-10-31,2026-08-16
900000000005542,1004,SH01,98101,2026-06-29,2026-07-11
900000000005543,1001,SH02,30301,2026-08-17,2026-05-24
900000000005544,1001,SH01,80201,2026-10-21,2026-05-24
900000000005545,1007,SH01,75201,2026-05-24,2026-10-02
900000000005546,1006,SH03,60652,2026-10-21,2026-10-21
900000000005547,1007,SH02,60652,2026-06-29,2026-06-26
900000000005548,1009,SH03,98101,2026-08-17,2026-08-16
900000000005549,1002,SH02,60601,2026-11-23,2026-06-27
900000000005550,1005,SH02,75201,2026-09-21,2026-11-23
900000000005551,1005,SH03,30301,2026-07-10,2026-06-10
900000000005552,1007,SH03,75201,2026-11-05,2026-05-07
900000000005553,1010,SH01,98101,2026-05-08,2026-11-11
900000000005554,1005,SH03,80201,2026-05-08,2026-06-09
900000000005555,1001,SH03,10001,2026-09-29,2026-06-26
900000000005556,1003,SH03,33101,2026-08-17,2026-10-26
900000000005557,1006,SH01,98101,2026-10-02,2026-06-09
900000000005558,1006,SH02,80201,2026-09-29,2026-08-16
900000000005559,1009,SH01,10001,2026-09-21,2026-10-14
900000000005560,1008,SH02,60652,2026-06-26,2026-06-26
900000000005561,1001,SH02,60601,2026-08-16,2026-05-09
900000000005562,1006,SH02,98101,2026-10-26,2026-05-24
900000000005563,1002,SH02,10001,2026-05-07,2026-06-29
900000000005564,1008,SH01,30301,2026-06-10,2026-06-29
900000000005565,1007,SH01,75201,2026-07-02,2026-05-24
900000000005566,1006,SH01,98101,2026-11-11,2026-10-21
900000000005567,1007,SH01,10001,2026-05-09,2026-09-28
900000000005568,1004,SH01,60601,2026-05-09,2026-10-11
900000000005569,1001,SH01,60601,2026-10-21,2026-07-10
900000000005570,1009,SH02,10001,2026-06-27,2026-05-09
900000000005571,1008,SH02,14201,2026-11-11,2026-11-05
900000000005572,1001,SH02,75201,2026-08-17,2026-11-23
900000000005573,1009,SH02,60652,2026-07-11,2026-06-09
900000000005574,1007,SH01,14201,2026-11-11,2026-11-23
900000000005575,1005,SH01,98101,2026-09-21,2026-06-10
900000000005576,1004,SH02,60652,2026-05-08,2026-08-17
900000000005577,1001,SH01,80201,2026-05-24,2026-06-29
900000000005578,1004,SH02,75201,2026-10-31,2026-09-29
900000000005579,1004,SH01,60652,2026-10-31,2026-07-02
900000000005580,1003,SH02,30301,2026-11-23,2026-10-14
900000000005581,1004,SH02,80201,2026-05-08,2026-05-09
900000000005582,1001,SH02,60601,2026-11-23,2026-08-16
900000000005583,1006,SH02,14201,2026-06-27,2026-06-10
900000000005584,1006,SH02,33101,2026-06-10,2026-05-02
900000000005585,1009,SH02,30301,2026-09-21,2026-05-02
900000000005586,1009,SH03,98101,2026-06-29,2026-08-16
900000000005587,1009,SH03,14201,2026-06-26,2026-10-02
900000000005588,1009,SH02,30301,2026-11-23,2026-09-28
900000000005589,1004,SH01,90210,2026-05-09,2026-09-28
900000000005590,1001,SH02,60652,2026-10-21,2026-05-07
900000000005591,1006,SH03,30301,2026-07-27,2026-10-02
900000000005592,1008,SH03,14201,2026-11-23,2026-11-11
900000000005593,1003,SH02,10001,2026-11-11,2026-10-11
900000000005594,1002,SH01,33101,2026-09-21,2026-10-21
900000000005595,1003,SH03,90210,2026-10-27,2026-05-24
900000000005596,1007,SH02,60601,2026-07-10,2026-07-10
900000000005597,1005,SH02,10001,2026-10-27,2026-11-11
900000000005598,1005,SH03,90210,2026-06-27,2026-06-27
900000000005599,1010,SH02,98101,2026-10-14,2026-05-02
900000000005600,1004,SH02,30301,2026-07-27,2026-10-31
900000000005601,1007,SH02,60652,2026-06-27,2026-05-24
900000000005602,1004,SH01,10001,2026-07-02,2026-11-05
900000000005603,1001,SH03,10001,2026-10-26,2026-06-29
900000000005604,1005,SH03,98101,2026-08-17,2026-07-11
900000000005605,1005,SH02,60652,2026-06-27,2026-10-31
900000000005606,1002,SH02,98101,2026-08-17,2026-10-11
900000000005607,1008,SH01,98101,2026-11-05,2026-07-10
900000000005608,1010,SH01,10001,2026-05-08,2026-06-26
900000000005609,1002,SH02,90210,2026-11-05,2026-10-11
900000000005610,1007,SH03,98101,2026-11-23,2026-10-14
900000000005611,1001,SH01,30301,2026-07-02,2026-05-02
900000000005612,1002,SH01,14201,2026-09-21,2026-11-11
900000000005613,1003,SH01,60652,2026-07-10,2026-07-27
900000000005614,1005,SH01,60601,2026-06-10,2026-06-26
900000000005615,1009,SH03,90210,2026-07-10,2026-07-11
900000000005616,1007,SH01,75201,2026-10-21,2026-07-27
900000000005617,1010,SH03,30301,2026-07-10,2026-10-14
900000000005618,1001,SH01,75201,2026-07-11,2026-07-27
900000000005619,1010,SH01,14201,2026-05-08,2026-07-11
900000000005620,1001,SH03,60652,2026-05-24,2026-10-11
900000000005621,1007,SH03,60652,2026-06-27,2026-10-21
900000000005622,1004,SH03,30301,2026-07-27,2026-07-11
900000000005623,1003,SH01,10001,2026-10-21,2026-05-02
900000000005624,1005,SH01,98101,2026-05-09,2026-10-31
900000000005625,1002,SH03,90210,2026-07-10,2026-06-09
900000000005626,1002,SH02,90210,2026-06-27,2026-10-27
900000000005627,1005,SH01,75201,2026-06-29,2026-07-10
900000000005628,1010,SH02,80201,2026-05-08,2026-06-10
900000000005629,1006,SH03,90210,2026-06-10,2026-08-17
900000000005630,1006,SH02,30301,2026-07-11,2026-10-26
900000000005631,1008,SH01,60601,2026-07-02,2026-08-17
900000000005632,1001,SH02,14201,2026-10-14,2026-06-10
900000000005633,1006,SH03,14201,2026-10-11,2026-07-10
900000000005634,1006,SH02,98101,2026-06-09,2026-06-27
900000000005635,1010,SH02,10001,2026-09-29,2026-10-14
900000000005636,1010,SH01,30301,2026-10-31,2026-09-29
900000000005637,1009,SH01,60652,2026-10-27,2026-06-09
900000000005638,1002,SH01,30301,2026-10-26,2026-05-07
900000000005639,1006,SH03,60601,2026-06-29,2026-09-29
900000000005640,1009,SH03,14201,2026-05-07,2026-05-02
900000000005641,1004,SH01,10001,2026-06-27,2026-10-11
900000000005642,1010,SH01,80201,2026-05-07,2026-10-11
900000000005643,1009,SH02,60601,2026-11-05,2026-11-11
900000000005644,1007,SH02,98101,2026-07-11,2026-06-29
900000000005645,1001,SH03,60601,2026-10-31,2026-11-24
900000000005646,1010,SH02,98101,2026-10-31,2026-07-10
900000000005647,1003,SH02,60652,2026-07-02,2026-11-23
900000000005648,1005,SH01,10001,2026-10-11,2026-05-24
900000000005649,1002,SH02,60601,2026-05-09,2026-11-23
900000000005650,1008,SH02,33101,2026-07-27,2026-11-05
900000000005651,1010,SH02,60652,2026-05-09,2026-05-24
900000000005652,1007,SH01,80201,2026-07-10,2026-11-24
900000000005653,1005,SH03,60652,2026-06-29,2026-08-16
900000000005654,1006,SH02,14201,2026-08-16,2026-08-16
900000000005655,1004,SH02,75201,2026-06-27,2026-11-05
900000000005656,1004,SH01,14201,2026-09-29,2026-06-27
900000000005657,1002,SH02,80201,2026-09-21,2026-05-09
900000000005658,1002,SH03,60652,2026-10-26,2026-11-23
900000000005659,1006,SH01,98101,2026-07-11,2026-10-11
900000000005660,1005,SH02,10001,2026-10-27,2026-05-02
900000000005661,1001,SH03,90210,2026-10-14,2026-10-21
900000000005662,1004,SH01,80201,2026-05-09,2026-07-10
900000000005663,1001,SH01,60652,2026-08-16,2026-10-11
900000000005664,1005,SH02,98101,2026-10-02,2026-10-31
900000000005665,1003,SH03,60652,2026-08-17,2026-10-31
900000000005666,1001,SH02,98101,2026-08-17,2026-07-10
900000000005667,1002,SH01,80201,2026-06-26,2026-11-11
900000000005668,1006,SH02,75201,2026-07-02,2026-08-17
900000000005669,1005,SH03,60652,2026-05-24,2026-10-26
900000000005670,1001,SH01,30301,2026-10-31,2026-06-10
900000000005671,1006,SH03,90210,2026-11-11,2026-11-24
900000000005672,1010,SH03,60601,2026-11-23,2026-10-11
900000000005673,1007,SH03,33101,2026-11-11,2026-05-02
900000000005674,1004,SH01,60601,2026-11-05,2026-06-09
900000000005675,1007,SH03,30301,2026-08-17,2026-06-29
900000000005676,1008,SH03,98101,2026-08-17,2026-10-27
900000000005677,1001,SH01,14201,2026-09-28,2026-06-26
900000000005678,1010,SH01,14201,2026-11-11,2026-06-26
900000000005679,1009,SH03,14201,2026-07-11,2026-07-11
900000000005680,1009,SH02,60601,2026-05-09,2026-06-26
900000000005681,1008,SH02,80201,2026-07-27,2026-05-09
900000000005682,1001,SH02,30301,2026-08-17,2026-06-29
900000000005683,1002,SH01,33101,2026-10-26,2026-10-31
900000000005684,1003,SH02,90210,2026-06-26,2026-06-27
900000000005685,1005,SH01,33101,2026-10-02,2026-05-09
900000000005686,1009,SH03,98101,2026-10-02,2026-05-09
900000000005687,1001,SH01,80201,2026-08-17,2026-08-17
900000000005688,1010,SH01,98101,2026-07-02,2026-07-27
900000000005689,1006,SH02,33101,2026-05-08,2026-05-08
900000000005690,1008,SH02,60652,2026-07-11,2026-11-05
900000000005691,1009,SH03,60652,2026-10-14,2026-11-11
900000000005692,1003,SH03,33101,2026-08-17,2026-10-27
900000000005693,1008,SH02,10001,2026-10-27,2026-11-23
900000000005694,1001,SH01,75201,2026-07-02,2026-07-27
900000000005695,1010,SH03,10001,2026-10-26,2026-09-21
900000000005696,1003,SH02,98101,2026-10-26,2026-10-02
900000000005697,1006,SH03,60601,2026-10-31,2026-07-02
900000000005698,1001,SH03,98101,2026-11-23,2026-05-02
900000000005699,1006,SH02,60652,2026-05-08,2026-10-21
900000000005700,1005,SH02,98101,2026-05-09,2026-10-27
900000000005701,1010,SH01,30301,2026-06-27,2026-07-10
900000000005702,1002,SH01,98101,2026-07-27,2026-07-11
900000000005703,1003,SH01,98101,2026-10-21,2026-06-27
900000000005704,1002,SH03,80201,2026-06-09,2026-10-27
900000000005705,1002,SH02,10001,2026-06-09,2026-09-29
900000000005706,1006,SH03,75201,2026-05-02,2026-10-26
900000000005707,1003,SH03,14201,2026-11-11,2026-07-11
900000000005708,1007,SH02,30301,2026-10-14,2026-10-21
900000000005709,1003,SH03,75201,2026-10-31,2026-10-21
900000000005710,1001,SH02,60652,2026-09-29,2026-06-09
900000000005711,1010,SH03,60652,2026-11-05,2026-10-27
900000000005712,1007,SH01,80201,2026-05-02,2026-08-17
900000000005713,1002,SH03,75201,2026-11-11,2026-10-11
900000000005714,1001,SH01,75201,2026-10-31,2026-10-27
900000000005715,1004,SH01,80201,2026-11-11,2026-10-02
900000000005716,1003,SH03,98101,2026-08-16,2026-10-21
900000000005717,1002,SH03,33101,2026-06-09,2026-06-27
900000000005718,1005,SH01,33101,2026-10-02,2026-07-11
900000000005719,1001,SH01,80201,2026-06-27,2026-09-21
900000000005720,1006,SH03,98101,2026-10-11,2026-06-09
900000000005721,1007,SH02,90210,2026-05-08,2026-06-29
900000000005722,1009,SH02,80201,2026-07-02,2026-07-27
900000000005723,1002,SH01,14201,2026-09-29,2026-11-23
900000000005724,1004,SH01,80201,2026-10-11,2026-06-09
900000000005725,1009,SH02,60652,2026-09-28,2026-11-24
900000000005726,1006,SH02,10001,2026-10-14,2026-07-11
900000000005727,1010,SH01,10001,2026-10-27,2026-05-08
900000000005728,1002,SH02,30301,2026-11-24,2026-05-08
900000000005729,1008,SH01,10001,2026-05-02,2026-06-26
900000000005730,1005,SH02,10001,2026-06-10,2026-05-24
900000000005731,1008,SH01,33101,2026-05-09,2026-11-23
900000000005732,1010,SH02,60652,2026-11-11,2026-05-09
900000000005733,1008,SH03,75201,2026-09-29,2026-05-08
900000000005734,1006,SH01,33101,2026-06-09,2026-11-11
900000000005735,1002,SH02,30301,2026-07-02,2026-10-26
900000000005736,1008,SH02,10001,2026-06-09,2026-07-10
900000000005737,1002,SH02,80201,2026-06-10,2026-05-02
900000000005738,1007,SH02,98101,2026-11-05,2026-10-14
900000000005739,1006,SH03,33101,2026-11-23,2026-11-24
900000000005740,1006,SH03,60601,2026-09-28,2026-07-02
900000000005741,1002,SH01,33101,2026-10-11,2026-10-11
900000000005742,1003,SH01,60652,2026-08-17,2026-10-21
900000000005743,1003,SH03,60601,2026-10-21,2026-08-16
900000000005744,1007,SH02,80201,2026-06-26,2026-07-11
900000000005745,1001,SH01,30301,2026-06-09,2026-05-08
900000000005746,1007,SH01,10001,2026-10-27,2026-05-08
900000000005747,1010,SH02,75201,2026-06-29,2026-05-08
900000000005748,1005,SH01,60601,2026-07-02,2026-06-09
900000000005749,1007,SH03,33101,2026-10-27,2026-08-17
900000000005750,1004,SH02,98101,2026-11-23,2026-10-31
900000000005751,1004,SH02,14201,2026-10-02,2026-11-23
900000000005752,1010,SH01,98101,2026-07-27,2026-07-02
900000000005753,1002,SH03,33101,2026-06-29,2026-06-26
900000000005754,1004,SH03,75201,2026-07-02,2026-10-31
900000000005755,1001,SH02,75201,2026-07-02,2026-06-26
900000000005756,1002,SH02,90210,2026-05-02,2026-10-26
900000000005757,1007,SH02,14201,2026-06-27,2026-05-24
900000000005758,1006,SH01,33101,2026-10-26,2026-11-05
900000000005759,1003,SH03,33101,2026-06-27,2026-05-07
900000000005760,1004,SH01,10001,2026-07-10,2026-09-28
900000000005761,1006,SH01,75201,2026-09-28,2026-08-17
900000000005762,1002,SH02,14201,2026-05-02,2026-08-17
900000000005763,1006,SH02,30301,2026-07-10,2026-07-10
900000000005764,1001,SH02,30301,2026-07-02,2026-05-07
900000000005765,1006,SH01,60601,2026-07-02,2026-07-27
900000000005766,1005,SH03,80201,2026-11-24,2026-11-05
900000000005767,1003,SH02,10001,2026-10-27,2026-11-24
900000000005768,1001,SH02,60601,2026-05-02,2026-11-05
900000000005769,1006,SH01,10001,2026-07-11,2026-06-27
900000000005770,1003,SH02,14201,2026-07-11,2026-11-24
900000000005771,1004,SH03,30301,2026-06-29,2026-05-07
900000000005772,1004,SH01,98101,2026-07-02,2026-08-17
900000000005773,1006,SH01,80201,2026-05-08,2026-06-09
900000000005774,1004,SH03,30301,2026-07-27,2026-11-24
900000000005775,1002,SH01,75201,2026-06-27,2026-07-27
900000000005776,1009,SH01,14201,2026-10-21,2026-10-21
900000000005777,1010,SH03,30301,2026-11-23,2026-08-16
900000000005778,1005,SH02,60601,2026-10-11,2026-07-27
900000000005779,1005,SH02,14201,2026-06-27,2026-08-16
900000000005780,1008,SH03,80201,2026-06-26,2026-06-27
900000000005781,1005,SH01,75201,2026-06-09,2026-07-11
900000000005782,1009,SH01,33101,2026-11-05,2026-10-26
900000000005783,1003,SH03,10001,2026-10-14,2026-09-21
900000000005784,1006,SH02,14201,2026-08-16,2026-10-14
900000000005785,1010,SH01,33101,2026-10-14,2026-11-11
900000000005786,1002,SH01,33101,2026-10-14,2026-08-16
900000000005787,1009,SH01,33101,2026-10-14,2026-10-14
900000000005788,1007,SH01,98101,2026-06-09,2026-09-21
900000000005789,1001,SH03,33101,2026-08-17,2026-11-23
900000000005790,1009,SH01,98101,2026-08-16,2026-06-26
900000000005791,1010,SH03,80201,2026-07-10,2026-10-31
900000000005792,1005,SH01,75201,2026-10-26,2026-10-21
900000000005793,1009,SH02,10001,2026-08-17,2026-05-07
900000000005794,1008,SH02,14201,2026-11-11,2026-11-11
900000000005795,1008,SH03,60601,2026-10-31,2026-10-21
900000000005796,1009,SH01,30301,2026-11-11,2026-09-28
900000000005797,1010,SH01,14201,2026-08-17,2026-05-09
900000000005798,1009,SH02,33101,2026-09-21,2026-09-29
900000000005799,1005,SH02,60652,2026-07-02,2026-10-14
900000000005800,1002,SH01,30301,2026-06-09,2026-09-21
900000000005801,1001,SH01,33101,2026-10-14,2026-06-27
900000000005802,1006,SH03,60652,2026-05-09,2026-06-27
900000000005803,1004,SH01,80201,2026-06-27,2026-09-21
900000000005804,1010,SH01,60601,2026-09-28,2026-05-24
900000000005805,1001,SH02,14201,2026-09-21,2026-10-31
900000000005806,1002,SH02,60601,2026-09-21,2026-06-29
900000000005807,1002,SH03,90210,2026-06-10,2026-10-26
900000000005808,1002,SH01,60652,2026-11-23,2026-10-14
900000000005809,1006,SH01,98101,2026-05-08,2026-05-07
900000000005810,1005,SH02,10001,2026-05-09,2026-05-24
900000000005811,1008,SH03,80201,2026-06-10,2026-10-31
900000000005812,1008,SH01,90210,2026-11-11,2026-07-27
900000000005813,1007,SH03,14201,2026-11-05,2026-10-27
900000000005814,1004,SH01,75201,2026-08-17,2026-10-21
900000000005815,1006,SH01,98101,2026-10-26,2026-05-24
900000000005816,1002,SH03,14201,2026-09-29,2026-11-24
900000000005817,1009,SH01,60652,2026-05-09,2026-08-16
900000000005818,1003,SH01,30301,2026-11-23,2026-11-05
900000000005819,1004,SH01,90210,2026-06-27,2026-11-11
900000000005820,1010,SH03,60601,2026-10-26,2026-06-26
900000000005821,1001,SH01,60601,2026-10-11,2026-10-21
900000000005822,1008,SH01,14201,2026-10-14,2026-05-09
900000000005823,1006,SH01,60601,2026-09-21,2026-05-08
900000000005824,1001,SH03,60601,2026-10-27,2026-11-05
900000000005825,1010,SH01,30301,2026-11-11,2026-07-11
900000000005826,1010,SH01,98101,2026-09-28,2026-09-21
900000000005827,1006,SH02,33101,2026-10-11,2026-07-02
900000000005828,1004,SH01,98101,2026-05-02,2026-10-11
900000000005829,1007,SH03,30301,2026-10-27,2026-08-16
900000000005830,1002,SH01,33101,2026-07-27,2026-10-11
900000000005831,1004,SH02,14201,2026-07-10,2026-11-24
900000000005832,1003,SH03,30301,2026-09-21,2026-11-11
900000000005833,1006,SH01,14201,2026-06-26,2026-06-27
900000000005834,1005,SH03,60601,2026-11-11,2026-11-05
900000000005835,1008,SH03,90210,2026-05-07,2026-11-05
900000000005836,1004,SH01,10001,2026-05-09,2026-11-23
900000000005837,1002,SH03,75201,2026-11-23,2026-10-26
900000000005838,1003,SH03,75201,2026-05-07,2026-10-21
900000000005839,1006,SH01,10001,2026-06-27,2026-09-29
900000000005840,1007,SH02,10001,2026-10-21,2026-08-17
900000000005841,1005,SH03,10001,2026-10-21,2026-11-05
900000000005842,1008,SH02,80201,2026-08-16,2026-09-29
900000000005843,1002,SH03,60652,2026-05-07,2026-05-02
900000000005844,1006,SH02,75201,2026-10-21,2026-08-16
900000000005845,1010,SH02,10001,2026-05-09,2026-11-24
900000000005846,1001,SH02,33101,2026-10-14,2026-07-10
900000000005847,1007,SH01,98101,2026-09-21,2026-06-09
900000000005848,1001,SH03,60601,2026-10-27,2026-06-26
900000000005849,1005,SH01,33101,2026-07-11,2026-11-11
900000000005850,1003,SH03,75201,2026-10-27,2026-10-11
900000000005851,1005,SH01,60652,2026-10-14,2026-10-11
900000000005852,1009,SH03,75201,2026-05-07,2026-07-11
900000000005853,1006,SH03,75201,2026-06-09,2026-06-10
900000000005854,1002,SH02,75201,2026-09-21,2026-10-26
900000000005855,1001,SH01,30301,2026-11-05,2026-05-02
900000000005856,1005,SH03,30301,2026-06-10,2026-09-29
900000000005857,1007,SH02,75201,2026-10-02,2026-06-10
900000000005858,1009,SH03,33101,2026-10-14,2026-06-29
900000000005859,1009,SH03,60601,2026-10-21,2026-08-16
900000000005860,1008,SH01,10001,2026-06-09,2026-10-02
900000000005861,1010,SH01,90210,2026-08-16,2026-10-26
900000000005862,1007,SH03,33101,2026-06-09,2026-08-16
900000000005863,1008,SH02,10001,2026-05-02,2026-11-24
900000000005864,1008,SH02,80201,2026-07-02,2026-07-02
900000000005865,1003,SH01,14201,2026-06-09,2026-06-09
900000000005866,1001,SH02,60601,2026-05-08,2026-10-02
900000000005867,1009,SH03,90210,2026-06-26,2026-06-27
900000000005868,1005,SH01,60601,2026-11-23,2026-06-26
900000000005869,1009,SH02,90210,2026-07-02,2026-06-09
900000000005870,1006,SH03,98101,2026-06-26,2026-05-08
900000000005871,1001,SH01,98101,2026-05-07,2026-05-09
900000000005872,1001,SH01,10001,2026-09-28,2026-07-02
900000000005873,1010,SH03,60601,2026-05-09,2026-08-16
900000000005874,1007,SH03,60601,2026-06-09,2026-11-24
900000000005875,1008,SH03,60601,2026-06-29,2026-10-11
900000000005876,1004,SH02,60652,2026-10-21,2026-06-29
900000000005877,1009,SH02,14201,2026-09-21,2026-07-10
900000000005878,1007,SH03,14201,2026-10-11,2026-06-10
900000000005879,1009,SH03,33101,2026-05-07,2026-06-10
900000000005880,1002,SH01,14201,2026-06-26,2026-10-14
900000000005881,1001,SH03,33101,2026-08-17,2026-05-09
900000000005882,1001,SH02,10001,2026-07-02,2026-10-27
900000000005883,1003,SH01,10001,2026-09-29,2026-05-09
900000000005884,1003,SH03,60652,2026-07-02,2026-05-08
900000000005885,1010,SH01,60652,2026-07-11,2026-07-27
900000000005886,1006,SH03,33101,2026-07-11,2026-07-10
900000000005887,1003,SH02,30301,2026-11-24,2026-10-02
900000000005888,1007,SH01,90210,2026-10-02,2026-10-31
900000000005889,1002,SH03,98101,2026-11-05,2026-10-21
900000000005890,1002,SH02,33101,2026-05-08,2026-07-10
900000000005891,1007,SH02,60652,2026-11-24,2026-05-08
900000000005892,1005,SH03,30301,2026-06-09,2026-09-29
900000000005893,1003,SH01,80201,2026-06-27,2026-06-26
900000000005894,1009,SH02,30301,2026-11-05,2026-11-24
900000000005895,1008,SH01,98101,2026-05-07,2026-10-31
900000000005896,1005,SH03,98101,2026-05-07,2026-09-28
900000000005897,1005,SH02,98101,2026-06-27,2026-06-09
900000000005898,1004,SH03,30301,2026-10-31,2026-07-11
900000000005899,1003,SH02,80201,2026-09-28,2026-10-14
900000000005900,1003,SH03,60601,2026-10-31,2026-07-27
900000000005901,1006,SH01,60652,2026-10-21,2026-10-02
900000000005902,1008,SH03,98101,2026-10-26,2026-06-27
900000000005903,1004,SH02,10001,2026-05-07,2026-06-10
900000000005904,1006,SH03,80201,2026-05-08,2026-08-17
900000000005905,1009,SH02,75201,2026-11-23,2026-06-26
900000000005906,1009,SH02,33101,2026-11-11,2026-05-07
900000000005907,1007,SH01,10001,2026-06-09,2026-05-07
900000000005908,1010,SH03,80201,2026-05-08,2026-05-08
900000000005909,1010,SH03,90210,2026-10-26,2026-10-26
900000000005910,1006,SH02,10001,2026-10-14,2026-07-02
900000000005911,1004,SH01,14201,2026-06-29,2026-10-02
900000000005912,1010,SH02,60652,2026-11-11,2026-09-21
900000000005913,1010,SH01,98101,2026-11-24,2026-08-16
900000000005914,1009,SH01,98101,2026-10-27,2026-10-21
900000000005915,1002,SH02,10001,2026-10-31,2026-09-28
900000000005916,1004,SH03,14201,2026-10-14,2026-09-28
900000000005917,1007,SH03,90210,2026-06-10,2026-06-10
900000000005918,1009,SH02,80201,2026-05-07,2026-10-14
900000000005919,1010,SH01,33101,2026-07-02,2026-05-08
900000000005920,1003,SH02,75201,2026-10-27,2026-10-02
900000000005921,1008,SH01,90210,2026-11-11,2026-05-09
900000000005922,1010,SH01,30301,2026-06-10,2026-09-28
900000000005923,1007,SH03,33101,2026-05-09,2026-09-28
900000000005924,1004,SH02,10001,2026-10-26,2026-08-17
900000000005925,1001,SH03,60601,2026-11-23,2026-11-23
900000000005926,1006,SH02,60652,2026-05-07,2026-06-27
900000000005927,1006,SH01,33101,2026-05-09,2026-09-21
900000000005928,1003,SH01,10001,2026-08-16,2026-07-02
900000000005929,1003,SH01,33101,2026-10-14,2026-05-09
900000000005930,1002,SH02,30301,2026-06-26,2026-11-05
900000000005931,1008,SH02,10001,2026-07-11,2026-10-31
900000000005932,1010,SH01,10001,2026-07-02,2026-10-02
900000000005933,1002,SH02,33101,2026-10-11,2026-10-11
900000000005934,1010,SH02,75201,2026-05-02,2026-11-23
900000000005935,1009,SH03,75201,2026-06-27,2026-09-21
900000000005936,1006,SH02,33101,2026-05-08,2026-05-24
900000000005937,1004,SH01,60652,2026-10-11,2026-10-14
900000000005938,1005,SH03,30301,2026-06-09,2026-07-02
900000000005939,1010,SH03,98101,2026-05-07,2026-07-11
900000000005940,1009,SH02,75201,2026-10-14,2026-10-02
900000000005941,1003,SH03,14201,2026-10-02,2026-11-11
900000000005942,1002,SH01,10001,2026-10-21,2026-06-27
900000000005943,1004,SH01,80201,2026-10-02,2026-07-27
900000000005944,1001,SH03,33101,2026-06-29,2026-07-27
900000000005945,1007,SH02,14201,2026-09-28,2026-09-29
900000000005946,1001,SH01,30301,2026-10-14,2026-06-27
900000000005947,1008,SH01,14201,2026-10-27,2026-10-27
900000000005948,1004,SH02,14201,2026-07-11,2026-08-17
900000000005949,1006,SH02,98101,2026-07-27,2026-11-24
900000000005950,1008,SH01,30301,2026-10-21,2026-10-26
900000000005951,1002,SH03,75201,2026-07-02,2026-10-14
900000000005952,1003,SH02,10001,2026-07-10,2026-10-27
900000000005953,1004,SH01,80201,2026-11-24,2026-10-14
900000000005954,1004,SH01,33101,2026-07-11,2026-06-27
900000000005955,1008,SH01,90210,2026-05-02,2026-10-02
900000000005956,1009,SH02,30301,2026-09-29,2026-07-02
900000000005957,1001,SH01,98101,2026-07-10,2026-10-02
900000000005958,1006,SH02,30301,2026-10-27,2026-10-11
900000000005959,1001,SH03,75201,2026-10-27,2026-09-29
900000000005960,1009,SH02,60601,2026-05-07,2026-05-07
900000000005961,1005,SH03,30301,2026-11-11,2026-08-16
900000000005962,1007,SH03,98101,2026-06-29,2026-06-26
900000000005963,1002,SH03,33101,2026-07-27,2026-10-21
900000000005964,1006,SH03,60601,2026-10-14,2026-10-21
900000000005965,1010,SH03,60652,2026-10-31,2026-06-26
900000000005966,1006,SH03,98101,2026-05-08,2026-07-10
900000000005967,1006,SH01,60601,2026-07-02,2026-05-24
900000000005968,1001,SH03,90210,2026-10-14,2026-09-29
900000000005969,1005,SH01,75201,2026-09-28,2026-07-10
900000000005970,1001,SH03,80201,2026-06-27,2026-05-08
900000000005971,1008,SH03,60601,2026-10-21,2026-07-10
900000000005972,1006,SH03,14201,2026-06-29,2026-06-29
900000000005973,1010,SH01,80201,2026-07-02,2026-05-08
900000000005974,1010,SH01,80201,2026-05-09,2026-07-27
900000000005975,1005,SH03,80201,2026-11-11,2026-06-10
900000000005976,1007,SH03,60652,2026-07-02,2026-07-27
900000000005977,1006,SH02,33101,2026-08-16,2026-10-21
900000000005978,1004,SH02,90210,2026-08-16,2026-06-09
900000000005979,1010,SH02,10001,2026-09-29,2026-07-11
900000000005980,1002,SH03,30301,2026-06-27,2026-07-11
900000000005981,1004,SH02,75201,2026-07-10,2026-10-14
900000000005982,1005,SH02,33101,2026-09-21,2026-07-02
900000000005983,1008,SH02,30301,2026-10-21,2026-06-26
900000000005984,1005,SH01,10001,2026-05-09,2026-08-16
900000000005985,1008,SH01,90210,2026-10-21,2026-10-11
900000000005986,1004,SH02,60652,2026-06-10,2026-10-31
900000000005987,1003,SH03,33101,2026-10-31,2026-06-09
900000000005988,1008,SH03,10001,2026-09-21,2026-10-26
900000000005989,1010,SH02,75201,2026-05-09,2026-10-14
900000000005990,1004,SH01,60601,2026-09-21,2026-11-11
900000000005991,1010,SH03,98101,2026-06-26,2026-10-31
900000000005992,1010,SH01,10001,2026-10-21,2026-08-16
900000000005993,1010,SH01,98101,2026-10-31,2026-11-24
900000000005994,1005,SH01,60652,2026-06-26,2026-10-27
900000000005995,1002,SH01,10001,2026-08-17,2026-11-11
900000000005996,1006,SH02,10001,2026-11-23,2026-11-05
900000000005997,1002,SH02,10001,2026-10-02,2026-10-11
900000000005998,1010,SH03,60601,2026-07-11,2026-05-08
900000000005999,1005,SH01,60652,2026-11-11,2026-06-29
900000000006000,1001,SH03,10001,2026-06-10,2026-08-17
900000000006001,1010,SH02,80201,2026-05-07,2026-07-27
900000000006002,1002,SH01,75201,2026-07-02,2026-09-21
900000000006003,1007,SH03,80201,2026-06-09,2026-09-29
900000000006004,1006,SH02,10001,2026-11-24,2026-10-02
900000000006005,1007,SH03,60652,2026-10-11,2026-10-21
900000000006006,1002,SH02,60601,2026-10-26,2026-07-02
900000000006007,1009,SH01,90210,2026-10-31,2026-07-10
900000000006008,1006,SH03,90210,2026-06-26,2026-10-11
900000000006009,1008,SH02,80201,2026-09-29,2026-05-02
900000000006010,1009,SH02,80201,2026-11-24,2026-09-29
900000000006011,1007,SH02,33101,2026-08-16,2026-07-10
900000000006012,1002,SH01,80201,2026-11-11,2026-08-16
900000000006013,1004,SH03,14201,2026-07-11,2026-08-16
900000000006014,1001,SH03,33101,2026-09-21,2026-07-27
900000000006015,1001,SH01,60652,2026-05-24,2026-10-26
900000000006016,1005,SH01,98101,2026-10-27,2026-07-02
900000000006017,1005,SH01,75201,2026-10-27,2026-06-29
900000000006018,1002,SH01,75201,2026-07-02,2026-11-23
900000000006019,1003,SH01,60601,2026-06-29,2026-06-26
900000000006020,1001,SH02,90210,2026-09-29,2026-06-09
900000000006021,1009,SH02,75201,2026-09-29,2026-06-10
900000000006022,1006,SH03,75201,2026-10-21,2026-10-26
900000000006023,1009,SH01,80201,2026-07-27,2026-10-27
900000000006024,1004,SH03,80201,2026-05-08,2026-05-24
900000000006025,1006,SH01,80201,2026-10-26,2026-05-07
900000000006026,1008,SH02,90210,2026-09-28,2026-06-10
900000000006027,1008,SH03,33101,2026-10-26,2026-07-27
900000000006028,1009,SH02,30301,2026-10-27,2026-09-28
900000000006029,1007,SH03,60652,2026-09-28,2026-05-08
900000000006030,1010,SH01,30301,2026-11-23,2026-06-29
900000000006031,1007,SH02,80201,2026-06-29,2026-05-09
900000000006032,1007,SH03,90210,2026-06-29,2026-09-21
900000000006033,1010,SH02,90210,2026-07-10,2026-08-17
900000000006034,1002,SH01,60601,2026-11-24,2026-08-17
900000000006035,1007,SH01,80201,2026-06-26,2026-05-07
900000000006036,1003,SH03,98101,2026-08-16,2026-10-31
900000000006037,1004,SH01,60652,2026-06-27,2026-09-29
900000000006038,1002,SH02,33101,2026-05-24,2026-06-10
900000000006039,1008,SH01,90210,2026-06-10,2026-06-29
900000000006040,1002,SH03,10001,2026-09-29,2026-10-26
900000000006041,1005,SH01,80201,2026-07-11,2026-10-26
900000000006042,1006,SH02,14201,2026-06-26,2026-05-02
900000000006043,1007,SH01,30301,2026-08-16,2026-07-10
900000000006044,1001,SH02,80201,2026-05-08,2026-11-24
900000000006045,1006,SH01,90210,2026-06-10,2026-08-17
900000000006046,1002,SH02,10001,2026-08-17,2026-05-08
900000000006047,1007,SH02,60652,2026-09-21,2026-06-10
900000000006048,1005,SH01,80201,2026-05-07,2026-11-05
900000000006049,1004,SH01,60652,2026-06-29,2026-05-09
900000000006050,1002,SH01,60652,2026-09-29,2026-05-02
900000000006051,1003,SH01,98101,2026-05-24,2026-05-09
900000000006052,1007,SH01,10001,2026-05-02,2026-09-29
900000000006053,1003,SH02,14201,2026-05-07,2026-10-27
900000000006054,1007,SH03,33101,2026-05-07,2026-10-11
900000000006055,1001,SH02,30301,2026-07-11,2026-09-29
900000000006056,1008,SH03,90210,2026-10-21,2026-10-31
900000000006057,1006,SH02,10001,2026-09-21,2026-10-31
900000000006058,1007,SH01,60652,2026-10-27,2026-10-26
900000000006059,1008,SH03,80201,2026-07-27,2026-07-11
900000000006060,1007,SH03,60652,2026-07-02,2026-06-29
900000000006061,1007,SH02,60652,2026-05-09,2026-10-14
900000000006062,1005,SH03,10001,2026-10-26,2026-05-09
900000000006063,1003,SH03,98101,2026-07-11,2026-05-24
900000000006064,1007,SH01,98101,2026-07-10,2026-11-11
900000000006065,1002,SH01,80201,2026-10-02,2026-10-21
900000000006066,1004,SH03,98101,2026-11-23,2026-09-21
900000000006067,1008,SH03,80201,2026-07-11,2026-07-11
900000000006068,1004,SH02,98101,2026-06-09,2026-10-14
900000000006069,1007,SH01,98101,2026-10-26,2026-05-24
900000000006070,1008,SH02,33101,2026-06-10,2026-10-14
900000000006071,1006,SH02,14201,2026-09-28,2026-05-09
900000000006072,1001,SH01,90210,2026-07-10,2026-07-27
900000000006073,1008,SH01,60652,2026-06-10,2026-11-05
900000000006074,1010,SH02,98101,2026-07-10,2026-07-10
900000000006075,1005,SH01,30301,2026-09-29,2026-09-28
900000000006076,1007,SH03,14201,2026-10-27,2026-10-02
900000000006077,1009,SH02,80201,2026-06-10,2026-05-07
900000000006078,1008,SH02,14201,2026-05-08,2026-11-11
900000000006079,1007,SH03,98101,2026-06-26,2026-07-10
900000000006080,1005,SH02,90210,2026-06-26,2026-11-05
900000000006081,1008,SH02,33101,2026-06-29,2026-08-16
900000000006082,1007,SH02,90210,2026-11-11,2026-06-10
900000000006083,1001,SH01,60652,2026-06-09,2026-05-07
900000000006084,1001,SH03,33101,2026-05-09,2026-11-11
900000000006085,1002,SH02,75201,2026-08-17,2026-09-21
900000000006086,1005,SH02,90210,2026-10-27,2026-09-29
900000000006087,1009,SH01,90210,2026-10-11,2026-08-17
900000000006088,1009,SH01,98101,2026-11-11,2026-11-24
900000000006089,1005,SH01,33101,2026-09-29,2026-10-27
900000000006090,1001,SH01,60601,2026-06-09,2026-11-23
900000000006091,1004,SH01,33101,2026-09-21,2026-11-11
900000000006092,1009,SH03,60652,2026-10-21,2026-08-16
900000000006093,1001,SH03,60601,2026-05-09,2026-06-27
900000000006094,1005,SH03,10001,2026-05-07,2026-10-31
900000000006095,1002,SH03,60652,2026-07-11,2026-10-21
900000000006096,1009,SH02,75201,2026-10-31,2026-10-26
900000000006097,1004,SH02,98101,2026-10-31,2026-10-14
900000000006098,1001,SH01,98101,2026-05-08,2026-05-08
900000000006099,1004,SH02,75201,2026-10-21,2026-06-29
900000000006100,1004,SH01,75201,2026-09-29,2026-09-21
900000000006101,1007,SH01,80201,2026-10-21,2026-08-17
900000000006102,1009,SH03,33101,2026-09-29,2026-11-11
900000000006103,1009,SH01,75201,2026-10-26,2026-11-11
900000000006104,1009,SH01,90210,2026-09-21,2026-10-14
900000000006105,1006,SH02,80201,2026-07-10,2026-06-09
900000000006106,1009,SH03,75201,2026-11-11,2026-07-11
900000000006107,1010,SH01,60652,2026-06-09,2026-06-10
900000000006108,1004,SH03,98101,2026-07-02,2026-09-29
900000000006109,1010,SH02,10001,2026-06-10,2026-11-23
900000000006110,1008,SH03,80201,2026-10-26,2026-06-10
900000000006111,1006,SH03,90210,2026-09-28,2026-05-07
900000000006112,1005,SH03,33101,2026-06-09,2026-10-27
900000000006113,1004,SH03,60601,2026-05-24,2026-07-10
900000000006114,1007,SH03,60652,2026-05-24,2026-05-07
900000000006115,1007,SH01,90210,2026-07-27,2026-05-02
900000000006116,1007,SH02,75201,2026-05-09,2026-05-08
900000000006117,1002,SH03,90210,2026-05-07,2026-06-29
900000000006118,1004,SH02,60601,2026-08-17,2026-10-14
900000000006119,1005,SH01,30301,2026-07-02,2026-09-29
900000000006120,1004,SH03,80201,2026-11-05,2026-11-11
900000000006121,1002,SH02,60652,2026-10-14,2026-07-27
900000000006122,1005,SH02,14201,2026-05-02,2026-10-14
900000000006123,1010,SH01,90210,2026-10-14,2026-10-14
900000000006124,1010,SH03,98101,2026-06-26,2026-11-23
900000000006125,1005,SH01,98101,2026-10-14,2026-11-05
900000000006126,1005,SH02,14201,2026-06-29,2026-07-10
900000000006127,1004,SH02,60652,2026-10-14,2026-07-27
900000000006128,1008,SH01,60601,2026-11-23,2026-05-08
900000000006129,1010,SH03,10001,2026-09-29,2026-07-02
900000000006130,1002,SH02,60652,2026-10-21,2026-05-02
900000000006131,1003,SH02,10001,2026-10-14,2026-06-09
900000000006132,1004,SH01,10001,2026-06-10,2026-06-26
900000000006133,1008,SH03,98101,2026-08-16,2026-05-24
900000000006134,1008,SH01,98101,2026-09-21,2026-05-09
900000000006135,1002,SH02,98101,2026-05-09,2026-05-02
900000000006136,1003,SH03,90210,2026-10-11,2026-07-02
900000000006137,1002,SH01,10001,2026-06-29,2026-08-17
900000000006138,1008,SH03,60652,2026-10-27,2026-05-24
900000000006139,1002,SH01,80201,2026-09-29,2026-07-27
900000000006140,1005,SH01,60601,2026-10-31,2026-10-11
900000000006141,1010,SH01,10001,2026-10-21,2026-10-21
900000000006142,1003,SH03,14201,2026-11-23,2026-10-21
900000000006143,1009,SH01,98101,2026-11-05,2026-07-10
900000000006144,1006,SH03,90210,2026-10-31,2026-05-07
900000000006145,1001,SH01,33101,2026-11-23,2026-06-09
900000000006146,1002,SH01,60601,2026-05-08,2026-06-29
900000000006147,1008,SH02,60601,2026-06-26,2026-09-21
900000000006148,1001,SH01,10001,2026-10-31,2026-07-11
900000000006149,1001,SH02,98101,2026-10-31,2026-05-02
900000000006150,1010,SH01,30301,2026-10-14,2026-11-05
900000000006151,1010,SH01,30301,2026-05-02,2026-10-11
900000000006152,1009,SH02,80201,2026-09-28,2026-11-05
900000000006153,1002,SH01,10001,2026-06-29,2026-11-23
900000000006154,1009,SH03,60601,2026-06-09,2026-10-11
900000000006155,1008,SH02,33101,2026-06-29,2026-10-21
900000000006156,1007,SH01,60601,2026-06-10,2026-05-07
900000000006157,1004,SH03,90210,2026-06-10,2026-08-17
900000000006158,1006,SH02,33101,2026-05-09,2026-07-02
900000000006159,1001,SH03,90210,2026-10-02,2026-11-23
900000000006160,1004,SH02,33101,2026-06-29,2026-11-05
900000000006161,1003,SH03,60652,2026-07-27,2026-08-16
900000000006162,1005,SH03,30301,2026-06-26,2026-07-02
900000000006163,1005,SH03,60601,2026-06-10,2026-11-11
900000000006164,1010,SH01,33101,2026-11-11,2026-06-10
900000000006165,1008,SH02,14201,2026-05-24,2026-09-28
900000000006166,1002,SH03,75201,2026-10-11,2026-11-23
900000000006167,1009,SH01,90210,2026-06-27,2026-07-02
900000000006168,1008,SH02,30301,2026-08-16,2026-10-11
900000000006169,1009,SH03,98101,2026-11-05,2026-10-11
900000000006170,1006,SH01,80201,2026-07-11,2026-11-05
900000000006171,1003,SH02,98101,2026-05-24,2026-09-21
900000000006172,1010,SH03,90210,2026-05-02,2026-11-24
900000000006173,1009,SH01,80201,2026-05-02,2026-09-21
900000000006174,1001,SH02,60601,2026-10-14,2026-06-29
900000000006175,1010,SH03,60652,2026-10-11,2026-06-09
900000000006176,1009,SH02,14201,2026-10-14,2026-08-17
900000000006177,1002,SH01,10001,2026-09-21,2026-10-27
900000000006178,1006,SH02,33101,2026-10-21,2026-11-05
900000000006179,1001,SH03,90210,2026-10-26,2026-06-26
900000000006180,1001,SH01,14201,2026-11-11,2026-10-26
900000000006181,1001,SH03,60601,2026-05-08,2026-07-10
900000000006182,1008,SH03,90210,2026-10-02,2026-09-21
900000000006183,1002,SH03,75201,2026-09-29,2026-10-14
900000000006184,1003,SH01,90210,2026-07-02,2026-11-05
900000000006185,1005,SH03,90210,2026-05-08,2026-05-07
900000000006186,1010,SH02,30301,2026-10-21,2026-11-23
900000000006187,1002,SH02,75201,2026-05-02,2026-08-17
900000000006188,1005,SH02,33101,2026-10-21,2026-06-10
900000000006189,1002,SH01,75201,2026-09-28,2026-06-09
900000000006190,1008,SH02,14201,2026-10-31,2026-09-29
900000000006191,1010,SH03,75201,2026-08-17,2026-05-07
900000000006192,1007,SH03,30301,2026-06-10,2026-05-08
900000000006193,1007,SH01,80201,2026-11-23,2026-06-09
900000000006194,1010,SH01,10001,2026-05-09,2026-05-09
900000000006195,1005,SH03,14201,2026-11-23,2026-10-26
900000000006196,1002,SH03,75201,2026-07-27,2026-07-11
900000000006197,1003,SH03,10001,2026-10-31,2026-05-02
900000000006198,1006,SH02,14201,2026-10-14,2026-09-21
900000000006199,1001,SH02,14201,2026-06-27,2026-11-11
900000000006200,1010,SH01,60601,2026-06-29,2026-07-11
900000000006201,1008,SH01,98101,2026-09-21,2026-11-23
900000000006202,1008,SH01,14201,2026-10-14,2026-06-29
900000000006203,1002,SH03,90210,2026-06-29,2026-05-07
900000000006204,1007,SH02,60601,2026-06-26,2026-05-09
900000000006205,1010,SH02,10001,2026-10-21,2026-11-05
900000000006206,1009,SH01,98101,2026-09-21,2026-05-02
900000000006207,1010,SH03,80201,2026-06-10,2026-06-09
900000000006208,1005,SH03,90210,2026-05-07,2026-10-26
900000000006209,1005,SH01,33101,2026-06-29,2026-05-24
900000000006210,1001,SH01,90210,2026-05-08,2026-10-31
900000000006211,1002,SH03,60652,2026-10-31,2026-10-31
900000000006212,1008,SH02,14201,2026-10-26,2026-08-16
900000000006213,1006,SH03,60652,2026-07-02,2026-06-29
900000000006214,1008,SH03,60652,2026-10-14,2026-10-31
900000000006215,1008,SH02,75201,2026-09-21,2026-10-21
900000000006216,1005,SH03,90210,2026-05-07,2026-10-11
900000000006217,1009,SH02,33101,2026-10-02,2026-07-11
900000000006218,1003,SH02,90210,2026-10-26,2026-06-09
900000000006219,1001,SH03,80201,2026-11-05,2026-10-02
900000000006220,1006,SH02,33101,2026-09-29,2026-06-29
900000000006221,1004,SH02,98101,2026-11-05,2026-11-24
900000000006222,1009,SH02,60601,2026-08-17,2026-10-26
900000000006223,1005,SH03,10001,2026-10-11,2026-07-10
900000000006224,1007,SH02,10001,2026-06-27,2026-10-26
900000000006225,1004,SH03,30301,2026-10-11,2026-06-09
900000000006226,1006,SH03,60601,2026-05-02,2026-09-29
900000000006227,1010,SH01,14201,2026-09-28,2026-05-08
900000000006228,1008,SH03,90210,2026-07-02,2026-09-29
900000000006229,1006,SH02,80201,2026-10-11,2026-07-11
900000000006230,1010,SH03,98101,2026-10-31,2026-06-10
900000000006231,1003,SH02,60652,2026-10-21,2026-06-27
900000000006232,1010,SH02,60652,2026-07-11,2026-10-31
900000000006233,1010,SH02,33101,2026-09-21,2026-06-26
900000000006234,1005,SH01,33101,2026-06-26,2026-05-09
900000000006235,1009,SH03,14201,2026-11-24,2026-05-02
900000000006236,1005,SH02,33101,2026-11-05,2026-10-26
900000000006237,1008,SH02,30301,2026-09-29,2026-11-05
900000000006238,1010,SH03,90210,2026-05-02,2026-06-29
900000000006239,1007,SH02,80201,2026-10-26,2026-07-11
900000000006240,1004,SH01,60601,2026-10-14,2026-07-02
900000000006241,1001,SH02,75201,2026-06-27,2026-08-16
900000000006242,1006,SH03,90210,2026-09-21,2026-05-08
900000000006243,1002,SH03,90210,2026-11-24,2026-05-09
900000000006244,1003,SH02,60601,2026-06-29,2026-09-21
900000000006245,1003,SH03,60601,2026-11-05,2026-08-17
900000000006246,1002,SH02,60652,2026-06-29,2026-06-29
900000000006247,1006,SH03,10001,2026-10-02,2026-11-24
900000000006248,1005,SH02,30301,2026-11-11,2026-07-02
900000000006249,1007,SH02,14201,2026-06-09,2026-06-10
900000000006250,1001,SH03,60601,2026-06-10,2026-11-23
900000000006251,1001,SH02,75201,2026-06-26,2026-08-17
900000000006252,1008,SH03,60601,2026-09-28,2026-06-27
900000000006253,1005,SH01,33101,2026-05-08,2026-11-24
900000000006254,1009,SH03,80201,2026-07-27,2026-06-09
900000000006255,1001,SH03,60601,2026-07-02,2026-09-21
900000000006256,1002,SH01,10001,2026-05-08,2026-10-27
900000000006257,1001,SH03,60601,2026-09-29,2026-11-11
900000000006258,1009,SH02,90210,2026-06-09,2026-11-23
900000000006259,1001,SH01,10001,2026-08-16,2026-11-23
900000000006260,1004,SH02,90210,2026-06-10,2026-10-27
900000000006261,1008,SH01,98101,2026-05-24,2026-10-27
900000000006262,1004,SH01,75201,2026-09-29,2026-10-11
900000000006263,1005,SH01,98101,2026-10-14,2026-10-31
900000000006264,1008,SH01,80201,2026-05-02,2026-10-26
900000000006265,1001,SH03,33101,2026-09-21,2026-11-11
900000000006266,1009,SH02,30301,2026-11-24,2026-08-16
900000000006267,1004,SH01,80201,2026-06-10,2026-09-29
900000000006268,1009,SH02,75201,2026-09-21,2026-09-21
900000000006269,1004,SH03,60652,2026-11-24,2026-06-09
900000000006270,1004,SH02,14201,2026-11-23,2026-10-14
900000000006271,1001,SH03,60652,2026-11-24,2026-10-31
900000000006272,1002,SH01,10001,2026-06-26,2026-06-26
900000000006273,1010,SH02,60652,2026-08-16,2026-11-05
900000000006274,1009,SH03,33101,2026-05-08,2026-05-02
900000000006275,1003,SH01,14201,2026-10-02,2026-07-11
900000000006276,1007,SH02,60652,2026-10-21,2026-11-05
900000000006277,1008,SH02,90210,2026-07-11,2026-06-27
900000000006278,1003,SH03,80201,2026-08-17,2026-11-23
900000000006279,1002,SH02,30301,2026-06-27,2026-10-14
900000000006280,1007,SH01,98101,2026-07-11,2026-10-11
900000000006281,1010,SH03,80201,2026-08-17,2026-08-17
900000000006282,1004,SH01,33101,2026-11-11,2026-10-26
900000000006283,1003,SH02,14201,2026-10-27,2026-07-10
900000000006284,1009,SH03,14201,2026-07-02,2026-10-02
900000000006285,1007,SH02,14201,2026-10-31,2026-05-08
900000000006286,1007,SH03,30301,2026-10-02,2026-06-29
900000000006287,1001,SH03,14201,2026-06-27,2026-10-31
900000000006288,1010,SH02,30301,2026-05-07,2026-10-31
900000000006289,1009,SH01,30301,2026-06-09,2026-06-29
900000000006290,1010,SH02,60652,2026-10-14,2026-07-27
900000000006291,1010,SH01,90210,2026-10-26,2026-11-11
900000000006292,1010,SH02,30301,2026-06-10,2026-08-17
900000000006293,1004,SH03,14201,2026-10-14,2026-11-23
900000000006294,1004,SH01,75201,2026-06-10,2026-11-23
900000000006295,1008,SH02,75201,2026-10-27,2026-08-17
900000000006296,1010,SH01,60652,2026-10-21,2026-07-27
900000000006297,1006,SH02,33101,2026-09-28,2026-09-29
900000000006298,1005,SH02,10001,2026-11-05,2026-06-10
900000000006299,1010,SH03,60601,2026-08-16,2026-09-28
900000000006300,1010,SH03,33101,2026-08-16,2026-09-29
900000000006301,1008,SH03,60652,2026-05-02,2026-06-26
900000000006302,1006,SH03,10001,2026-06-09,2026-10-21
900000000006303,1003,SH02,60601,2026-09-28,2026-05-08
900000000006304,1010,SH02,60601,2026-06-26,2026-05-24
900000000006305,1005,SH01,14201,2026-07-10,2026-10-31
900000000006306,1005,SH02,98101,2026-05-24,2026-10-21
900000000006307,1008,SH02,80201,2026-10-31,2026-08-16
900000000006308,1005,SH01,90210,2026-05-02,2026-07-27
900000000006309,1003,SH01,60601,2026-09-21,2026-05-07
900000000006310,1008,SH01,80201,2026-08-17,2026-10-31
900000000006311,1001,SH02,60652,2026-06-09,2026-06-10
900000000006312,1002,SH02,60601,2026-11-11,2026-05-08
900000000006313,1009,SH01,33101,2026-09-21,2026-05-09
900000000006314,1003,SH01,30301,2026-05-09,2026-11-11
900000000006315,1004,SH01,60601,2026-09-21,2026-07-11
900000000006316,1006,SH03,90210,2026-09-29,2026-11-24
900000000006317,1001,SH01,33101,2026-05-24,2026-07-02
900000000006318,1010,SH02,14201,2026-09-29,2026-10-02
900000000006319,1006,SH01,30301,2026-09-21,2026-05-09
900000000006320,1006,SH02,10001,2026-11-05,2026-06-09
900000000006321,1004,SH03,60601,2026-10-14,2026-11-11
900000000006322,1004,SH02,30301,2026-10-27,2026-06-10
900000000006323,1001,SH02,98101,2026-11-23,2026-05-02
900000000006324,1001,SH03,98101,2026-05-08,2026-10-14
900000000006325,1004,SH03,90210,2026-06-09,2026-10-27
900000000006326,1001,SH03,14201,2026-08-17,2026-06-26
900000000006327,1007,SH03,30301,2026-05-09,2026-06-10
900000000006328,1004,SH03,60601,2026-11-11,2026-05-09
900000000006329,1002,SH01,60652,2026-06-09,2026-06-09
900000000006330,1003,SH01,33101,2026-10-31,2026-11-23
900000000006331,1009,SH01,90210,2026-10-21,2026-06-09
900000000006332,1009,SH01,80201,2026-08-16,2026-07-02
900000000006333,1007,SH01,90210,2026-08-17,2026-06-26
900000000006334,1010,SH03,33101,2026-07-27,2026-07-02
900000000006335,1008,SH01,80201,2026-06-10,2026-11-05
900000000006336,1002,SH01,98101,2026-10-31,2026-07-02
900000000006337,1006,SH02,60652,2026-05-02,2026-05-02
900000000006338,1009,SH03,60601,2026-10-26,2026-07-11
900000000006339,1007,SH03,60652,2026-10-26,2026-06-27
900000000006340,1003,SH03,14201,2026-10-31,2026-06-27
900000000006341,1004,SH03,60601,2026-10-31,2026-06-09
900000000006342,1002,SH02,80201,2026-10-11,2026-06-29
900000000006343,1009,SH03,33101,2026-09-29,2026-09-28
900000000006344,1009,SH01,14201,2026-06-27,2026-10-11
900000000006345,1005,SH03,60652,2026-11-23,2026-06-29
900000000006346,1004,SH02,80201,2026-11-23,2026-06-27
900000000006347,1003,SH01,14201,2026-10-02,2026-07-10
900000000006348,1009,SH02,33101,2026-07-10,2026-05-09
900000000006349,1008,SH03,98101,2026-10-27,2026-07-11
900000000006350,1006,SH01,80201,2026-06-29,2026-10-14
900000000006351,1008,SH03,14201,2026-10-02,2026-05-08
900000000006352,1010,SH03,90210,2026-11-05,2026-05-07
900000000006353,1005,SH01,14201,2026-06-29,2026-10-21
900000000006354,1009,SH01,33101,2026-08-16,2026-10-02
900000000006355,1001,SH01,80201,2026-09-29,2026-06-29
900000000006356,1002,SH02,60601,2026-10-31,2026-08-16
900000000006357,1004,SH03,60601,2026-08-17,2026-06-29
900000000006358,1003,SH01,10001,2026-05-07,2026-06-27
900000000006359,1010,SH02,33101,2026-05-09,2026-05-09
900000000006360,1009,SH01,30301,2026-07-27,2026-11-23
900000000006361,1008,SH03,33101,2026-08-17,2026-05-08
900000000006362,1004,SH03,98101,2026-10-14,2026-11-24
900000000006363,1006,SH02,30301,2026-05-09,2026-10-27
900000000006364,1005,SH02,90210,2026-06-29,2026-11-24
900000000006365,1010,SH02,30301,2026-07-27,2026-08-17
900000000006366,1002,SH03,98101,2026-10-26,2026-07-02
900000000006367,1006,SH03,80201,2026-09-21,2026-07-11
900000000006368,1003,SH01,60652,2026-07-10,2026-05-07
900000000006369,1001,SH02,90210,2026-10-02,2026-07-11
900000000006370,1003,SH03,14201,2026-10-27,2026-10-31
900000000006371,1008,SH03,14201,2026-10-31,2026-05-07
900000000006372,1009,SH02,14201,2026-10-27,2026-09-29
900000000006373,1002,SH03,80201,2026-06-26,2026-11-11
900000000006374,1004,SH02,80201,2026-05-09,2026-11-24
900000000006375,1007,SH02,14201,2026-06-10,2026-08-16
900000000006376,1002,SH01,80201,2026-07-27,2026-10-27
900000000006377,1006,SH01,60601,2026-05-08,2026-11-23
900000000006378,1004,SH02,60601,2026-05-09,2026-05-24
900000000006379,1008,SH01,75201,2026-05-08,2026-09-29
900000000006380,1008,SH02,60652,2026-10-31,2026-08-17
900000000006381,1005,SH03,75201,2026-05-07,2026-05-07
900000000006382,1002,SH02,98101,2026-05-07,2026-06-27
900000000006383,1010,SH01,60601,2026-05-24,2026-06-26
900000000006384,1008,SH01,98101,2026-11-11,2026-10-26
900000000006385,1005,SH01,75201,2026-09-29,2026-07-10
900000000006386,1010,SH01,75201,2026-08-16,2026-08-16
900000000006387,1001,SH01,98101,2026-10-27,2026-10-27
900000000006388,1005,SH02,60601,2026-09-21,2026-09-21
900000000006389,1001,SH03,90210,2026-07-27,2026-05-24
900000000006390,1004,SH01,60652,2026-07-11,2026-10-21
900000000006391,1009,SH02,75201,2026-10-02,2026-09-29
900000000006392,1003,SH02,90210,2026-06-29,2026-10-02
900000000006393,1001,SH02,10001,2026-10-26,2026-09-28
900000000006394,1005,SH01,98101,2026-10-21,2026-05-07
900000000006395,1010,SH03,30301,2026-10-31,2026-07-02
900000000006396,1005,SH02,98101,2026-05-07,2026-09-28
900000000006397,1001,SH03,98101,2026-05-02,2026-06-27
900000000006398,1003,SH02,98101,2026-10-27,2026-06-29
900000000006399,1009,SH01,90210,2026-07-27,2026-10-14
900000000006400,1003,SH02,10001,2026-07-27,2026-09-28
900000000006401,1002,SH02,60652,2026-08-16,2026-05-24
900000000006402,1007,SH03,75201,2026-10-11,2026-05-07
900000000006403,1001,SH02,10001,2026-10-02,2026-06-26
900000000006404,1005,SH02,10001,2026-10-31,2026-05-02
900000000006405,1001,SH02,60601,2026-09-21,2026-10-31
900000000006406,1002,SH01,30301,2026-10-02,2026-05-08
900000000006407,1004,SH01,98101,2026-05-02,2026-11-24
900000000006408,1001,SH02,75201,2026-08-17,2026-11-23
900000000006409,1005,SH03,75201,2026-06-10,2026-07-27
900000000006410,1004,SH02,30301,2026-11-05,2026-05-24
900000000006411,1004,SH03,33101,2026-05-07,2026-08-16
900000000006412,1006,SH02,80201,2026-05-07,2026-11-23
900000000006413,1006,SH01,80201,2026-10-27,2026-05-08
900000000006414,1006,SH02,33101,2026-07-27,2026-11-23
900000000006415,1002,SH01,75201,2026-06-29,2026-07-02
900000000006416,1007,SH01,98101,2026-10-21,2026-05-02
900000000006417,1007,SH03,10001,2026-10-11,2026-11-23
900000000006418,1007,SH02,60601,2026-11-05,2026-09-29
900000000006419,1008,SH02,14201,2026-10-27,2026-11-05
900000000006420,1003,SH03,10001,2026-06-10,2026-08-17
900000000006421,1007,SH01,14201,2026-07-02,2026-05-09
900000000006422,1005,SH03,30301,2026-06-29,2026-11-23
900000000006423,1007,SH01,30301,2026-10-21,2026-10-27
900000000006424,1002,SH03,60652,2026-11-11,2026-07-11
900000000006425,1002,SH03,75201,2026-09-21,2026-07-27
900000000006426,1001,SH02,10001,2026-10-26,2026-05-02
900000000006427,1002,SH01,30301,2026-09-29,2026-07-02
900000000006428,1008,SH02,75201,2026-05-09,2026-06-09
900000000006429,1010,SH03,98101,2026-10-14,2026-11-05
900000000006430,1004,SH03,98101,2026-10-27,2026-10-14
900000000006431,1004,SH03,30301,2026-08-17,2026-10-02
900000000006432,1010,SH01,60652,2026-09-29,2026-09-29
900000000006433,1007,SH02,10001,2026-05-24,2026-10-27
900000000006434,1009,SH01,98101,2026-06-26,2026-06-09
900000000006435,1003,SH03,75201,2026-07-11,2026-09-29
900000000006436,1001,SH01,33101,2026-07-02,2026-09-21
900000000006437,1005,SH01,10001,2026-06-29,2026-10-02
900000000006438,1008,SH03,90210,2026-06-09,2026-05-08
900000000006439,1002,SH02,90210,2026-06-29,2026-06-10
900000000006440,1006,SH01,10001,2026-07-11,2026-10-11
900000000006441,1002,SH03,60601,2026-07-10,2026-05-09
900000000006442,1006,SH01,60652,2026-05-08,2026-07-10
900000000006443,1006,SH01,30301,2026-10-31,2026-08-16
900000000006444,1004,SH01,33101,2026-10-11,2026-09-28
900000000006445,1008,SH02,60652,2026-06-29,2026-06-09
900000000006446,1003,SH03,80201,2026-06-26,2026-10-27
900000000006447,1001,SH01,75201,2026-11-23,2026-10-02
900000000006448,1010,SH01,33101,2026-10-27,2026-10-14
900000000006449,1005,SH02,98101,2026-10-26,2026-10-14
900000000006450,1004,SH03,14201,2026-11-23,2026-10-21
900000000006451,1006,SH02,33101,2026-08-17,2026-07-02
900000000006452,1002,SH02,80201,2026-11-24,2026-10-02
900000000006453,1001,SH03,90210,2026-09-28,2026-05-07
900000000006454,1004,SH02,14201,2026-07-10,2026-09-29
900000000006455,1004,SH02,75201,2026-06-09,2026-10-11
900000000006456,1005,SH01,60601,2026-10-14,2026-06-09
900000000006457,1005,SH02,33101,2026-07-10,2026-06-09
900000000006458,1005,SH03,90210,2026-10-14,2026-07-02
900000000006459,1005,SH02,75201,2026-10-27,2026-09-28
900000000006460,1004,SH02,80201,2026-05-24,2026-06-29
900000000006461,1001,SH02,80201,2026-05-07,2026-10-21
900000000006462,1001,SH01,14201,2026-06-09,2026-09-21
900000000006463,1005,SH02,14201,2026-10-11,2026-10-21
900000000006464,1005,SH03,80201,2026-11-23,2026-10-27
900000000006465,1001,SH02,60601,2026-11-24,2026-09-21
900000000006466,1001,SH01,33101,2026-05-07,2026-07-27
900000000006467,1001,SH03,10001,2026-07-02,2026-05-09
900000000006468,1007,SH02,75201,2026-05-07,2026-11-11
900000000006469,1001,SH02,60652,2026-05-08,2026-11-11
900000000006470,1010,SH01,98101,2026-06-26,2026-10-26
900000000006471,1009,SH02,14201,2026-09-21,2026-08-17
900000000006472,1004,SH02,75201,2026-09-28,2026-11-05
900000000006473,1004,SH03,33101,2026-11-24,2026-11-11
900000000006474,1005,SH03,30301,2026-10-02,2026-07-10
900000000006475,1005,SH02,33101,2026-09-21,2026-09-29
900000000006476,1004,SH02,98101,2026-06-26,2026-07-27
900000000006477,1002,SH02,10001,2026-10-31,2026-05-09
900000000006478,1002,SH03,60652,2026-09-28,2026-07-11
900000000006479,1006,SH02,90210,2026-09-21,2026-10-26
900000000006480,1010,SH03,98101,2026-10-11,2026-11-05
900000000006481,1005,SH03,14201,2026-09-28,2026-07-11
900000000006482,1004,SH01,98101,2026-08-16,2026-10-26
900000000006483,1008,SH01,98101,2026-06-27,2026-09-28
900000000006484,1005,SH02,80201,2026-07-27,2026-05-02
900000000006485,1006,SH03,80201,2026-07-02,2026-06-29
900000000006486,1005,SH01,30301,2026-05-08,2026-10-21
900000000006487,1010,SH03,98101,2026-05-02,2026-11-05
900000000006488,1001,SH01,75201,2026-10-02,2026-10-26
900000000006489,1005,SH01,75201,2026-11-24,2026-10-31
900000000006490,1006,SH03,60652,2026-05-09,2026-10-26
900000000006491,1003,SH02,75201,2026-10-14,2026-05-24
900000000006492,1007,SH01,33101,2026-05-24,2026-10-11
900000000006493,1006,SH02,90210,2026-07-10,2026-10-26
900000000006494,1001,SH03,60652,2026-11-11,2026-11-23
900000000006495,1006,SH02,75201,2026-11-05,2026-07-11
900000000006496,1002,SH03,90210,2026-10-21,2026-06-09
900000000006497,1002,SH01,98101,2026-10-02,2026-05-02
900000000006498,1007,SH03,60652,2026-08-17,2026-05-24
900000000006499,1001,SH03,80201,2026-08-16,2026-10-02
900000000006500,1010,SH02,30301,2026-06-29,2026-10-02
900000000006501,1007,SH03,60601,2026-10-14,2026-06-27
900000000006502,1008,SH02,90210,2026-07-02,2026-07-10
900000000006503,1009,SH03,75201,2026-10-14,2026-07-11
900000000006504,1010,SH03,80201,2026-06-10,2026-11-11
900000000006505,1004,SH01,10001,2026-08-16,2026-07-27
900000000006506,1006,SH03,33101,2026-06-09,2026-05-07
900000000006507,1003,SH02,33101,2026-05-02,2026-06-27
900000000006508,1004,SH03,10001,2026-07-02,2026-10-02
900000000006509,1009,SH02,90210,2026-10-14,2026-06-26
900000000006510,1002,SH02,75201,2026-07-27,2026-11-23
900000000006511,1006,SH02,75201,2026-11-11,2026-08-16
900000000006512,1001,SH01,60652,2026-05-02,2026-09-29
900000000006513,1007,SH02,10001,2026-08-17,2026-11-24
900000000006514,1002,SH01,75201,2026-10-26,2026-05-07
900000000006515,1010,SH01,30301,2026-05-24,2026-11-23
900000000006516,1008,SH01,60652,2026-10-14,2026-09-29
900000000006517,1003,SH01,80201,2026-06-26,2026-10-31
900000000006518,1001,SH02,80201,2026-10-31,2026-05-02
900000000006519,1002,SH03,60601,2026-05-09,2026-07-11
900000000006520,1006,SH01,33101,2026-10-26,2026-05-24
900000000006521,1001,SH02,10001,2026-06-27,2026-05-09
900000000006522,1005,SH01,98101,2026-05-24,2026-06-27
900000000006523,1002,SH01,90210,2026-08-17,2026-11-05
900000000006524,1009,SH01,60652,2026-07-11,2026-10-31
900000000006525,1008,SH01,60652,2026-11-23,2026-10-21
900000000006526,1002,SH01,80201,2026-06-09,2026-07-27
900000000006527,1009,SH01,60652,2026-05-09,2026-10-21
900000000006528,1003,SH01,80201,2026-05-24,2026-05-02
900000000006529,1001,SH03,80201,2026-07-27,2026-07-10
900000000006530,1003,SH02,75201,2026-09-29,2026-07-11
900000000006531,1004,SH01,98101,2026-06-09,2026-11-11
900000000006532,1006,SH02,75201,2026-05-09,2026-11-23
900000000006533,1009,SH02,90210,2026-10-21,2026-05-08
900000000006534,1001,SH02,75201,2026-07-02,2026-10-27
900000000006535,1007,SH03,60601,2026-11-05,2026-06-27
900000000006536,1003,SH03,98101,2026-10-31,2026-09-29
900000000006537,1007,SH02,60652,2026-11-11,2026-09-29
900000000006538,1009,SH02,90210,2026-07-02,2026-05-02
900000000006539,1010,SH01,60652,2026-10-31,2026-09-21
900000000006540,1009,SH02,10001,2026-07-27,2026-09-21
900000000006541,1008,SH03,90210,2026-09-29,2026-07-10
900000000006542,1008,SH02,14201,2026-09-28,2026-05-08
900000000006543,1004,SH03,30301,2026-06-10,2026-06-27
900000000006544,1005,SH01,60652,2026-05-02,2026-11-11
900000000006545,1006,SH01,60652,2026-05-09,2026-05-24
900000000006546,1006,SH02,30301,2026-09-28,2026-10-11
900000000006547,1007,SH02,33101,2026-09-21,2026-05-09
900000000006548,1007,SH03,80201,2026-05-07,2026-06-26
900000000006549,1005,SH01,60652,2026-11-24,2026-05-24
900000000006550,1007,SH01,60652,2026-06-26,2026-06-27
900000000006551,1008,SH01,33101,2026-08-17,2026-10-31
900000000006552,1006,SH02,14201,2026-08-16,2026-07-02
900000000006553,1010,SH02,14201,2026-06-09,2026-10-11
900000000006554,1008,SH01,30301,2026-06-10,2026-10-14
900000000006555,1006,SH02,10001,2026-10-11,2026-07-10
900000000006556,1001,SH02,60601,2026-06-09,2026-10-27
900000000006557,1004,SH03,10001,2026-05-02,2026-10-02
900000000006558,1009,SH03,90210,2026-11-24,2026-10-14
900000000006559,1007,SH02,30301,2026-07-11,2026-11-11
900000000006560,1005,SH02,60652,2026-08-17,2026-10-21
900000000006561,1007,SH02,80201,2026-07-11,2026-05-09
900000000006562,1005,SH02,33101,2026-05-24,2026-05-24
900000000006563,1004,SH01,30301,2026-09-21,2026-07-27
900000000006564,1006,SH01,60601,2026-09-28,2026-10-14
900000000006565,1003,SH01,14201,2026-08-17,2026-06-29
900000000006566,1003,SH02,30301,2026-10-27,2026-07-10
900000000006567,1002,SH02,30301,2026-08-17,2026-09-29
900000000006568,1008,SH02,75201,2026-06-27,2026-10-02
900000000006569,1004,SH03,30301,2026-10-21,2026-09-21
900000000006570,1010,SH03,75201,2026-09-29,2026-06-10
900000000006571,1008,SH01,60601,2026-08-16,2026-07-10
900000000006572,1002,SH01,80201,2026-09-21,2026-11-11
900000000006573,1005,SH02,90210,2026-06-29,2026-06-29
900000000006574,1010,SH01,30301,2026-10-31,2026-05-08
900000000006575,1005,SH03,90210,2026-10-14,2026-10-21
900000000006576,1001,SH02,33101,2026-07-10,2026-06-29
900000000006577,1007,SH01,98101,2026-08-17,2026-06-26
900000000006578,1004,SH01,60601,2026-05-09,2026-09-28
900000000006579,1001,SH01,14201,2026-10-27,2026-10-21
900000000006580,1003,SH03,80201,2026-07-11,2026-06-29
900000000006581,1009,SH01,98101,2026-11-05,2026-07-11
900000000006582,1004,SH03,90210,2026-10-27,2026-08-17
900000000006583,1006,SH03,90210,2026-10-11,2026-07-27
900000000006584,1002,SH03,10001,2026-09-29,2026-10-31
900000000006585,1004,SH02,30301,2026-10-31,2026-10-02
900000000006586,1001,SH03,75201,2026-10-31,2026-11-23
900000000006587,1006,SH01,30301,2026-05-08,2026-09-28
900000000006588,1007,SH03,60652,2026-10-21,2026-05-07
900000000006589,1007,SH01,30301,2026-10-11,2026-10-31
900000000006590,1010,SH03,33101,2026-06-29,2026-09-21
900000000006591,1004,SH03,75201,2026-05-07,2026-07-02
900000000006592,1001,SH03,98101,2026-06-10,2026-06-27
900000000006593,1003,SH03,60601,2026-11-24,2026-07-27
900000000006594,1006,SH01,60601,2026-05-24,2026-09-21
900000000006595,1004,SH02,60601,2026-09-21,2026-06-27
900000000006596,1002,SH02,60652,2026-06-27,2026-10-11
900000000006597,1008,SH03,75201,2026-09-21,2026-11-23
900000000006598,1007,SH01,33101,2026-10-21,2026-11-24
900000000006599,1002,SH03,80201,2026-08-17,2026-11-05
900000000006600,1008,SH01,14201,2026-10-27,2026-07-02
900000000006601,1005,SH03,10001,2026-10-27,2026-05-24
900000000006602,1005,SH01,80201,2026-08-17,2026-05-07
900000000006603,1002,SH03,60652,2026-06-29,2026-11-05
900000000006604,1006,SH01,60601,2026-11-23,2026-05-02
900000000006605,1004,SH02,33101,2026-07-11,2026-09-28
900000000006606,1001,SH03,60601,2026-10-14,2026-06-27
900000000006607,1005,SH02,30301,2026-10-14,2026-09-29
900000000006608,1009,SH03,33101,2026-10-02,2026-06-26
900000000006609,1001,SH03,10001,2026-06-09,2026-06-26
900000000006610,1001,SH02,10001,2026-10-11,2026-10-14
900000000006611,1008,SH02,90210,2026-05-07,2026-10-02
900000000006612,1007,SH03,60601,2026-07-02,2026-10-27
900000000006613,1005,SH01,80201,2026-08-16,2026-06-27
900000000006614,1007,SH01,33101,2026-11-11,2026-06-10
900000000006615,1007,SH03,10001,2026-06-27,2026-10-11
900000000006616,1004,SH02,98101,2026-11-23,2026-11-24
900000000006617,1006,SH03,75201,2026-05-07,2026-10-02
900000000006618,1007,SH02,60652,2026-10-11,2026-05-09
900000000006619,1002,SH03,33101,2026-10-11,2026-06-29
900000000006620,1008,SH03,80201,2026-06-26,2026-08-16
900000000006621,1001,SH01,33101,2026-08-16,2026-07-02
900000000006622,1005,SH03,90210,2026-07-27,2026-06-26
900000000006623,1005,SH03,75201,2026-06-09,2026-05-02
900000000006624,1004,SH01,14201,2026-07-10,2026-07-27
900000000006625,1002,SH01,90210,2026-11-24,2026-10-14
900000000006626,1010,SH03,33101,2026-09-21,2026-05-08
900000000006627,1002,SH03,60652,2026-05-02,2026-07-02
900000000006628,1003,SH01,10001,2026-07-27,2026-06-27
900000000006629,1010,SH01,98101,2026-10-31,2026-05-02
900000000006630,1003,SH03,98101,2026-07-10,2026-11-24
900000000006631,1010,SH02,14201,2026-05-24,2026-09-29
900000000006632,1001,SH03,60652,2026-10-11,2026-11-05
900000000006633,1006,SH01,80201,2026-11-05,2026-06-09
900000000006634,1004,SH03,98101,2026-08-17,2026-06-26
900000000006635,1001,SH01,60601,2026-07-02,2026-09-29
900000000006636,1005,SH03,30301,2026-09-21,2026-07-02
900000000006637,1001,SH03,10001,2026-05-24,2026-05-07
900000000006638,1004,SH01,75201,2026-10-27,2026-10-02
900000000006639,1002,SH03,75201,2026-07-11,2026-11-23
900000000006640,1009,SH01,33101,2026-10-21,2026-07-10
900000000006641,1010,SH02,60652,2026-08-16,2026-07-11
900000000006642,1001,SH02,10001,2026-10-21,2026-10-11
900000000006643,1007,SH02,60652,2026-10-02,2026-06-09
900000000006644,1002,SH01,75201,2026-07-27,2026-09-29
900000000006645,1005,SH03,10001,2026-06-29,2026-05-08
900000000006646,1007,SH02,98101,2026-05-07,2026-05-09
900000000006647,1006,SH01,80201,2026-10-27,2026-10-31
900000000006648,1004,SH02,30301,2026-09-21,2026-07-10
900000000006649,1009,SH01,33101,2026-10-27,2026-07-02
900000000006650,1010,SH01,60652,2026-09-21,2026-09-29
900000000006651,1010,SH02,60601,2026-10-27,2026-11-24
900000000006652,1002,SH02,98101,2026-05-02,2026-10-14
900000000006653,1007,SH01,14201,2026-11-05,2026-10-21
900000000006654,1010,SH03,33101,2026-05-08,2026-05-07
900000000006655,1010,SH03,75201,2026-11-05,2026-07-10
900000000006656,1008,SH02,33101,2026-11-24,2026-11-24
900000000006657,1007,SH02,10001,2026-11-24,2026-10-14
900000000006658,1002,SH01,60652,2026-09-28,2026-10-21
900000000006659,1003,SH02,33101,2026-07-02,2026-11-11
900000000006660,1004,SH03,14201,2026-10-02,2026-11-24
900000000006661,1009,SH01,60652,2026-11-24,2026-10-02
900000000006662,1008,SH02,30301,2026-06-10,2026-10-02
900000000006663,1010,SH02,14201,2026-10-02,2026-07-02
900000000006664,1001,SH01,75201,2026-10-11,2026-05-08
900000000006665,1004,SH03,75201,2026-10-27,2026-10-26
900000000006666,1009,SH02,98101,2026-06-29,2026-06-09
900000000006667,1006,SH03,10001,2026-07-02,2026-06-10
900000000006668,1007,SH02,75201,2026-05-24,2026-06-10
900000000006669,1008,SH03,90210,2026-05-02,2026-05-24
900000000006670,1001,SH03,60601,2026-06-10,2026-10-27
900000000006671,1006,SH03,30301,2026-07-10,2026-10-27
900000000006672,1007,SH02,80201,2026-07-27,2026-09-21
900000000006673,1008,SH02,60601,2026-07-10,2026-09-28
900000000006674,1006,SH01,33101,2026-07-27,2026-07-27
900000000006675,1002,SH01,30301,2026-07-02,2026-08-17
900000000006676,1006,SH02,90210,2026-06-09,2026-07-27
900000000006677,1009,SH03,60601,2026-07-02,2026-10-02
900000000006678,1010,SH02,75201,2026-11-23,2026-06-26
900000000006679,1004,SH03,98101,2026-11-05,2026-07-11
900000000006680,1001,SH02,10001,2026-05-09,2026-10-21
900000000006681,1009,SH01,90210,2026-06-10,2026-05-08
900000000006682,1001,SH03,98101,2026-11-23,2026-10-26
900000000006683,1005,SH01,10001,2026-07-02,2026-07-02
900000000006684,1005,SH01,14201,2026-05-24,2026-05-08
900000000006685,1002,SH01,14201,2026-08-17,2026-10-14
900000000006686,1007,SH02,90210,2026-06-27,2026-06-10
900000000006687,1004,SH03,80201,2026-07-10,2026-05-24
900000000006688,1001,SH03,60652,2026-10-02,2026-09-28
900000000006689,1005,SH01,80201,2026-11-11,2026-06-29
900000000006690,1004,SH02,80201,2026-06-10,2026-07-10
900000000006691,1009,SH03,75201,2026-10-26,2026-11-23
900000000006692,1008,SH01,80201,2026-11-23,2026-09-29
900000000006693,1010,SH01,80201,2026-10-11,2026-10-26
900000000006694,1010,SH01,98101,2026-11-23,2026-08-16
900000000006695,1004,SH02,60652,2026-10-14,2026-05-07
900000000006696,1006,SH01,80201,2026-08-16,2026-05-08
900000000006697,1008,SH03,33101,2026-05-08,2026-11-05
900000000006698,1008,SH03,10001,2026-07-27,2026-11-11
900000000006699,1005,SH03,33101,2026-10-21,2026-05-07
900000000006700,1007,SH03,14201,2026-10-14,2026-10-11
900000000006701,1004,SH03,10001,2026-08-17,2026-07-27
900000000006702,1010,SH03,14201,2026-06-27,2026-06-29
900000000006703,1010,SH02,30301,2026-10-31,2026-05-09
900000000006704,1008,SH03,75201,2026-10-26,2026-07-10
900000000006705,1008,SH03,10001,2026-05-09,2026-05-09
900000000006706,1008,SH02,14201,2026-11-24,2026-10-26
900000000006707,1009,SH02,33101,2026-06-09,2026-05-24
900000000006708,1001,SH02,30301,2026-05-24,2026-08-16
900000000006709,1008,SH01,98101,2026-11-23,2026-06-26
900000000006710,1005,SH02,30301,2026-07-11,2026-06-29
900000000006711,1006,SH01,80201,2026-07-02,2026-06-09
900000000006712,1002,SH02,10001,2026-11-05,2026-11-05
900000000006713,1007,SH02,30301,2026-06-26,2026-05-08
900000000006714,1001,SH03,60652,2026-11-05,2026-07-10
900000000006715,1001,SH02,10001,2026-06-10,2026-11-23
900000000006716,1008,SH03,75201,2026-10-31,2026-09-21
900000000006717,1009,SH03,90210,2026-10-26,2026-09-29
900000000006718,1003,SH01,75201,2026-09-28,2026-09-29
900000000006719,1008,SH01,98101,2026-08-17,2026-10-11
900000000006720,1009,SH02,60652,2026-11-23,2026-10-02
900000000006721,1004,SH03,98101,2026-06-29,2026-10-21
900000000006722,1004,SH03,60652,2026-10-11,2026-06-09
900000000006723,1001,SH01,30301,2026-10-14,2026-10-26
900000000006724,1007,SH02,60652,2026-07-02,2026-11-24
900000000006725,1005,SH03,60601,2026-11-11,2026-06-10
900000000006726,1004,SH02,14201,2026-05-08,2026-10-27
900000000006727,1002,SH02,60652,2026-06-27,2026-06-10
900000000006728,1001,SH02,75201,2026-09-29,2026-07-10
900000000006729,1001,SH02,33101,2026-07-02,2026-09-28
900000000006730,1008,SH01,80201,2026-11-24,2026-10-26
900000000006731,1002,SH02,80201,2026-06-26,2026-07-27
900000000006732,1004,SH02,90210,2026-11-24,2026-08-16
900000000006733,1001,SH01,33101,2026-07-11,2026-11-11
900000000006734,1003,SH03,10001,2026-06-09,2026-10-31
900000000006735,1010,SH01,90210,2026-06-29,2026-09-21
900000000006736,1008,SH03,90210,2026-09-29,2026-05-07
900000000006737,1008,SH02,60652,2026-10-11,2026-05-09
900000000006738,1006,SH01,98101,2026-06-26,2026-10-26
900000000006739,1004,SH02,80201,2026-07-27,2026-07-02
900000000006740,1004,SH01,60652,2026-06-27,2026-06-29
900000000006741,1001,SH01,98101,2026-10-14,2026-10-27
900000000006742,1004,SH01,75201,2026-08-16,2026-10-26
900000000006743,1006,SH02,10001,2026-10-27,2026-08-17
900000000006744,1009,SH01,14201,2026-09-21,2026-11-24
900000000006745,1005,SH01,60652,2026-06-29,2026-11-05
900000000006746,1009,SH03,30301,2026-09-28,2026-10-11
900000000006747,1001,SH02,75201,2026-11-05,2026-06-09
900000000006748,1003,SH01,98101,2026-10-31,2026-06-26
900000000006749,1006,SH03,14201,2026-09-28,2026-11-05
900000000006750,1003,SH03,14201,2026-06-09,2026-09-29
900000000006751,1005,SH03,80201,2026-07-02,2026-06-29
900000000006752,1009,SH02,10001,2026-10-27,2026-07-27
900000000006753,1004,SH03,80201,2026-10-14,2026-07-11
900000000006754,1009,SH01,80201,2026-06-10,2026-09-29
900000000006755,1008,SH01,80201,2026-05-09,2026-11-05
900000000006756,1007,SH01,14201,2026-09-28,2026-07-11
900000000006757,1001,SH01,98101,2026-10-02,2026-11-23
900000000006758,1004,SH02,90210,2026-05-24,2026-06-10
900000000006759,1004,SH01,33101,2026-11-11,2026-06-27
900000000006760,1010,SH03,98101,2026-06-10,2026-09-21
900000000006761,1001,SH02,33101,2026-08-17,2026-09-29
900000000006762,1008,SH03,90210,2026-05-02,2026-07-02
900000000006763,1006,SH02,10001,2026-10-31,2026-05-02
900000000006764,1005,SH02,30301,2026-08-16,2026-08-16
900000000006765,1001,SH02,80201,2026-11-05,2026-05-08
900000000006766,1003,SH03,30301,2026-11-11,2026-09-28
900000000006767,1004,SH01,14201,2026-05-08,2026-06-27
900000000006768,1001,SH01,60652,2026-11-11,2026-10-11
900000000006769,1007,SH01,14201,2026-08-17,2026-10-02
900000000006770,1010,SH01,14201,2026-10-31,2026-06-09
900000000006771,1005,SH03,14201,2026-09-29,2026-10-27
900000000006772,1002,SH03,75201,2026-08-16,2026-06-10
900000000006773,1010,SH02,10001,2026-10-31,2026-06-29
900000000006774,1002,SH01,33101,2026-06-27,2026-10-14
900000000006775,1006,SH01,30301,2026-06-27,2026-05-09
900000000006776,1004,SH03,75201,2026-11-24,2026-10-31
900000000006777,1002,SH03,30301,2026-08-17,2026-06-09
900000000006778,1010,SH02,90210,2026-11-05,2026-07-27
900000000006779,1004,SH03,33101,2026-10-26,2026-07-10
900000000006780,1006,SH01,75201,2026-11-23,2026-11-23
900000000006781,1007,SH02,30301,2026-07-11,2026-05-08
900000000006782,1002,SH03,14201,2026-05-07,2026-05-07
900000000006783,1005,SH02,80201,2026-07-10,2026-09-21
900000000006784,1006,SH03,75201,2026-05-09,2026-05-02
900000000006785,1007,SH02,10001,2026-11-05,2026-05-24
900000000006786,1008,SH01,75201,2026-11-23,2026-09-21
900000000006787,1007,SH02,98101,2026-10-27,2026-06-10
900000000006788,1010,SH01,33101,2026-09-28,2026-09-29
900000000006789,1001,SH01,75201,2026-10-31,2026-10-26
900000000006790,1010,SH03,60652,2026-06-26,2026-07-02
900000000006791,1004,SH01,75201,2026-11-24,2026-05-07
900000000006792,1005,SH03,14201,2026-05-09,2026-05-08
900000000006793,1003,SH03,90210,2026-05-09,2026-08-17
900000000006794,1003,SH02,60601,2026-11-23,2026-08-16
900000000006795,1009,SH03,33101,2026-08-17,2026-08-17
900000000006796,1003,SH02,60601,2026-09-28,2026-09-21
900000000006797,1004,SH02,33101,2026-11-05,2026-10-02
900000000006798,1007,SH01,60601,2026-06-26,2026-11-11
900000000006799,1006,SH03,60601,2026-06-09,2026-05-24
900000000006800,1006,SH01,14201,2026-08-17,2026-07-27
900000000006801,1004,SH02,33101,2026-06-10,2026-10-14
900000000006802,1001,SH03,75201,2026-05-08,2026-10-21
900000000006803,1003,SH02,30301,2026-10-11,2026-11-23
900000000006804,1002,SH03,33101,2026-06-26,2026-11-24
900000000006805,1002,SH02,60601,2026-07-02,2026-10-02
900000000006806,1001,SH02,14201,2026-11-11,2026-05-24
900000000006807,1003,SH02,60601,2026-07-10,2026-06-29
900000000006808,1008,SH01,80201,2026-06-27,2026-10-02
900000000006809,1006,SH01,14201,2026-06-27,2026-05-08
900000000006810,1004,SH03,30301,2026-09-29,2026-07-02
900000000006811,1009,SH01,10001,2026-05-02,2026-07-11
900000000006812,1010,SH03,14201,2026-06-09,2026-10-21
900000000006813,1006,SH03,33101,2026-05-08,2026-05-09
900000000006814,1002,SH01,33101,2026-10-14,2026-07-02
900000000006815,1009,SH03,75201,2026-07-10,2026-10-27
900000000006816,1010,SH01,75201,2026-10-31,2026-09-28
900000000006817,1009,SH02,80201,2026-07-11,2026-10-27
900000000006818,1009,SH01,98101,2026-10-11,2026-07-02
900000000006819,1003,SH03,14201,2026-06-10,2026-06-09
900000000006820,1003,SH02,98101,2026-06-26,2026-11-05
900000000006821,1005,SH01,30301,2026-06-29,2026-07-02
900000000006822,1004,SH02,30301,2026-07-11,2026-05-24
900000000006823,1007,SH02,80201,2026-11-24,2026-05-08
900000000006824,1010,SH03,98101,2026-10-21,2026-05-24
900000000006825,1003,SH01,33101,2026-10-11,2026-08-16
900000000006826,1002,SH03,80201,2026-05-24,2026-10-26
900000000006827,1001,SH01,60601,2026-07-02,2026-06-27
900000000006828,1002,SH03,60652,2026-07-11,2026-10-31
900000000006829,1008,SH02,14201,2026-05-02,2026-09-21
900000000006830,1006,SH01,75201,2026-06-09,2026-07-11
900000000006831,1004,SH03,10001,2026-05-09,2026-11-05
900000000006832,1002,SH03,80201,2026-10-27,2026-11-05
900000000006833,1003,SH02,60652,2026-10-26,2026-10-26
900000000006834,1001,SH02,75201,2026-06-29,2026-05-09
900000000006835,1004,SH01,75201,2026-10-26,2026-05-24
900000000006836,1009,SH02,60601,2026-05-24,2026-05-08
900000000006837,1001,SH03,98101,2026-11-11,2026-07-11
900000000006838,1010,SH02,10001,2026-10-02,2026-07-10
900000000006839,1003,SH03,30301,2026-10-11,2026-06-29
900000000006840,1007,SH03,60601,2026-06-27,2026-11-05
900000000006841,1006,SH01,33101,2026-08-17,2026-07-02
900000000006842,1006,SH02,98101,2026-06-27,2026-08-16
900000000006843,1001,SH01,98101,2026-05-07,2026-06-09
900000000006844,1001,SH02,80201,2026-10-26,2026-10-14
900000000006845,1005,SH02,10001,2026-08-16,2026-05-07
900000000006846,1010,SH01,60601,2026-06-27,2026-09-29
900000000006847,1005,SH02,80201,2026-05-07,2026-07-10
900000000006848,1004,SH03,90210,2026-09-21,2026-05-09
900000000006849,1002,SH02,14201,2026-05-24,2026-09-28
900000000006850,1005,SH01,98101,2026-11-11,2026-05-08
900000000006851,1001,SH02,75201,2026-08-16,2026-09-29
900000000006852,1005,SH02,10001,2026-06-29,2026-07-10
900000000006853,1001,SH02,80201,2026-10-27,2026-05-24
900000000006854,1006,SH02,90210,2026-10-31,2026-07-27
900000000006855,1004,SH01,75201,2026-07-27,2026-10-11
900000000006856,1001,SH01,98101,2026-08-17,2026-06-27
900000000006857,1003,SH01,90210,2026-06-09,2026-07-02
900000000006858,1007,SH02,14201,2026-10-14,2026-06-26
900000000006859,1008,SH02,33101,2026-05-02,2026-05-24
900000000006860,1003,SH02,90210,2026-09-28,2026-05-07
900000000006861,1002,SH02,60601,2026-10-14,2026-05-24
900000000006862,1004,SH03,60601,2026-09-28,2026-07-10
900000000006863,1006,SH01,60652,2026-05-09,2026-07-27
900000000006864,1001,SH03,60601,2026-11-11,2026-09-28
900000000006865,1004,SH02,33101,2026-06-09,2026-10-31
900000000006866,1006,SH02,10001,2026-11-11,2026-10-14
900000000006867,1006,SH01,30301,2026-06-10,2026-11-11
900000000006868,1004,SH03,75201,2026-11-24,2026-09-21
900000000006869,1005,SH01,33101,2026-08-16,2026-05-09
900000000006870,1010,SH01,80201,2026-05-02,2026-10-11
900000000006871,1006,SH02,14201,2026-07-27,2026-06-09
900000000006872,1005,SH02,60601,2026-05-08,2026-10-27
900000000006873,1005,SH01,30301,2026-06-09,2026-05-24
900000000006874,1001,SH02,75201,2026-06-09,2026-05-09
900000000006875,1004,SH02,30301,2026-11-24,2026-07-10
900000000006876,1004,SH01,98101,2026-08-16,2026-09-29
900000000006877,1006,SH01,98101,2026-05-08,2026-08-17
900000000006878,1003,SH03,10001,2026-10-21,2026-11-23
900000000006879,1006,SH01,90210,2026-05-02,2026-11-24
900000000006880,1008,SH01,80201,2026-08-17,2026-10-21
900000000006881,1004,SH02,30301,2026-05-09,2026-07-10
900000000006882,1010,SH02,98101,2026-05-24,2026-06-10
900000000006883,1010,SH01,33101,2026-10-14,2026-10-02
900000000006884,1005,SH03,90210,2026-10-27,2026-07-02
900000000006885,1006,SH02,98101,2026-10-26,2026-05-07
900000000006886,1008,SH03,60601,2026-07-27,2026-09-29
900000000006887,1005,SH02,90210,2026-11-23,2026-06-09
900000000006888,1009,SH01,60652,2026-10-26,2026-09-21
900000000006889,1008,SH01,90210,2026-09-28,2026-11-11
900000000006890,1006,SH02,75201,2026-09-29,2026-10-26
900000000006891,1005,SH01,90210,2026-05-24,2026-08-16
900000000006892,1006,SH01,33101,2026-06-09,2026-11-11
900000000006893,1009,SH02,60652,2026-09-28,2026-05-08
900000000006894,1005,SH03,80201,2026-05-07,2026-09-21
900000000006895,1007,SH01,14201,2026-05-07,2026-05-08
900000000006896,1001,SH02,30301,2026-07-10,2026-07-02
900000000006897,1009,SH02,33101,2026-10-21,2026-06-26
900000000006898,1001,SH01,90210,2026-05-07,2026-05-07
900000000006899,1010,SH01,75201,2026-06-10,2026-09-28
900000000006900,1008,SH02,10001,2026-07-11,2026-11-23
900000000006901,1010,SH03,90210,2026-11-23,2026-05-07
900000000006902,1002,SH01,80201,2026-11-23,2026-07-11
900000000006903,1008,SH03,98101,2026-05-02,2026-06-10
900000000006904,1009,SH03,60601,2026-08-16,2026-06-27
900000000006905,1001,SH03,10001,2026-10-02,2026-06-26
900000000006906,1009,SH01,10001,2026-06-26,2026-09-21
900000000006907,1008,SH01,30301,2026-05-07,2026-06-27
900000000006908,1007,SH01,60601,2026-11-23,2026-10-21
900000000006909,1003,SH02,80201,2026-10-21,2026-10-27
900000000006910,1001,SH02,10001,2026-05-09,2026-07-11
900000000006911,1005,SH03,80201,2026-10-11,2026-07-10
900000000006912,1010,SH02,80201,2026-08-17,2026-09-28
900000000006913,1009,SH03,14201,2026-11-05,2026-10-31
900000000006914,1007,SH01,75201,2026-07-10,2026-11-23
900000000006915,1008,SH02,80201,2026-06-26,2026-10-31
900000000006916,1010,SH01,60601,2026-05-09,2026-06-10
900000000006917,1008,SH01,60601,2026-10-14,2026-05-08
900000000006918,1004,SH02,98101,2026-05-24,2026-06-09
900000000006919,1006,SH03,33101,2026-05-09,2026-07-27
900000000006920,1006,SH02,60652,2026-05-07,2026-06-09
900000000006921,1006,SH01,98101,2026-08-17,2026-05-09
900000000006922,1004,SH03,30301,2026-06-29,2026-09-28
900000000006923,1010,SH01,75201,2026-06-09,2026-10-02
900000000006924,1009,SH03,60601,2026-07-02,2026-08-16
900000000006925,1010,SH01,30301,2026-10-27,2026-08-16
900000000006926,1009,SH01,75201,2026-10-14,2026-10-02
900000000006927,1004,SH02,60652,2026-06-09,2026-07-11
900000000006928,1008,SH01,80201,2026-07-27,2026-11-11
900000000006929,1003,SH01,33101,2026-05-24,2026-05-24
900000000006930,1002,SH01,75201,2026-08-17,2026-10-27
900000000006931,1001,SH01,14201,2026-11-24,2026-11-24
900000000006932,1005,SH02,33101,2026-06-26,2026-09-29
900000000006933,1009,SH03,14201,2026-08-16,2026-11-11
900000000006934,1007,SH03,14201,2026-06-29,2026-11-05
900000000006935,1001,SH01,30301,2026-05-09,2026-11-11
900000000006936,1006,SH02,75201,2026-06-10,2026-11-23
900000000006937,1007,SH01,75201,2026-10-26,2026-09-29
900000000006938,1003,SH02,30301,2026-07-02,2026-05-24
900000000006939,1010,SH03,60601,2026-11-11,2026-09-29
900000000006940,1004,SH03,90210,2026-10-14,2026-10-02
900000000006941,1010,SH03,80201,2026-07-11,2026-06-26
900000000006942,1009,SH01,75201,2026-07-02,2026-06-10
900000000006943,1004,SH01,60652,2026-09-21,2026-11-11
900000000006944,1001,SH02,60601,2026-06-10,2026-05-07
900000000006945,1003,SH03,80201,2026-10-14,2026-11-05
900000000006946,1007,SH01,90210,2026-11-23,2026-08-16
900000000006947,1001,SH02,98101,2026-07-27,2026-08-17
900000000006948,1008,SH02,33101,2026-11-23,2026-08-16
900000000006949,1004,SH03,60652,2026-10-14,2026-08-17
900000000006950,1003,SH02,90210,2026-10-14,2026-05-24
900000000006951,1010,SH03,10001,2026-05-08,2026-10-27
900000000006952,1005,SH01,80201,2026-11-11,2026-11-23
900000000006953,1003,SH01,75201,2026-07-02,2026-06-09
900000000006954,1006,SH01,60652,2026-11-05,2026-10-26
900000000006955,1003,SH03,14201,2026-10-31,2026-08-16
900000000006956,1010,SH03,60652,2026-10-14,2026-05-24
900000000006957,1005,SH03,33101,2026-10-14,2026-07-10
900000000006958,1008,SH01,33101,2026-11-05,2026-10-21
900000000006959,1004,SH02,30301,2026-10-11,2026-05-08
900000000006960,1002,SH03,98101,2026-09-29,2026-05-09
900000000006961,1008,SH02,98101,2026-09-29,2026-05-02
900000000006962,1006,SH01,14201,2026-06-29,2026-05-09
900000000006963,1004,SH02,14201,2026-11-23,2026-07-02
900000000006964,1007,SH02,33101,2026-10-14,2026-11-24
900000000006965,1009,SH01,60652,2026-06-09,2026-07-27
900000000006966,1007,SH03,98101,2026-11-05,2026-07-10
900000000006967,1001,SH02,14201,2026-06-10,2026-10-02
900000000006968,1009,SH01,98101,2026-10-11,2026-05-24
900000000006969,1010,SH02,14201,2026-05-02,2026-09-28
900000000006970,1005,SH01,30301,2026-09-21,2026-05-09
900000000006971,1006,SH03,33101,2026-05-09,2026-10-27
900000000006972,1008,SH01,80201,2026-10-02,2026-09-29
900000000006973,1003,SH02,60601,2026-09-21,2026-10-02
900000000006974,1009,SH03,30301,2026-10-11,2026-07-10
900000000006975,1008,SH03,80201,2026-05-09,2026-05-24
900000000006976,1007,SH02,14201,2026-05-02,2026-06-10
900000000006977,1002,SH01,90210,2026-11-11,2026-06-27
900000000006978,1006,SH01,10001,2026-09-29,2026-06-10
900000000006979,1001,SH02,80201,2026-07-02,2026-05-07
900000000006980,1005,SH02,75201,2026-05-08,2026-05-02
900000000006981,1009,SH01,90210,2026-10-26,2026-05-08
900000000006982,1009,SH02,30301,2026-10-11,2026-07-10
900000000006983,1009,SH02,60652,2026-11-24,2026-07-10
900000000006984,1003,SH01,98101,2026-11-24,2026-10-11
900000000006985,1003,SH02,60652,2026-09-28,2026-07-11
900000000006986,1006,SH01,60601,2026-10-26,2026-05-02
900000000006987,1010,SH03,60652,2026-10-26,2026-05-09
900000000006988,1010,SH03,98101,2026-11-23,2026-11-11
900000000006989,1008,SH02,60601,2026-11-05,2026-10-14
900000000006990,1005,SH03,33101,2026-11-23,2026-05-24
900000000006991,1004,SH03,98101,2026-05-09,2026-07-10
900000000006992,1001,SH01,80201,2026-05-24,2026-06-10
900000000006993,1006,SH03,98101,2026-10-14,2026-05-09
900000000006994,1004,SH02,30301,2026-06-29,2026-10-27
900000000006995,1001,SH02,14201,2026-06-29,2026-10-14
900000000006996,1004,SH02,75201,2026-06-10,2026-06-09
900000000006997,1005,SH01,30301,2026-10-31,2026-11-11
900000000006998,1008,SH02,90210,2026-05-02,2026-05-08
900000000006999,1005,SH03,75201,2026-10-27,2026-11-05
900000000007000,1004,SH03,60601,2026-09-28,2026-08-17
900000000007001,1008,SH02,10001,2026-07-02,2026-06-09
900000000007002,1008,SH02,90210,2026-09-28,2026-06-29
900000000007003,1004,SH02,98101,2026-07-27,2026-06-09
900000000007004,1006,SH02,33101,2026-11-05,2026-11-05
900000000007005,1004,SH01,60601,2026-10-31,2026-10-26
900000000007006,1002,SH02,80201,2026-05-08,2026-08-16
900000000007007,1004,SH03,80201,2026-11-24,2026-11-11
900000000007008,1006,SH02,33101,2026-07-02,2026-07-27
900000000007009,1010,SH01,90210,2026-06-29,2026-09-29
900000000007010,1006,SH02,60652,2026-11-11,2026-06-26
900000000007011,1010,SH01,30301,2026-07-02,2026-11-24
900000000007012,1003,SH03,80201,2026-10-27,2026-09-28
900000000007013,1006,SH01,14201,2026-07-27,2026-05-09
900000000007014,1005,SH01,80201,2026-10-11,2026-05-24
900000000007015,1007,SH03,14201,2026-09-21,2026-07-27
900000000007016,1002,SH02,80201,2026-07-11,2026-07-02
900000000007017,1003,SH01,90210,2026-06-26,2026-05-07
900000000007018,1001,SH02,98101,2026-10-26,2026-10-27
900000000007019,1007,SH01,98101,2026-09-21,2026-05-09
900000000007020,1009,SH02,98101,2026-09-21,2026-05-09
900000000007021,1005,SH02,75201,2026-09-28,2026-06-10
900000000007022,1009,SH01,75201,2026-10-31,2026-05-08
900000000007023,1001,SH01,33101,2026-10-02,2026-10-21
900000000007024,1004,SH02,33101,2026-09-29,2026-07-11
900000000007025,1008,SH01,60652,2026-11-11,2026-10-26
900000000007026,1002,SH02,33101,2026-11-11,2026-07-11
900000000007027,1005,SH01,98101,2026-06-26,2026-05-24
900000000007028,1009,SH02,98101,2026-07-11,2026-11-05
900000000007029,1008,SH03,30301,2026-11-05,2026-06-29
900000000007030,1008,SH03,30301,2026-06-10,2026-09-29
900000000007031,1007,SH02,14201,2026-06-27,2026-11-11
900000000007032,1010,SH03,80201,2026-07-02,2026-10-14
900000000007033,1009,SH01,90210,2026-07-27,2026-06-26
900000000007034,1005,SH01,75201,2026-07-02,2026-07-11
900000000007035,1009,SH01,10001,2026-07-27,2026-06-29
900000000007036,1006,SH01,60601,2026-05-09,2026-05-09
900000000007037,1005,SH01,60601,2026-10-27,2026-06-26
900000000007038,1004,SH02,33101,2026-10-27,2026-11-11
900000000007039,1003,SH02,10001,2026-05-24,2026-06-27
900000000007040,1005,SH02,30301,2026-10-21,2026-11-24
900000000007041,1002,SH02,98101,2026-09-21,2026-07-11
900000000007042,1004,SH03,98101,2026-10-31,2026-06-09
900000000007043,1001,SH01,90210,2026-07-27,2026-06-27
900000000007044,1003,SH02,14201,2026-06-26,2026-06-29
900000000007045,1010,SH01,33101,2026-05-09,2026-10-21
900000000007046,1006,SH03,60652,2026-08-17,2026-06-10
900000000007047,1006,SH03,60601,2026-10-27,2026-09-29
900000000007048,1004,SH01,60652,2026-10-11,2026-10-26
900000000007049,1009,SH03,10001,2026-10-31,2026-09-29
900000000007050,1004,SH01,10001,2026-07-27,2026-11-11
900000000007051,1010,SH02,10001,2026-09-21,2026-11-11
900000000007052,1006,SH01,75201,2026-06-27,2026-10-11
900000000007053,1009,SH02,98101,2026-09-29,2026-11-05
900000000007054,1005,SH02,14201,2026-10-27,2026-10-31
900000000007055,1003,SH02,14201,2026-09-28,2026-11-11
900000000007056,1001,SH02,30301,2026-10-14,2026-09-28
900000000007057,1002,SH02,90210,2026-07-10,2026-06-26
900000000007058,1004,SH03,90210,2026-10-26,2026-06-29
900000000007059,1005,SH03,10001,2026-05-02,2026-11-05
900000000007060,1008,SH01,30301,2026-06-27,2026-05-02
900000000007061,1004,SH02,75201,2026-06-29,2026-10-11
900000000007062,1001,SH03,14201,2026-09-21,2026-08-17
900000000007063,1008,SH03,60652,2026-10-31,2026-10-31
900000000007064,1002,SH01,80201,2026-10-11,2026-06-26
900000000007065,1006,SH01,30301,2026-05-02,2026-10-14
900000000007066,1010,SH03,98101,2026-05-24,2026-10-21
900000000007067,1008,SH01,90210,2026-05-24,2026-06-10
900000000007068,1005,SH03,33101,2026-08-16,2026-07-02
900000000007069,1003,SH01,60652,2026-05-09,2026-10-31
900000000007070,1008,SH02,30301,2026-07-27,2026-06-10
900000000007071,1009,SH02,30301,2026-06-29,2026-05-24
900000000007072,1006,SH03,33101,2026-11-23,2026-11-11
900000000007073,1002,SH01,30301,2026-09-29,2026-10-14
900000000007074,1005,SH02,30301,2026-11-05,2026-05-08
900000000007075,1007,SH01,90210,2026-06-29,2026-09-21
900000000007076,1009,SH02,33101,2026-06-27,2026-09-29
900000000007077,1007,SH01,14201,2026-05-24,2026-05-24
900000000007078,1006,SH03,10001,2026-11-24,2026-05-02
900000000007079,1008,SH01,30301,2026-07-27,2026-09-21
900000000007080,1007,SH03,14201,2026-05-02,2026-07-27
900000000007081,1003,SH01,33101,2026-05-02,2026-08-16
900000000007082,1003,SH01,14201,2026-07-10,2026-10-21
900000000007083,1001,SH01,80201,2026-10-11,2026-11-24
900000000007084,1002,SH02,33101,2026-06-26,2026-09-29
900000000007085,1003,SH01,98101,2026-07-02,2026-07-11
900000000007086,1006,SH03,10001,2026-07-10,2026-05-09
900000000007087,1006,SH01,60601,2026-05-02,2026-10-27
900000000007088,1006,SH02,98101,2026-06-26,2026-09-29
900000000007089,1010,SH02,33101,2026-11-23,2026-05-24
900000000007090,1010,SH01,60601,2026-10-27,2026-10-02
900000000007091,1010,SH03,30301,2026-11-05,2026-06-26
900000000007092,1008,SH02,60601,2026-05-09,2026-07-02
900000000007093,1001,SH02,60652,2026-10-11,2026-11-24
900000000007094,1002,SH03,33101,2026-10-11,2026-06-10
900000000007095,1001,SH01,10001,2026-10-26,2026-09-29
900000000007096,1004,SH03,90210,2026-06-26,2026-10-26
900000000007097,1006,SH02,60652,2026-06-10,2026-05-02
900000000007098,1010,SH02,14201,2026-09-28,2026-11-05
900000000007099,1002,SH02,60601,2026-06-26,2026-06-29
900000000007100,1007,SH01,80201,2026-11-11,2026-10-27
900000000007101,1008,SH02,60652,2026-06-26,2026-10-02
900000000007102,1007,SH01,80201,2026-11-24,2026-09-21
900000000007103,1002,SH01,75201,2026-10-31,2026-11-11
900000000007104,1003,SH02,90210,2026-09-29,2026-05-02
900000000007105,1008,SH02,80201,2026-05-24,2026-09-21
900000000007106,1009,SH01,10001,2026-07-27,2026-11-23
900000000007107,1004,SH02,33101,2026-09-28,2026-09-29
900000000007108,1010,SH02,30301,2026-05-07,2026-11-23
900000000007109,1003,SH03,98101,2026-11-05,2026-10-14
900000000007110,1009,SH01,98101,2026-05-02,2026-06-29
900000000007111,1008,SH03,75201,2026-11-05,2026-11-11
900000000007112,1004,SH03,80201,2026-10-11,2026-10-14
900000000007113,1005,SH01,60652,2026-10-27,2026-10-27
900000000007114,1010,SH02,80201,2026-05-09,2026-06-27
900000000007115,1001,SH03,90210,2026-10-31,2026-05-08
900000000007116,1005,SH03,14201,2026-07-27,2026-05-08
900000000007117,1002,SH01,33101,2026-09-28,2026-07-02
900000000007118,1007,SH01,30301,2026-05-09,2026-10-27
900000000007119,1010,SH03,33101,2026-06-26,2026-11-05
900000000007120,1005,SH03,33101,2026-10-27,2026-05-07
900000000007121,1008,SH01,60652,2026-10-14,2026-10-27
900000000007122,1009,SH02,98101,2026-10-14,2026-06-09
900000000007123,1007,SH02,14201,2026-09-28,2026-09-21
900000000007124,1001,SH01,75201,2026-05-08,2026-10-21
900000000007125,1005,SH01,33101,2026-06-10,2026-09-28
900000000007126,1007,SH03,75201,2026-09-28,2026-10-21
900000000007127,1003,SH01,14201,2026-11-24,2026-07-11
900000000007128,1006,SH01,60652,2026-10-21,2026-07-10
900000000007129,1005,SH03,14201,2026-06-26,2026-10-31
900000000007130,1006,SH03,14201,2026-11-23,2026-10-02
900000000007131,1001,SH03,30301,2026-06-26,2026-11-23
900000000007132,1001,SH01,60601,2026-07-11,2026-11-05
900000000007133,1010,SH02,14201,2026-05-08,2026-05-08
900000000007134,1010,SH01,80201,2026-07-27,2026-11-05
900000000007135,1006,SH01,14201,2026-10-27,2026-07-27
900000000007136,1004,SH02,30301,2026-05-02,2026-09-29
900000000007137,1008,SH03,75201,2026-05-08,2026-06-10
900000000007138,1009,SH03,10001,2026-05-24,2026-06-26
900000000007139,1010,SH01,10001,2026-10-14,2026-05-02
900000000007140,1008,SH02,10001,2026-11-11,2026-11-24
900000000007141,1001,SH01,60601,2026-05-09,2026-10-27
900000000007142,1010,SH01,60652,2026-11-23,2026-06-27
900000000007143,1002,SH03,33101,2026-05-07,2026-11-23
900000000007144,1002,SH02,90210,2026-09-28,2026-10-11
900000000007145,1007,SH01,98101,2026-11-23,2026-08-17
900000000007146,1008,SH03,98101,2026-06-26,2026-08-16
900000000007147,1002,SH01,80201,2026-06-09,2026-05-07
900000000007148,1003,SH03,90210,2026-10-27,2026-06-09
900000000007149,1010,SH02,60601,2026-07-11,2026-10-11
900000000007150,1003,SH03,90210,2026-08-17,2026-05-09
900000000007151,1010,SH03,14201,2026-07-27,2026-05-08
900000000007152,1002,SH01,98101,2026-09-21,2026-06-10
900000000007153,1008,SH03,98101,2026-08-16,2026-11-23
900000000007154,1009,SH01,30301,2026-10-11,2026-09-29
900000000007155,1009,SH01,14201,2026-06-27,2026-06-27
900000000007156,1005,SH02,60652,2026-07-10,2026-05-24
900000000007157,1010,SH03,98101,2026-10-14,2026-07-02
900000000007158,1005,SH03,80201,2026-06-26,2026-05-24
900000000007159,1006,SH03,60652,2026-05-08,2026-10-31
900000000007160,1010,SH01,75201,2026-10-31,2026-08-16
900000000007161,1006,SH01,80201,2026-08-17,2026-05-02
900000000007162,1007,SH03,30301,2026-06-26,2026-10-14
900000000007163,1009,SH03,60601,2026-06-27,2026-07-27
900000000007164,1002,SH01,80201,2026-05-07,2026-07-10
900000000007165,1002,SH02,14201,2026-06-27,2026-05-24
900000000007166,1008,SH01,75201,2026-06-10,2026-05-08
900000000007167,1003,SH03,90210,2026-11-05,2026-10-27
900000000007168,1003,SH01,10001,2026-06-09,2026-08-17
900000000007169,1009,SH03,10001,2026-06-10,2026-09-21
900000000007170,1002,SH01,30301,2026-08-17,2026-07-10
900000000007171,1009,SH03,90210,2026-10-31,2026-07-02
900000000007172,1004,SH01,33101,2026-07-11,2026-06-09
900000000007173,1004,SH03,60601,2026-08-16,2026-09-21
900000000007174,1006,SH03,98101,2026-08-16,2026-09-29
900000000007175,1005,SH02,80201,2026-05-09,2026-05-08
900000000007176,1005,SH03,30301,2026-07-10,2026-09-29
900000000007177,1007,SH02,60652,2026-11-11,2026-11-24
900000000007178,1007,SH01,33101,2026-09-28,2026-10-02
900000000007179,1008,SH02,60601,2026-10-11,2026-11-05
900000000007180,1006,SH02,60652,2026-05-24,2026-10-02
900000000007181,1006,SH03,98101,2026-09-29,2026-06-26
900000000007182,1002,SH02,90210,2026-11-24,2026-10-11
900000000007183,1009,SH03,80201,2026-06-27,2026-07-27
900000000007184,1007,SH03,60601,2026-09-21,2026-10-14
900000000007185,1002,SH03,30301,2026-05-24,2026-10-11
900000000007186,1010,SH01,90210,2026-07-10,2026-05-07
900000000007187,1004,SH01,80201,2026-07-27,2026-05-09
900000000007188,1010,SH03,60652,2026-05-07,2026-11-05
900000000007189,1001,SH02,33101,2026-06-29,2026-05-08
900000000007190,1004,SH02,60601,2026-05-07,2026-11-24
900000000007191,1003,SH02,80201,2026-10-31,2026-05-02
900000000007192,1008,SH03,98101,2026-07-11,2026-10-21
900000000007193,1008,SH03,60601,2026-06-09,2026-09-29
900000000007194,1008,SH03,75201,2026-06-10,2026-06-09
900000000007195,1005,SH02,30301,2026-05-09,2026-08-17
900000000007196,1002,SH03,60601,2026-08-17,2026-06-26
900000000007197,1006,SH02,90210,2026-11-05,2026-10-27
900000000007198,1007,SH03,75201,2026-06-10,2026-05-09
900000000007199,1006,SH01,33101,2026-07-10,2026-07-10
900000000007200,1009,SH02,98101,2026-10-21,2026-09-21
900000000007201,1007,SH01,60652,2026-06-09,2026-10-11
900000000007202,1001,SH03,14201,2026-10-31,2026-10-21
900000000007203,1004,SH02,33101,2026-05-08,2026-05-02
900000000007204,1007,SH03,33101,2026-06-10,2026-10-11
900000000007205,1006,SH03,98101,2026-10-31,2026-05-09
900000000007206,1007,SH02,75201,2026-08-16,2026-10-14
900000000007207,1003,SH02,75201,2026-10-11,2026-09-21
900000000007208,1001,SH02,33101,2026-09-28,2026-09-28
900000000007209,1001,SH02,30301,2026-11-23,2026-05-07
900000000007210,1006,SH02,90210,2026-10-11,2026-10-27
900000000007211,1009,SH02,80201,2026-10-31,2026-11-11
900000000007212,1002,SH01,60652,2026-11-24,2026-05-09
900000000007213,1001,SH03,10001,2026-06-10,2026-10-31
900000000007214,1004,SH01,60601,2026-05-24,2026-06-26
900000000007215,1004,SH03,90210,2026-07-02,2026-07-27
900000000007216,1007,SH02,90210,2026-10-26,2026-10-21
900000000007217,1002,SH02,10001,2026-06-27,2026-09-29
900000000007218,1009,SH01,98101,2026-05-24,2026-10-31
900000000007219,1008,SH03,10001,2026-09-28,2026-10-27
900000000007220,1007,SH01,90210,2026-10-31,2026-06-10
900000000007221,1007,SH02,80201,2026-06-10,2026-09-21
900000000007222,1003,SH01,80201,2026-10-27,2026-09-21
900000000007223,1009,SH02,80201,2026-10-21,2026-07-10
900000000007224,1003,SH01,98101,2026-05-24,2026-07-02
900000000007225,1002,SH01,60652,2026-10-02,2026-07-02
900000000007226,1007,SH03,60601,2026-07-27,2026-11-05
900000000007227,1009,SH01,80201,2026-09-21,2026-07-27
900000000007228,1004,SH01,10001,2026-05-24,2026-07-02
900000000007229,1005,SH01,33101,2026-05-02,2026-09-21
900000000007230,1010,SH03,10001,2026-11-05,2026-05-08
900000000007231,1002,SH01,14201,2026-09-21,2026-10-02
900000000007232,1003,SH01,98101,2026-09-29,2026-10-26
900000000007233,1004,SH02,30301,2026-11-11,2026-09-21
900000000007234,1008,SH02,33101,2026-05-08,2026-11-05
900000000007235,1001,SH03,75201,2026-06-09,2026-10-21
900000000007236,1004,SH02,90210,2026-09-28,2026-05-02
900000000007237,1006,SH03,75201,2026-11-24,2026-10-14
900000000007238,1001,SH01,14201,2026-05-07,2026-11-24
900000000007239,1009,SH03,33101,2026-10-26,2026-11-11
900000000007240,1006,SH02,33101,2026-06-26,2026-06-27
900000000007241,1001,SH03,80201,2026-11-24,2026-05-07
900000000007242,1002,SH02,33101,2026-11-24,2026-07-02
900000000007243,1001,SH03,10001,2026-06-10,2026-05-08
900000000007244,1007,SH03,90210,2026-06-29,2026-05-07
900000000007245,1009,SH01,90210,2026-11-24,2026-10-02
900000000007246,1009,SH01,98101,2026-11-05,2026-07-02
900000000007247,1003,SH03,14201,2026-06-10,2026-11-23
900000000007248,1007,SH03,10001,2026-10-21,2026-11-11
900000000007249,1004,SH03,33101,2026-09-29,2026-09-21
900000000007250,1001,SH02,75201,2026-09-21,2026-10-14
900000000007251,1007,SH02,10001,2026-09-29,2026-06-09
900000000007252,1007,SH02,80201,2026-05-07,2026-05-09
900000000007253,1007,SH03,30301,2026-10-26,2026-05-07
900000000007254,1003,SH01,33101,2026-05-08,2026-06-09
900000000007255,1005,SH01,60601,2026-07-02,2026-07-11
900000000007256,1007,SH02,10001,2026-08-16,2026-10-02
900000000007257,1006,SH02,10001,2026-05-08,2026-09-29
900000000007258,1008,SH03,14201,2026-06-10,2026-07-02
900000000007259,1010,SH02,30301,2026-07-02,2026-09-21
900000000007260,1008,SH03,90210,2026-07-11,2026-05-07
900000000007261,1001,SH01,75201,2026-07-11,2026-05-08
900000000007262,1005,SH02,75201,2026-06-29,2026-08-17
900000000007263,1007,SH03,30301,2026-10-31,2026-10-26
900000000007264,1010,SH01,10001,2026-09-21,2026-07-27
900000000007265,1006,SH03,90210,2026-05-08,2026-10-02
900000000007266,1006,SH02,14201,2026-07-27,2026-06-27
900000000007267,1001,SH01,10001,2026-06-09,2026-10-02
900000000007268,1003,SH03,30301,2026-11-24,2026-05-02
900000000007269,1004,SH02,98101,2026-10-11,2026-05-02
900000000007270,1004,SH01,60652,2026-10-02,2026-11-11
900000000007271,1008,SH02,98101,2026-06-09,2026-05-07
900000000007272,1002,SH02,33101,2026-07-11,2026-10-26
900000000007273,1008,SH02,60601,2026-05-08,2026-07-27
900000000007274,1006,SH03,75201,2026-09-29,2026-05-09
900000000007275,1004,SH03,60601,2026-10-11,2026-10-11
900000000007276,1010,SH02,75201,2026-07-10,2026-11-23
900000000007277,1005,SH02,80201,2026-05-02,2026-10-31
900000000007278,1002,SH03,90210,2026-05-02,2026-07-02
900000000007279,1007,SH03,98101,2026-08-16,2026-06-10
900000000007280,1004,SH03,60652,2026-05-02,2026-07-02
900000000007281,1005,SH01,33101,2026-10-26,2026-06-10
900000000007282,1007,SH02,60652,2026-05-08,2026-06-26
900000000007283,1008,SH01,60601,2026-07-10,2026-10-26
900000000007284,1001,SH01,14201,2026-10-27,2026-09-29
900000000007285,1002,SH03,10001,2026-08-16,2026-10-02
900000000007286,1005,SH01,30301,2026-07-02,2026-09-29
900000000007287,1003,SH02,75201,2026-05-08,2026-07-11
900000000007288,1003,SH02,14201,2026-09-28,2026-05-24
900000000007289,1001,SH01,33101,2026-06-26,2026-10-26
900000000007290,1001,SH02,60601,2026-09-29,2026-11-05
900000000007291,1004,SH03,60652,2026-06-09,2026-07-02
900000000007292,1003,SH02,14201,2026-05-09,2026-11-23
900000000007293,1005,SH03,80201,2026-06-29,2026-10-11
900000000007294,1003,SH01,10001,2026-06-29,2026-11-11
900000000007295,1002,SH01,75201,2026-11-05,2026-10-31
900000000007296,1005,SH03,10001,2026-07-02,2026-10-21
900000000007297,1007,SH01,98101,2026-05-09,2026-05-09
900000000007298,1001,SH02,60652,2026-10-31,2026-11-24
900000000007299,1006,SH03,90210,2026-09-28,2026-11-24
900000000007300,1009,SH02,10001,2026-10-21,2026-07-10
900000000007301,1006,SH02,80201,2026-09-29,2026-11-11
900000000007302,1002,SH03,10001,2026-05-24,2026-05-07
900000000007303,1009,SH03,30301,2026-06-10,2026-06-26
900000000007304,1006,SH02,60652,2026-05-08,2026-05-02
900000000007305,1008,SH03,75201,2026-06-27,2026-06-09
900000000007306,1002,SH02,98101,2026-10-14,2026-05-09
900000000007307,1001,SH01,98101,2026-05-07,2026-06-09
900000000007308,1006,SH02,98101,2026-10-21,2026-08-17
900000000007309,1005,SH02,80201,2026-08-17,2026-11-23
900000000007310,1006,SH02,80201,2026-09-29,2026-10-21
900000000007311,1002,SH02,60652,2026-08-16,2026-10-21
900000000007312,1005,SH03,33101,2026-05-07,2026-09-28
900000000007313,1009,SH02,30301,2026-05-02,2026-08-17
900000000007314,1006,SH01,14201,2026-05-24,2026-05-24
900000000007315,1007,SH01,14201,2026-11-11,2026-11-05
900000000007316,1007,SH01,10001,2026-06-26,2026-09-21
900000000007317,1004,SH03,80201,2026-06-10,2026-05-24
900000000007318,1004,SH03,60601,2026-10-27,2026-09-29
900000000007319,1002,SH01,30301,2026-08-17,2026-10-14
900000000007320,1003,SH02,80201,2026-10-11,2026-11-05
900000000007321,1006,SH03,98101,2026-09-28,2026-11-05
900000000007322,1004,SH02,98101,2026-05-08,2026-09-28
900000000007323,1001,SH02,14201,2026-08-16,2026-05-09
900000000007324,1006,SH02,90210,2026-06-10,2026-07-10
900000000007325,1003,SH02,30301,2026-11-24,2026-10-02
900000000007326,1006,SH01,80201,2026-10-11,2026-05-08
900000000007327,1004,SH03,60652,2026-07-11,2026-10-26
900000000007328,1001,SH01,90210,2026-05-09,2026-09-29
900000000007329,1007,SH01,14201,2026-06-29,2026-05-07
900000000007330,1006,SH02,90210,2026-05-24,2026-05-07
900000000007331,1003,SH03,60601,2026-06-09,2026-10-21
900000000007332,1005,SH03,33101,2026-10-14,2026-06-26
900000000007333,1003,SH02,10001,2026-05-24,2026-05-02
900000000007334,1004,SH03,75201,2026-07-02,2026-08-16
900000000007335,1002,SH03,98101,2026-10-31,2026-05-07
900000000007336,1001,SH01,33101,2026-10-21,2026-10-31
900000000007337,1005,SH02,30301,2026-05-08,2026-10-27
900000000007338,1008,SH02,30301,2026-05-02,2026-09-21
900000000007339,1004,SH03,33101,2026-10-11,2026-10-11
900000000007340,1001,SH01,60652,2026-05-07,2026-10-11
900000000007341,1004,SH01,90210,2026-06-26,2026-11-24
900000000007342,1005,SH03,75201,2026-09-29,2026-10-14
900000000007343,1010,SH02,98101,2026-07-11,2026-11-05
900000000007344,1005,SH03,80201,2026-08-16,2026-08-16
900000000007345,1008,SH02,80201,2026-11-24,2026-11-05
900000000007346,1002,SH01,14201,2026-10-21,2026-11-24
900000000007347,1007,SH01,80201,2026-09-21,2026-09-28
900000000007348,1009,SH01,98101,2026-10-31,2026-10-31
900000000007349,1001,SH03,60652,2026-10-02,2026-05-08
900000000007350,1003,SH03,30301,2026-07-11,2026-10-31
900000000007351,1004,SH03,30301,2026-06-26,2026-07-11
900000000007352,1008,SH02,98101,2026-06-26,2026-09-21
900000000007353,1003,SH03,60601,2026-06-29,2026-11-11
900000000007354,1009,SH01,98101,2026-07-27,2026-10-21
900000000007355,1010,SH01,98101,2026-10-14,2026-11-05
900000000007356,1008,SH03,75201,2026-07-10,2026-06-27
900000000007357,1006,SH01,60601,2026-05-24,2026-11-24
900000000007358,1010,SH01,60652,2026-05-08,2026-06-27
900000000007359,1001,SH02,30301,2026-10-14,2026-10-21
900000000007360,1002,SH02,60652,2026-07-02,2026-06-10
900000000007361,1001,SH03,75201,2026-10-14,2026-06-10
900000000007362,1001,SH02,90210,2026-06-29,2026-10-31
900000000007363,1003,SH03,10001,2026-06-09,2026-10-11
900000000007364,1008,SH02,75201,2026-05-02,2026-10-31
900000000007365,1010,SH02,33101,2026-06-26,2026-09-21
900000000007366,1010,SH01,60601,2026-06-29,2026-11-24
900000000007367,1008,SH02,90210,2026-10-14,2026-06-10
900000000007368,1002,SH03,10001,2026-10-11,2026-10-14
900000000007369,1001,SH01,90210,2026-11-24,2026-07-10
900000000007370,1010,SH02,80201,2026-07-27,2026-08-16
900000000007371,1004,SH01,80201,2026-11-11,2026-07-27
900000000007372,1010,SH03,14201,2026-05-24,2026-08-16
900000000007373,1007,SH01,98101,2026-10-02,2026-10-27
900000000007374,1006,SH01,98101,2026-08-16,2026-08-16
900000000007375,1001,SH03,98101,2026-08-17,2026-08-17
900000000007376,1009,SH03,90210,2026-07-10,2026-05-08
900000000007377,1009,SH03,98101,2026-10-27,2026-07-27
900000000007378,1008,SH02,75201,2026-11-11,2026-07-27
900000000007379,1010,SH02,90210,2026-10-11,2026-10-02
900000000007380,1006,SH02,10001,2026-11-11,2026-11-23
900000000007381,1008,SH03,30301,2026-10-14,2026-05-24
900000000007382,1005,SH03,98101,2026-05-08,2026-06-26
900000000007383,1005,SH01,75201,2026-06-09,2026-10-02
900000000007384,1009,SH02,33101,2026-09-28,2026-07-02
900000000007385,1004,SH01,98101,2026-10-21,2026-11-24
900000000007386,1010,SH03,80201,2026-11-05,2026-09-29
900000000007387,1009,SH01,80201,2026-05-07,2026-11-24
900000000007388,1005,SH01,10001,2026-07-10,2026-11-11
900000000007389,1006,SH03,80201,2026-09-21,2026-07-10
900000000007390,1006,SH03,60601,2026-05-02,2026-11-05
900000000007391,1006,SH02,60652,2026-08-17,2026-06-29
900000000007392,1007,SH02,10001,2026-10-02,2026-11-11
900000000007393,1003,SH01,14201,2026-08-17,2026-09-28
900000000007394,1004,SH03,75201,2026-11-24,2026-05-24
900000000007395,1006,SH02,60601,2026-06-27,2026-07-11
900000000007396,1008,SH02,60601,2026-10-21,2026-09-28
900000000007397,1005,SH03,80201,2026-07-11,2026-06-26
900000000007398,1002,SH02,60652,2026-10-27,2026-07-10
900000000007399,1008,SH03,80201,2026-10-27,2026-07-10
900000000007400,1006,SH03,98101,2026-06-10,2026-10-11
900000000007401,1009,SH03,14201,2026-05-24,2026-05-07
900000000007402,1001,SH03,60601,2026-05-24,2026-06-27
900000000007403,1008,SH01,30301,2026-07-27,2026-10-26
900000000007404,1002,SH02,14201,2026-08-17,2026-10-27
900000000007405,1006,SH03,10001,2026-06-29,2026-05-24
900000000007406,1010,SH02,33101,2026-05-08,2026-10-21
900000000007407,1004,SH01,60601,2026-06-27,2026-08-16
900000000007408,1003,SH02,80201,2026-10-21,2026-10-27
900000000007409,1010,SH01,30301,2026-09-28,2026-10-27
900000000007410,1009,SH02,10001,2026-10-02,2026-06-10
900000000007411,1010,SH02,14201,2026-08-16,2026-05-24
900000000007412,1005,SH03,30301,2026-11-11,2026-11-11
900000000007413,1001,SH01,60652,2026-06-29,2026-10-27
900000000007414,1006,SH02,60652,2026-05-24,2026-11-05
900000000007415,1003,SH03,30301,2026-11-05,2026-05-09
900000000007416,1008,SH03,10001,2026-10-11,2026-10-26
900000000007417,1008,SH01,60601,2026-09-28,2026-09-29
900000000007418,1002,SH01,33101,2026-06-27,2026-09-28
900000000007419,1009,SH03,60601,2026-10-14,2026-09-21
900000000007420,1008,SH02,60601,2026-11-11,2026-06-27
900000000007421,1010,SH02,80201,2026-07-11,2026-05-02
900000000007422,1001,SH02,75201,2026-05-24,2026-08-17
900000000007423,1009,SH03,60601,2026-06-26,2026-07-11
900000000007424,1006,SH02,60601,2026-10-27,2026-07-02
900000000007425,1009,SH02,90210,2026-11-11,2026-10-14
900000000007426,1002,SH01,60601,2026-11-24,2026-08-16
900000000007427,1006,SH02,33101,2026-09-21,2026-07-10
900000000007428,1010,SH02,60652,2026-08-17,2026-10-02
900000000007429,1005,SH01,10001,2026-07-11,2026-11-11
900000000007430,1006,SH03,75201,2026-09-21,2026-09-28
900000000007431,1002,SH02,10001,2026-05-07,2026-10-14
900000000007432,1001,SH03,60601,2026-05-09,2026-07-02
900000000007433,1004,SH03,33101,2026-11-24,2026-05-02
900000000007434,1005,SH01,60652,2026-06-27,2026-08-16
900000000007435,1001,SH01,33101,2026-07-10,2026-05-09
900000000007436,1005,SH01,33101,2026-10-21,2026-07-27
900000000007437,1008,SH02,14201,2026-11-11,2026-09-21
900000000007438,1007,SH01,10001,2026-11-11,2026-09-21
900000000007439,1001,SH01,60652,2026-08-17,2026-06-26
900000000007440,1007,SH02,98101,2026-05-07,2026-11-24
900000000007441,1008,SH01,90210,2026-06-10,2026-07-27
900000000007442,1005,SH01,80201,2026-10-11,2026-08-17
900000000007443,1002,SH01,14201,2026-10-27,2026-10-26
900000000007444,1006,SH01,75201,2026-10-21,2026-06-10
900000000007445,1009,SH02,98101,2026-07-10,2026-11-11
900000000007446,1002,SH01,30301,2026-07-27,2026-05-24
900000000007447,1008,SH03,30301,2026-10-11,2026-10-26
900000000007448,1004,SH03,60652,2026-06-27,2026-11-24
900000000007449,1010,SH01,10001,2026-06-29,2026-06-26
900000000007450,1008,SH01,75201,2026-05-24,2026-05-09
900000000007451,1009,SH02,14201,2026-07-10,2026-05-08
900000000007452,1004,SH01,80201,2026-10-21,2026-05-02
900000000007453,1004,SH02,10001,2026-10-26,2026-11-24
900000000007454,1005,SH03,90210,2026-05-02,2026-08-17
900000000007455,1007,SH03,80201,2026-06-10,2026-05-24
900000000007456,1002,SH01,80201,2026-06-09,2026-11-23
900000000007457,1008,SH03,90210,2026-11-24,2026-06-26
900000000007458,1008,SH01,30301,2026-06-10,2026-06-10
900000000007459,1008,SH02,60601,2026-09-29,2026-05-02
900000000007460,1007,SH03,10001,2026-08-17,2026-06-29
900000000007461,1008,SH01,60601,2026-06-10,2026-07-27
900000000007462,1002,SH01,98101,2026-10-11,2026-06-29
900000000007463,1001,SH01,90210,2026-10-11,2026-10-14
900000000007464,1003,SH03,14201,2026-07-11,2026-08-16
900000000007465,1006,SH02,75201,2026-08-16,2026-10-11
900000000007466,1006,SH02,14201,2026-10-27,2026-08-16
900000000007467,1005,SH02,14201,2026-08-17,2026-07-10
900000000007468,1003,SH02,30301,2026-11-11,2026-11-24
900000000007469,1006,SH03,90210,2026-05-02,2026-10-31
900000000007470,1009,SH01,60601,2026-09-21,2026-05-02
900000000007471,1005,SH02,90210,2026-09-21,2026-10-11
900000000007472,1007,SH01,10001,2026-07-11,2026-10-11
900000000007473,1007,SH02,90210,2026-10-02,2026-10-02
900000000007474,1002,SH03,80201,2026-05-09,2026-07-27
900000000007475,1001,SH03,60652,2026-09-29,2026-06-27
900000000007476,1006,SH03,98101,2026-09-29,2026-10-31
900000000007477,1001,SH03,75201,2026-10-14,2026-08-16
900000000007478,1007,SH03,75201,2026-09-28,2026-10-31
900000000007479,1010,SH03,60652,2026-07-27,2026-06-26
900000000007480,1008,SH03,60601,2026-10-02,2026-07-11
900000000007481,1008,SH02,30301,2026-06-27,2026-06-10
900000000007482,1001,SH01,10001,2026-09-21,2026-06-10
900000000007483,1010,SH01,80201,2026-07-10,2026-06-27
900000000007484,1005,SH01,75201,2026-07-11,2026-10-14
900000000007485,1001,SH01,98101,2026-06-29,2026-11-05
900000000007486,1004,SH02,14201,2026-05-09,2026-09-29
900000000007487,1003,SH03,98101,2026-05-07,2026-08-16
900000000007488,1002,SH03,80201,2026-09-29,2026-06-27
900000000007489,1007,SH03,80201,2026-10-14,2026-06-27
900000000007490,1006,SH02,98101,2026-10-02,2026-06-26
900000000007491,1007,SH03,10001,2026-05-08,2026-08-17
900000000007492,1006,SH03,33101,2026-06-26,2026-10-14
900000000007493,1008,SH02,98101,2026-05-08,2026-10-31
900000000007494,1008,SH03,30301,2026-09-29,2026-10-27
900000000007495,1008,SH02,33101,2026-10-26,2026-07-27
900000000007496,1007,SH02,98101,2026-10-21,2026-11-23
900000000007497,1001,SH02,80201,2026-11-11,2026-07-27
900000000007498,1001,SH02,60652,2026-05-09,2026-10-14
900000000007499,1006,SH01,33101,2026-09-29,2026-05-24
900000000007500,1002,SH03,33101,2026-07-27,2026-07-10
900000000007501,1007,SH01,75201,2026-10-14,2026-11-05
900000000007502,1006,SH01,60601,2026-11-05,2026-09-28
900000000007503,1006,SH02,98101,2026-10-21,2026-11-05
900000000007504,1010,SH02,14201,2026-05-24,2026-06-10
900000000007505,1008,SH01,14201,2026-05-08,2026-10-14
900000000007506,1008,SH03,10001,2026-09-28,2026-05-08
900000000007507,1010,SH01,90210,2026-06-09,2026-11-24
900000000007508,1006,SH01,14201,2026-11-05,2026-06-10
900000000007509,1003,SH02,90210,2026-09-21,2026-06-10
900000000007510,1009,SH03,60601,2026-09-28,2026-10-31
900000000007511,1005,SH02,14201,2026-09-21,2026-08-16
900000000007512,1009,SH02,98101,2026-10-27,2026-07-11
900000000007513,1001,SH01,33101,2026-11-24,2026-06-10
900000000007514,1005,SH01,90210,2026-07-02,2026-07-11
900000000007515,1006,SH03,10001,2026-08-16,2026-07-27
900000000007516,1008,SH01,60601,2026-07-10,2026-05-07
900000000007517,1009,SH02,60652,2026-11-23,2026-10-14
900000000007518,1004,SH03,10001,2026-07-27,2026-05-09
900000000007519,1006,SH02,80201,2026-07-27,2026-10-14
900000000007520,1006,SH02,75201,2026-08-17,2026-05-24
900000000007521,1001,SH03,30301,2026-07-11,2026-08-17
900000000007522,1003,SH03,75201,2026-08-16,2026-07-11
900000000007523,1001,SH01,30301,2026-05-07,2026-06-26
900000000007524,1009,SH01,98101,2026-05-24,2026-09-29
900000000007525,1010,SH03,75201,2026-05-24,2026-09-29
900000000007526,1006,SH02,75201,2026-08-17,2026-09-28
900000000007527,1006,SH02,80201,2026-11-11,2026-11-11
900000000007528,1008,SH01,75201,2026-05-07,2026-09-29
900000000007529,1004,SH01,30301,2026-10-26,2026-08-16
900000000007530,1010,SH02,10001,2026-05-24,2026-07-10
900000000007531,1009,SH03,75201,2026-10-31,2026-10-21
900000000007532,1008,SH01,98101,2026-07-02,2026-05-09
900000000007533,1009,SH01,60601,2026-10-21,2026-06-27
900000000007534,1008,SH03,98101,2026-10-02,2026-06-10
900000000007535,1009,SH02,60601,2026-05-09,2026-06-29
900000000007536,1007,SH01,60601,2026-07-02,2026-05-24
900000000007537,1002,SH02,10001,2026-07-27,2026-08-17
900000000007538,1006,SH03,98101,2026-05-08,2026-05-24
900000000007539,1001,SH03,33101,2026-10-31,2026-05-24
900000000007540,1002,SH02,14201,2026-07-10,2026-06-09
900000000007541,1006,SH01,14201,2026-11-23,2026-05-02
900000000007542,1001,SH02,98101,2026-06-27,2026-05-08
900000000007543,1007,SH03,14201,2026-11-11,2026-05-02
900000000007544,1007,SH03,98101,2026-07-02,2026-10-31
900000000007545,1005,SH01,90210,2026-08-16,2026-09-28
900000000007546,1006,SH01,80201,2026-08-16,2026-11-05
900000000007547,1010,SH02,30301,2026-06-10,2026-10-14
900000000007548,1010,SH02,30301,2026-07-10,2026-10-21
900000000007549,1003,SH01,80201,2026-11-23,2026-09-28
900000000007550,1010,SH03,10001,2026-09-28,2026-11-24
900000000007551,1003,SH02,10001,2026-05-07,2026-10-27
900000000007552,1006,SH03,60652,2026-10-11,2026-10-31
900000000007553,1005,SH01,60652,2026-09-21,2026-11-05
900000000007554,1009,SH02,75201,2026-06-10,2026-07-02
900000000007555,1001,SH03,14201,2026-07-11,2026-11-23
900000000007556,1007,SH02,60601,2026-08-16,2026-07-10
900000000007557,1006,SH01,75201,2026-07-27,2026-09-21
900000000007558,1008,SH01,75201,2026-05-24,2026-09-21
900000000007559,1005,SH03,90210,2026-10-26,2026-07-27
900000000007560,1009,SH01,90210,2026-10-31,2026-11-05
900000000007561,1007,SH01,60601,2026-09-28,2026-10-31
900000000007562,1002,SH03,10001,2026-05-08,2026-06-09
900000000007563,1006,SH03,75201,2026-10-02,2026-10-14
900000000007564,1003,SH01,75201,2026-05-02,2026-08-16
900000000007565,1005,SH03,60601,2026-07-11,2026-07-11
900000000007566,1001,SH01,60652,2026-07-27,2026-07-27
900000000007567,1007,SH03,98101,2026-10-26,2026-11-05
900000000007568,1001,SH02,14201,2026-06-29,2026-08-17
900000000007569,1002,SH01,60601,2026-11-24,2026-10-14
900000000007570,1008,SH03,60601,2026-07-02,2026-10-11
900000000007571,1002,SH01,30301,2026-10-14,2026-09-28
900000000007572,1004,SH02,60652,2026-07-27,2026-07-10
900000000007573,1001,SH03,98101,2026-07-27,2026-08-16
900000000007574,1001,SH02,60601,2026-06-29,2026-09-21
900000000007575,1007,SH03,14201,2026-07-27,2026-09-21
900000000007576,1007,SH02,14201,2026-05-08,2026-07-11
900000000007577,1005,SH02,30301,2026-05-08,2026-05-02
900000000007578,1001,SH01,10001,2026-06-29,2026-07-11
900000000007579,1007,SH01,80201,2026-10-26,2026-09-29
900000000007580,1003,SH02,33101,2026-10-14,2026-10-14
900000000007581,1003,SH02,80201,2026-05-24,2026-10-26
900000000007582,1005,SH01,60601,2026-06-27,2026-10-26
900000000007583,1008,SH01,30301,2026-10-26,2026-10-27
900000000007584,1002,SH03,80201,2026-09-29,2026-09-21
900000000007585,1007,SH03,30301,2026-11-23,2026-07-11
900000000007586,1007,SH03,30301,2026-07-27,2026-10-27
900000000007587,1010,SH03,98101,2026-06-27,2026-10-27
900000000007588,1008,SH01,33101,2026-11-11,2026-05-08
900000000007589,1006,SH02,98101,2026-08-17,2026-10-26
900000000007590,1002,SH01,90210,2026-05-02,2026-11-05
900000000007591,1008,SH01,30301,2026-05-08,2026-06-09
900000000007592,1010,SH01,14201,2026-06-29,2026-06-29
900000000007593,1009,SH02,75201,2026-09-29,2026-09-28
900000000007594,1002,SH03,10001,2026-05-02,2026-09-21
900000000007595,1004,SH01,14201,2026-05-02,2026-06-26
900000000007596,1007,SH01,14201,2026-10-21,2026-07-11
900000000007597,1005,SH01,10001,2026-05-09,2026-06-26
900000000007598,1004,SH01,60601,2026-09-21,2026-07-10
900000000007599,1008,SH03,30301,2026-11-05,2026-11-23
900000000007600,1006,SH01,33101,2026-11-05,2026-07-27
900000000007601,1009,SH02,60652,2026-07-10,2026-06-29
900000000007602,1001,SH02,90210,2026-08-17,2026-05-24
900000000007603,1003,SH03,60652,2026-07-10,2026-07-10
900000000007604,1005,SH03,33101,2026-07-02,2026-10-31
900000000007605,1007,SH01,33101,2026-09-29,2026-10-27
900000000007606,1007,SH02,75201,2026-06-26,2026-05-02
900000000007607,1009,SH02,30301,2026-07-11,2026-05-24
900000000007608,1009,SH02,14201,2026-10-26,2026-05-09
900000000007609,1010,SH02,10001,2026-05-02,2026-10-21
900000000007610,1010,SH03,60652,2026-07-02,2026-10-26
900000000007611,1009,SH03,30301,2026-05-02,2026-08-17
900000000007612,1001,SH02,80201,2026-07-27,2026-05-08
900000000007613,1005,SH03,30301,2026-06-10,2026-06-10
900000000007614,1007,SH02,98101,2026-09-21,2026-07-10
900000000007615,1002,SH02,90210,2026-05-08,2026-11-23
900000000007616,1004,SH01,14201,2026-07-11,2026-10-31
900000000007617,1007,SH01,14201,2026-05-07,2026-10-21
900000000007618,1006,SH02,75201,2026-05-09,2026-06-10
900000000007619,1004,SH01,90210,2026-06-27,2026-06-26
900000000007620,1007,SH02,98101,2026-11-24,2026-06-09
900000000007621,1010,SH02,30301,2026-05-07,2026-10-11
900000000007622,1010,SH01,90210,2026-10-21,2026-05-09
900000000007623,1004,SH01,30301,2026-05-07,2026-10-11
900000000007624,1004,SH02,10001,2026-08-16,2026-05-02
900000000007625,1001,SH02,75201,2026-05-24,2026-08-16
900000000007626,1009,SH01,90210,2026-10-11,2026-06-10
900000000007627,1009,SH01,98101,2026-06-09,2026-05-02
900000000007628,1008,SH03,33101,2026-10-27,2026-06-27
900000000007629,1007,SH01,10001,2026-10-26,2026-05-02
900000000007630,1002,SH03,30301,2026-07-10,2026-05-02
900000000007631,1005,SH01,60601,2026-11-11,2026-07-02
900000000007632,1008,SH01,60652,2026-06-27,2026-09-28
900000000007633,1010,SH01,90210,2026-06-27,2026-06-26
900000000007634,1005,SH02,80201,2026-05-07,2026-06-29
900000000007635,1006,SH03,75201,2026-10-11,2026-07-11
900000000007636,1010,SH03,33101,2026-07-11,2026-06-29
900000000007637,1010,SH01,10001,2026-07-11,2026-10-02
900000000007638,1002,SH01,10001,2026-09-21,2026-06-09
900000000007639,1006,SH03,98101,2026-10-14,2026-09-28
900000000007640,1008,SH02,90210,2026-05-08,2026-10-11
900000000007641,1010,SH02,75201,2026-10-27,2026-05-09
900000000007642,1003,SH01,30301,2026-11-05,2026-07-10
900000000007643,1005,SH01,33101,2026-06-26,2026-10-02
900000000007644,1005,SH01,60652,2026-06-29,2026-11-23
900000000007645,1006,SH01,60652,2026-07-10,2026-07-10
900000000007646,1003,SH03,75201,2026-07-27,2026-07-11
900000000007647,1006,SH02,80201,2026-07-11,2026-06-26
900000000007648,1001,SH02,98101,2026-09-28,2026-06-09
900000000007649,1007,SH02,98101,2026-10-27,2026-11-11
900000000007650,1003,SH03,14201,2026-11-05,2026-07-27
900000000007651,1010,SH02,14201,2026-11-24,2026-07-27
900000000007652,1005,SH01,98101,2026-11-11,2026-07-27
900000000007653,1003,SH02,14201,2026-06-09,2026-09-28
900000000007654,1010,SH03,90210,2026-11-05,2026-10-14
900000000007655,1002,SH03,14201,2026-07-11,2026-09-21
900000000007656,1009,SH01,90210,2026-06-09,2026-07-02
900000000007657,1008,SH02,90210,2026-06-09,2026-10-27
900000000007658,1006,SH03,98101,2026-07-27,2026-06-27
900000000007659,1010,SH01,14201,2026-06-29,2026-06-26
900000000007660,1009,SH03,33101,2026-11-24,2026-07-27
900000000007661,1007,SH01,98101,2026-05-02,2026-07-02
900000000007662,1007,SH03,60601,2026-07-27,2026-08-17
900000000007663,1008,SH01,30301,2026-07-11,2026-05-08
900000000007664,1001,SH01,90210,2026-11-24,2026-11-05
900000000007665,1006,SH02,75201,2026-05-09,2026-09-28
900000000007666,1003,SH02,75201,2026-09-28,2026-10-26
900000000007667,1002,SH01,75201,2026-07-11,2026-08-17
900000000007668,1005,SH03,33101,2026-05-09,2026-05-07
900000000007669,1001,SH03,60601,2026-09-29,2026-06-09
900000000007670,1009,SH02,60652,2026-11-05,2026-05-02
900000000007671,1006,SH01,30301,2026-07-02,2026-11-11
900000000007672,1001,SH03,14201,2026-06-26,2026-08-17
900000000007673,1008,SH02,33101,2026-09-21,2026-10-21
900000000007674,1010,SH01,80201,2026-10-02,2026-06-10
900000000007675,1009,SH01,10001,2026-10-14,2026-07-11
900000000007676,1007,SH01,10001,2026-06-29,2026-10-11
900000000007677,1003,SH03,90210,2026-05-02,2026-10-21
900000000007678,1007,SH01,60652,2026-09-29,2026-09-21
900000000007679,1006,SH03,10001,2026-09-28,2026-06-09
900000000007680,1009,SH01,33101,2026-06-09,2026-10-27
900000000007681,1001,SH03,98101,2026-11-05,2026-06-10
900000000007682,1003,SH03,14201,2026-07-27,2026-10-21
900000000007683,1001,SH02,98101,2026-09-28,2026-05-09
900000000007684,1004,SH01,98101,2026-10-14,2026-08-17
900000000007685,1001,SH02,75201,2026-10-31,2026-11-23
900000000007686,1009,SH01,90210,2026-06-09,2026-06-10
900000000007687,1010,SH02,30301,2026-06-26,2026-11-05
900000000007688,1009,SH01,60652,2026-07-11,2026-06-10
900000000007689,1003,SH02,60601,2026-11-11,2026-10-27
900000000007690,1004,SH02,90210,2026-09-28,2026-07-11
900000000007691,1001,SH01,14201,2026-10-27,2026-06-26
900000000007692,1010,SH03,10001,2026-11-05,2026-06-27
900000000007693,1006,SH01,98101,2026-08-17,2026-07-02
900000000007694,1004,SH01,10001,2026-09-29,2026-10-27
900000000007695,1007,SH02,60601,2026-05-07,2026-07-10
900000000007696,1010,SH02,10001,2026-08-16,2026-10-31
900000000007697,1008,SH03,60652,2026-05-08,2026-09-29
900000000007698,1003,SH01,90210,2026-05-02,2026-07-27
900000000007699,1003,SH02,33101,2026-10-21,2026-05-24
900000000007700,1005,SH01,75201,2026-06-29,2026-10-11
900000000007701,1004,SH02,98101,2026-10-31,2026-05-02
900000000007702,1005,SH02,14201,2026-05-24,2026-10-11
900000000007703,1001,SH03,75201,2026-06-10,2026-10-21
900000000007704,1009,SH02,33101,2026-05-09,2026-05-09
900000000007705,1005,SH02,98101,2026-10-26,2026-07-27
900000000007706,1002,SH01,10001,2026-07-11,2026-09-28
900000000007707,1007,SH02,80201,2026-05-24,2026-09-21
900000000007708,1001,SH02,10001,2026-11-24,2026-05-07
900000000007709,1006,SH03,90210,2026-05-24,2026-10-27
900000000007710,1003,SH02,75201,2026-10-14,2026-10-14
900000000007711,1006,SH03,10001,2026-10-26,2026-05-24
900000000007712,1004,SH01,75201,2026-08-17,2026-10-27
900000000007713,1006,SH01,14201,2026-09-29,2026-06-26
900000000007714,1004,SH01,10001,2026-09-29,2026-06-29
900000000007715,1002,SH02,60652,2026-07-27,2026-11-05
900000000007716,1008,SH01,60652,2026-06-26,2026-05-08
900000000007717,1003,SH03,30301,2026-09-29,2026-11-23
900000000007718,1002,SH03,80201,2026-10-26,2026-10-21
900000000007719,1001,SH01,60601,2026-07-11,2026-10-14
900000000007720,1001,SH03,80201,2026-11-11,2026-05-07
900000000007721,1003,SH03,80201,2026-11-23,2026-10-14
900000000007722,1001,SH02,60601,2026-05-24,2026-08-17
900000000007723,1008,SH01,80201,2026-05-07,2026-11-05
900000000007724,1001,SH02,60652,2026-10-26,2026-10-26
900000000007725,1003,SH02,80201,2026-07-27,2026-08-16
900000000007726,1006,SH02,75201,2026-09-29,2026-06-09
900000000007727,1008,SH02,75201,2026-11-05,2026-11-11
900000000007728,1001,SH02,80201,2026-07-27,2026-06-26
900000000007729,1006,SH03,98101,2026-10-31,2026-11-11
900000000007730,1004,SH01,80201,2026-10-21,2026-08-16
900000000007731,1009,SH02,14201,2026-08-16,2026-07-11
900000000007732,1001,SH02,90210,2026-06-26,2026-05-02
900000000007733,1009,SH03,10001,2026-08-16,2026-07-02
900000000007734,1003,SH03,60652,2026-11-23,2026-06-09
900000000007735,1008,SH03,98101,2026-11-23,2026-10-27
900000000007736,1004,SH02,10001,2026-10-27,2026-05-08
900000000007737,1005,SH03,14201,2026-11-23,2026-08-16
900000000007738,1001,SH03,33101,2026-10-02,2026-07-10
900000000007739,1008,SH03,80201,2026-06-27,2026-08-17
900000000007740,1008,SH02,80201,2026-07-11,2026-05-09
900000000007741,1008,SH03,33101,2026-07-02,2026-09-29
900000000007742,1009,SH01,80201,2026-10-02,2026-09-29
900000000007743,1009,SH01,33101,2026-06-26,2026-10-27
900000000007744,1002,SH02,10001,2026-05-07,2026-05-09
900000000007745,1008,SH01,90210,2026-06-09,2026-10-27
900000000007746,1010,SH02,60652,2026-07-02,2026-05-07
900000000007747,1003,SH02,90210,2026-11-24,2026-06-26
900000000007748,1008,SH02,14201,2026-07-27,2026-06-10
900000000007749,1004,SH03,30301,2026-06-27,2026-06-29
900000000007750,1010,SH01,90210,2026-08-17,2026-08-17
900000000007751,1003,SH02,10001,2026-11-23,2026-06-27
900000000007752,1010,SH01,60652,2026-10-26,2026-11-23
900000000007753,1007,SH03,60601,2026-11-05,2026-06-29
900000000007754,1001,SH01,14201,2026-08-17,2026-10-21
900000000007755,1004,SH03,60601,2026-06-29,2026-10-14
900000000007756,1005,SH03,30301,2026-07-11,2026-06-29
900000000007757,1009,SH03,90210,2026-11-23,2026-05-07
900000000007758,1004,SH03,60601,2026-06-09,2026-05-02
900000000007759,1007,SH02,10001,2026-06-29,2026-10-27
900000000007760,1003,SH01,75201,2026-07-11,2026-06-09
900000000007761,1004,SH01,10001,2026-06-27,2026-05-09
900000000007762,1005,SH01,10001,2026-05-07,2026-05-09
900000000007763,1003,SH01,80201,2026-11-23,2026-10-14
900000000007764,1004,SH01,33101,2026-05-07,2026-07-10
900000000007765,1001,SH03,33101,2026-05-02,2026-09-21
900000000007766,1004,SH01,33101,2026-10-14,2026-10-02
900000000007767,1007,SH03,90210,2026-09-29,2026-06-27
900000000007768,1008,SH01,75201,2026-10-27,2026-09-28
900000000007769,1004,SH03,10001,2026-10-21,2026-10-21
900000000007770,1008,SH01,60652,2026-08-16,2026-06-10
900000000007771,1004,SH03,90210,2026-05-08,2026-05-24
900000000007772,1004,SH01,80201,2026-10-14,2026-05-02
900000000007773,1007,SH03,14201,2026-10-26,2026-06-27
900000000007774,1009,SH01,98101,2026-09-29,2026-05-02
900000000007775,1002,SH01,98101,2026-11-11,2026-05-02
900000000007776,1006,SH01,90210,2026-11-11,2026-08-16
900000000007777,1007,SH01,60652,2026-10-31,2026-10-27
900000000007778,1005,SH01,80201,2026-07-11,2026-05-08
900000000007779,1001,SH02,60652,2026-07-11,2026-10-31
900000000007780,1001,SH03,10001,2026-10-11,2026-06-10
900000000007781,1004,SH02,30301,2026-06-10,2026-06-10
900000000007782,1002,SH02,10001,2026-10-14,2026-07-11
900000000007783,1002,SH02,14201,2026-06-10,2026-08-16
900000000007784,1006,SH01,60652,2026-07-27,2026-10-26
900000000007785,1009,SH03,14201,2026-05-09,2026-11-05
900000000007786,1006,SH01,33101,2026-10-11,2026-10-31
900000000007787,1007,SH03,90210,2026-09-28,2026-05-09
900000000007788,1001,SH02,14201,2026-05-07,2026-09-29
900000000007789,1009,SH01,10001,2026-05-09,2026-10-31
900000000007790,1001,SH03,75201,2026-10-31,2026-10-14
900000000007791,1007,SH03,60601,2026-10-02,2026-06-29
900000000007792,1006,SH02,90210,2026-06-29,2026-06-29
900000000007793,1008,SH02,80201,2026-10-14,2026-06-26
900000000007794,1007,SH02,60601,2026-10-02,2026-06-29
900000000007795,1005,SH03,90210,2026-11-23,2026-09-29
900000000007796,1009,SH01,80201,2026-06-29,2026-06-26
900000000007797,1010,SH01,98101,2026-06-09,2026-06-26
900000000007798,1002,SH01,80201,2026-08-17,2026-10-26
900000000007799,1006,SH03,60652,2026-09-29,2026-10-14
900000000007800,1009,SH01,14201,2026-08-17,2026-10-11
900000000007801,1002,SH03,60601,2026-10-27,2026-09-21
900000000007802,1001,SH01,60601,2026-06-27,2026-06-26
900000000007803,1005,SH02,90210,2026-10-14,2026-06-10
900000000007804,1006,SH02,80201,2026-09-21,2026-09-29
900000000007805,1004,SH01,98101,2026-08-16,2026-09-21
900000000007806,1005,SH01,14201,2026-05-24,2026-05-02
900000000007807,1005,SH03,30301,2026-07-10,2026-10-21
900000000007808,1004,SH02,80201,2026-05-07,2026-08-16
900000000007809,1010,SH01,80201,2026-06-09,2026-10-26
900000000007810,1009,SH01,30301,2026-06-09,2026-11-05
900000000007811,1006,SH02,30301,2026-11-23,2026-09-21
900000000007812,1004,SH02,60652,2026-10-11,2026-09-29
900000000007813,1002,SH01,75201,2026-11-24,2026-09-29
900000000007814,1003,SH02,80201,2026-10-27,2026-07-11
900000000007815,1002,SH02,60652,2026-05-24,2026-06-10
900000000007816,1002,SH01,10001,2026-09-21,2026-06-26
900000000007817,1007,SH02,10001,2026-06-29,2026-10-14
900000000007818,1007,SH01,14201,2026-08-16,2026-08-17
900000000007819,1001,SH03,90210,2026-05-02,2026-11-24
900000000007820,1008,SH03,14201,2026-06-29,2026-05-07
900000000007821,1001,SH03,10001,2026-11-11,2026-10-02
900000000007822,1005,SH02,75201,2026-07-10,2026-11-24
900000000007823,1003,SH01,33101,2026-10-26,2026-08-16
900000000007824,1006,SH02,98101,2026-09-28,2026-07-10
900000000007825,1005,SH02,60601,2026-08-16,2026-05-02
900000000007826,1002,SH01,75201,2026-09-28,2026-06-27
900000000007827,1003,SH02,75201,2026-10-11,2026-05-08
900000000007828,1001,SH02,75201,2026-07-10,2026-05-24
900000000007829,1001,SH03,30301,2026-07-11,2026-09-21
900000000007830,1008,SH02,10001,2026-06-27,2026-06-10
900000000007831,1004,SH03,30301,2026-08-16,2026-06-10
900000000007832,1008,SH03,98101,2026-06-10,2026-05-02
900000000007833,1005,SH01,60601,2026-09-29,2026-06-29
900000000007834,1005,SH02,14201,2026-11-05,2026-06-09
900000000007835,1004,SH02,10001,2026-10-11,2026-10-26
900000000007836,1009,SH02,90210,2026-05-08,2026-11-05
900000000007837,1009,SH02,33101,2026-05-07,2026-05-02
900000000007838,1004,SH03,33101,2026-08-16,2026-05-02
900000000007839,1002,SH02,90210,2026-06-10,2026-11-05
900000000007840,1002,SH03,30301,2026-11-11,2026-09-28
900000000007841,1001,SH01,14201,2026-10-27,2026-10-02
900000000007842,1009,SH02,75201,2026-05-24,2026-05-09
900000000007843,1010,SH02,60601,2026-06-09,2026-11-11
900000000007844,1007,SH02,90210,2026-09-21,2026-11-24
900000000007845,1002,SH02,80201,2026-08-16,2026-08-16
900000000007846,1009,SH03,90210,2026-10-26,2026-06-27
900000000007847,1008,SH02,10001,2026-10-27,2026-10-14
900000000007848,1009,SH01,33101,2026-08-16,2026-06-09
900000000007849,1002,SH02,30301,2026-06-29,2026-05-09
900000000007850,1002,SH03,60652,2026-11-05,2026-11-23
900000000007851,1008,SH01,75201,2026-05-07,2026-09-21
900000000007852,1007,SH03,60652,2026-05-09,2026-10-21
900000000007853,1008,SH02,75201,2026-11-24,2026-09-21
900000000007854,1007,SH01,14201,2026-10-14,2026-07-10
900000000007855,1003,SH01,14201,2026-10-31,2026-10-21
900000000007856,1001,SH03,60652,2026-09-28,2026-08-17
900000000007857,1009,SH02,30301,2026-06-26,2026-05-07
900000000007858,1004,SH02,10001,2026-10-21,2026-11-05
900000000007859,1007,SH01,60601,2026-06-09,2026-06-09
900000000007860,1006,SH02,10001,2026-10-31,2026-05-24
900000000007861,1005,SH01,10001,2026-05-09,2026-09-29
900000000007862,1007,SH03,10001,2026-05-02,2026-09-29
900000000007863,1010,SH02,60652,2026-09-21,2026-10-14
900000000007864,1007,SH01,33101,2026-10-27,2026-05-24
900000000007865,1001,SH02,30301,2026-05-07,2026-06-29
900000000007866,1005,SH01,75201,2026-05-09,2026-11-05
900000000007867,1008,SH02,98101,2026-05-08,2026-09-21
900000000007868,1008,SH03,90210,2026-05-09,2026-05-08
900000000007869,1001,SH01,30301,2026-10-31,2026-11-23
900000000007870,1008,SH01,33101,2026-05-09,2026-09-21
900000000007871,1007,SH01,33101,2026-08-16,2026-08-17
900000000007872,1008,SH03,30301,2026-08-17,2026-06-26
900000000007873,1010,SH02,60601,2026-06-29,2026-11-05
900000000007874,1009,SH02,98101,2026-10-27,2026-07-10
900000000007875,1008,SH01,90210,2026-06-09,2026-11-24
900000000007876,1005,SH03,90210,2026-05-07,2026-10-31
900000000007877,1009,SH02,75201,2026-06-26,2026-11-23
900000000007878,1005,SH02,75201,2026-10-21,2026-05-07
900000000007879,1006,SH01,14201,2026-10-26,2026-05-09
900000000007880,1010,SH01,60652,2026-10-26,2026-06-10
900000000007881,1007,SH01,75201,2026-10-31,2026-05-24
900000000007882,1007,SH01,60601,2026-09-21,2026-06-29
900000000007883,1005,SH02,75201,2026-10-26,2026-10-11
900000000007884,1006,SH01,60652,2026-11-24,2026-10-02
900000000007885,1008,SH02,30301,2026-09-28,2026-08-17
900000000007886,1008,SH01,10001,2026-10-14,2026-06-10
900000000007887,1005,SH01,30301,2026-07-11,2026-06-26
900000000007888,1008,SH01,10001,2026-07-02,2026-11-11
900000000007889,1008,SH03,98101,2026-08-17,2026-05-02
900000000007890,1002,SH02,98101,2026-06-29,2026-05-07
900000000007891,1006,SH02,10001,2026-05-07,2026-08-16
900000000007892,1009,SH02,10001,2026-09-29,2026-07-27
900000000007893,1010,SH02,60652,2026-10-26,2026-10-02
900000000007894,1001,SH02,10001,2026-07-10,2026-07-11
900000000007895,1008,SH01,10001,2026-10-11,2026-10-21
900000000007896,1008,SH01,10001,2026-09-21,2026-10-11
900000000007897,1001,SH03,30301,2026-05-24,2026-10-11
900000000007898,1005,SH03,30301,2026-07-11,2026-11-24
900000000007899,1004,SH01,60601,2026-11-11,2026-07-27
900000000007900,1010,SH03,75201,2026-09-29,2026-10-27
900000000007901,1005,SH03,14201,2026-08-16,2026-06-29
900000000007902,1007,SH01,60601,2026-05-09,2026-06-10
900000000007903,1010,SH01,75201,2026-05-02,2026-05-02
900000000007904,1010,SH02,98101,2026-08-16,2026-08-17
900000000007905,1008,SH01,30301,2026-08-17,2026-06-10
900000000007906,1003,SH01,75201,2026-07-10,2026-05-09
900000000007907,1002,SH02,33101,2026-08-17,2026-10-31
900000000007908,1008,SH02,33101,2026-10-27,2026-05-24
900000000007909,1006,SH01,60652,2026-11-05,2026-09-21
900000000007910,1009,SH03,30301,2026-07-11,2026-07-11
900000000007911,1006,SH02,75201,2026-06-26,2026-07-10
900000000007912,1009,SH01,75201,2026-08-16,2026-10-11
900000000007913,1001,SH03,75201,2026-06-27,2026-10-14
900000000007914,1007,SH01,60601,2026-11-24,2026-05-02
900000000007915,1007,SH01,10001,2026-06-10,2026-06-29
900000000007916,1004,SH02,98101,2026-06-26,2026-08-16
900000000007917,1001,SH01,60601,2026-05-02,2026-10-02
900000000007918,1007,SH02,33101,2026-10-02,2026-06-10
900000000007919,1002,SH03,75201,2026-09-29,2026-11-24
900000000007920,1009,SH03,10001,2026-07-02,2026-06-09
900000000007921,1003,SH03,10001,2026-10-26,2026-07-10
900000000007922,1001,SH01,60652,2026-09-21,2026-05-07
900000000007923,1006,SH01,10001,2026-10-26,2026-07-10
900000000007924,1001,SH02,60652,2026-06-09,2026-09-28
900000000007925,1010,SH03,98101,2026-11-11,2026-10-26
900000000007926,1010,SH01,33101,2026-11-05,2026-09-21
900000000007927,1001,SH01,75201,2026-08-17,2026-10-27
900000000007928,1002,SH01,90210,2026-11-11,2026-07-11
900000000007929,1010,SH02,90210,2026-09-29,2026-06-10
900000000007930,1008,SH03,90210,2026-10-27,2026-06-09
900000000007931,1010,SH03,60601,2026-06-27,2026-11-24
900000000007932,1008,SH01,75201,2026-08-17,2026-08-16
900000000007933,1003,SH02,80201,2026-05-24,2026-06-29
900000000007934,1010,SH02,75201,2026-07-02,2026-05-02
900000000007935,1003,SH03,98101,2026-10-27,2026-07-27
900000000007936,1010,SH02,33101,2026-11-23,2026-11-23
900000000007937,1010,SH02,90210,2026-05-02,2026-06-26
900000000007938,1002,SH01,60652,2026-08-16,2026-11-05
900000000007939,1010,SH02,10001,2026-09-21,2026-10-31
900000000007940,1007,SH01,10001,2026-09-21,2026-11-11
900000000007941,1004,SH01,30301,2026-11-11,2026-08-16
900000000007942,1008,SH01,80201,2026-10-31,2026-11-23
900000000007943,1001,SH02,60652,2026-09-28,2026-05-02
900000000007944,1007,SH02,14201,2026-09-29,2026-09-29
900000000007945,1005,SH01,75201,2026-10-21,2026-11-11
900000000007946,1002,SH03,98101,2026-11-05,2026-06-27
900000000007947,1004,SH02,10001,2026-11-24,2026-06-29
900000000007948,1001,SH02,60601,2026-07-11,2026-09-21
900000000007949,1009,SH02,14201,2026-10-21,2026-10-26
900000000007950,1004,SH01,10001,2026-06-26,2026-11-24
900000000007951,1003,SH02,75201,2026-10-27,2026-05-08
900000000007952,1005,SH01,80201,2026-05-08,2026-05-08
900000000007953,1005,SH02,98101,2026-05-02,2026-10-21
900000000007954,1003,SH01,33101,2026-11-05,2026-06-09
900000000007955,1007,SH03,14201,2026-10-26,2026-11-24
900000000007956,1008,SH02,98101,2026-10-31,2026-10-21
900000000007957,1005,SH02,80201,2026-10-11,2026-08-16
900000000007958,1001,SH03,60601,2026-11-05,2026-10-31
900000000007959,1008,SH02,14201,2026-09-29,2026-07-11
900000000007960,1009,SH03,90210,2026-10-26,2026-10-31
900000000007961,1005,SH01,10001,2026-05-08,2026-07-11
900000000007962,1007,SH03,98101,2026-11-24,2026-11-11
900000000007963,1006,SH03,80201,2026-05-02,2026-06-10
900000000007964,1006,SH01,98101,2026-07-27,2026-11-05
900000000007965,1004,SH01,80201,2026-11-11,2026-06-09
900000000007966,1004,SH03,33101,2026-10-14,2026-10-27
900000000007967,1006,SH03,14201,2026-10-11,2026-10-26
900000000007968,1002,SH01,60601,2026-09-29,2026-05-24
900000000007969,1009,SH02,60601,2026-06-27,2026-05-07
900000000007970,1008,SH01,14201,2026-06-27,2026-07-10
900000000007971,1003,SH02,30301,2026-06-26,2026-05-24
900000000007972,1007,SH03,33101,2026-08-17,2026-05-09
900000000007973,1001,SH03,14201,2026-07-02,2026-05-02
900000000007974,1003,SH03,98101,2026-07-27,2026-11-05
900000000007975,1007,SH02,60601,2026-06-26,2026-08-17
900000000007976,1005,SH03,98101,2026-11-05,2026-10-31
900000000007977,1007,SH03,60652,2026-09-29,2026-10-27
900000000007978,1006,SH03,80201,2026-10-21,2026-06-09
900000000007979,1003,SH01,60652,2026-11-24,2026-05-02
900000000007980,1010,SH03,90210,2026-10-31,2026-11-11
900000000007981,1001,SH03,98101,2026-11-23,2026-11-23
900000000007982,1004,SH03,90210,2026-09-21,2026-08-16
900000000007983,1007,SH01,33101,2026-06-26,2026-05-08
900000000007984,1008,SH03,98101,2026-09-28,2026-11-23
900000000007985,1002,SH01,60601,2026-05-08,2026-10-27
900000000007986,1005,SH03,33101,2026-10-21,2026-10-02
900000000007987,1009,SH03,80201,2026-06-27,2026-10-11
900000000007988,1006,SH02,80201,2026-10-31,2026-07-02
900000000007989,1005,SH02,30301,2026-10-26,2026-08-16
900000000007990,1010,SH02,60652,2026-07-02,2026-11-05
900000000007991,1010,SH01,75201,2026-10-02,2026-09-28
900000000007992,1004,SH01,10001,2026-11-05,2026-09-29
900000000007993,1007,SH01,30301,2026-08-16,2026-06-29
900000000007994,1004,SH03,75201,2026-07-27,2026-09-21
900000000007995,1006,SH02,14201,2026-11-05,2026-09-29
900000000007996,1002,SH03,60601,2026-08-17,2026-07-02
900000000007997,1010,SH03,98101,2026-09-21,2026-10-11
900000000007998,1003,SH03,60601,2026-05-07,2026-10-11
900000000007999,1003,SH03,10001,2026-10-27,2026-05-08
900000000008000,1001,SH03,10001,2026-06-27,2026-06-26
900000000008001,1010,SH01,90210,2026-11-11,2026-07-02
900000000008002,1002,SH02,98101,2026-10-02,2026-07-02
900000000008003,1007,SH03,60601,2026-11-11,2026-05-07
900000000008004,1002,SH02,98101,2026-06-29,2026-09-28
900000000008005,1001,SH01,14201,2026-10-14,2026-11-24
900000000008006,1003,SH03,60601,2026-09-21,2026-10-21
900000000008007,1004,SH01,98101,2026-05-09,2026-06-09
900000000008008,1001,SH02,60652,2026-05-09,2026-10-31
900000000008009,1001,SH02,14201,2026-05-08,2026-09-28
900000000008010,1004,SH01,60652,2026-11-23,2026-08-17
900000000008011,1003,SH02,14201,2026-10-27,2026-07-27
900000000008012,1004,SH03,60652,2026-05-24,2026-07-02
900000000008013,1003,SH01,14201,2026-09-28,2026-10-02
900000000008014,1006,SH02,98101,2026-11-11,2026-10-11
900000000008015,1010,SH01,60652,2026-10-26,2026-08-17
900000000008016,1001,SH01,60652,2026-11-05,2026-11-11
900000000008017,1010,SH03,98101,2026-05-08,2026-09-21
900000000008018,1006,SH03,60652,2026-07-10,2026-06-27
900000000008019,1002,SH02,60601,2026-10-11,2026-10-14
900000000008020,1004,SH03,75201,2026-07-27,2026-11-11
900000000008021,1003,SH01,60601,2026-06-10,2026-09-28
900000000008022,1003,SH02,90210,2026-06-10,2026-05-09
900000000008023,1008,SH03,90210,2026-11-11,2026-08-17
900000000008024,1004,SH02,30301,2026-09-28,2026-06-29
900000000008025,1008,SH03,14201,2026-07-27,2026-08-17
900000000008026,1006,SH03,98101,2026-11-05,2026-10-26
900000000008027,1007,SH02,60601,2026-05-24,2026-10-26
900000000008028,1005,SH03,10001,2026-06-09,2026-11-24
900000000008029,1009,SH03,98101,2026-10-02,2026-05-02
900000000008030,1008,SH03,98101,2026-06-29,2026-06-27
900000000008031,1008,SH02,75201,2026-07-11,2026-06-27
900000000008032,1008,SH01,60652,2026-07-27,2026-05-24
900000000008033,1004,SH03,98101,2026-11-05,2026-09-29
900000000008034,1010,SH02,14201,2026-07-27,2026-05-08
900000000008035,1002,SH03,90210,2026-05-07,2026-05-09
900000000008036,1002,SH02,75201,2026-09-21,2026-09-29
900000000008037,1004,SH01,90210,2026-10-31,2026-06-09
900000000008038,1007,SH03,90210,2026-11-23,2026-11-05
900000000008039,1001,SH02,80201,2026-11-11,2026-07-11
900000000008040,1004,SH01,80201,2026-08-16,2026-07-27
900000000008041,1001,SH01,90210,2026-07-02,2026-10-11
900000000008042,1004,SH01,33101,2026-11-05,2026-11-24
900000000008043,1005,SH01,60601,2026-06-26,2026-07-11
900000000008044,1008,SH03,90210,2026-10-26,2026-11-05
900000000008045,1003,SH01,90210,2026-05-24,2026-05-09
900000000008046,1002,SH01,30301,2026-11-24,2026-11-23
900000000008047,1003,SH02,10001,2026-05-02,2026-05-07
900000000008048,1009,SH01,90210,2026-11-11,2026-06-09
900000000008049,1007,SH02,90210,2026-05-07,2026-09-29
900000000008050,1007,SH02,98101,2026-06-29,2026-10-14
900000000008051,1005,SH02,14201,2026-08-16,2026-10-14
900000000008052,1008,SH02,33101,2026-10-02,2026-10-27
900000000008053,1001,SH01,98101,2026-10-14,2026-05-09
900000000008054,1010,SH02,90210,2026-10-11,2026-05-24
900000000008055,1001,SH01,10001,2026-09-28,2026-09-28
900000000008056,1009,SH01,75201,2026-08-16,2026-11-11
900000000008057,1005,SH03,90210,2026-05-02,2026-10-21
900000000008058,1002,SH03,60601,2026-07-02,2026-10-11
900000000008059,1004,SH03,75201,2026-10-02,2026-10-11
900000000008060,1009,SH01,10001,2026-06-09,2026-05-09
900000000008061,1003,SH03,90210,2026-11-23,2026-09-21
900000000008062,1001,SH02,30301,2026-05-08,2026-11-24
900000000008063,1008,SH01,33101,2026-07-10,2026-10-27
900000000008064,1010,SH03,90210,2026-05-24,2026-09-29
900000000008065,1007,SH01,80201,2026-11-23,2026-10-21
900000000008066,1009,SH03,30301,2026-10-11,2026-11-24
900000000008067,1002,SH01,10001,2026-10-11,2026-10-27
900000000008068,1010,SH01,30301,2026-11-23,2026-09-21
900000000008069,1009,SH01,80201,2026-10-27,2026-05-09
900000000008070,1007,SH01,60652,2026-11-23,2026-05-09
900000000008071,1010,SH02,60652,2026-09-29,2026-07-27
900000000008072,1010,SH01,60652,2026-05-08,2026-10-31
900000000008073,1003,SH02,90210,2026-07-27,2026-11-11
900000000008074,1007,SH03,75201,2026-05-09,2026-10-31
900000000008075,1002,SH02,75201,2026-06-10,2026-07-10
900000000008076,1003,SH02,75201,2026-06-27,2026-11-23
900000000008077,1001,SH03,90210,2026-09-21,2026-07-27
900000000008078,1002,SH02,60652,2026-06-29,2026-07-27
900000000008079,1005,SH03,80201,2026-08-16,2026-11-24
900000000008080,1001,SH02,10001,2026-05-07,2026-10-27
900000000008081,1006,SH03,98101,2026-07-11,2026-07-27
900000000008082,1008,SH01,60652,2026-07-11,2026-10-26
900000000008083,1008,SH02,30301,2026-09-21,2026-10-26
900000000008084,1006,SH02,90210,2026-05-09,2026-10-11
900000000008085,1005,SH01,98101,2026-10-14,2026-09-28
900000000008086,1002,SH03,80201,2026-10-31,2026-06-26
900000000008087,1003,SH01,10001,2026-05-07,2026-11-11
900000000008088,1010,SH01,60652,2026-05-08,2026-10-31
900000000008089,1004,SH03,60601,2026-09-21,2026-10-27
900000000008090,1002,SH02,90210,2026-10-11,2026-08-16
900000000008091,1002,SH02,30301,2026-08-16,2026-05-02
900000000008092,1002,SH01,10001,2026-08-17,2026-09-21
900000000008093,1001,SH02,80201,2026-10-14,2026-10-21
900000000008094,1008,SH02,30301,2026-09-28,2026-06-29
900000000008095,1001,SH01,60652,2026-10-21,2026-09-29
900000000008096,1010,SH02,80201,2026-07-02,2026-08-17
900000000008097,1005,SH02,80201,2026-05-24,2026-05-09
900000000008098,1005,SH02,60652,2026-05-09,2026-08-16
900000000008099,1007,SH02,33101,2026-06-10,2026-07-10
900000000008100,1001,SH02,60601,2026-10-02,2026-09-28
900000000008101,1002,SH03,14201,2026-10-11,2026-09-21
900000000008102,1002,SH03,14201,2026-05-08,2026-09-21
900000000008103,1003,SH03,90210,2026-06-29,2026-06-09
900000000008104,1005,SH01,98101,2026-06-26,2026-10-26
900000000008105,1006,SH01,14201,2026-10-27,2026-07-10
900000000008106,1006,SH03,14201,2026-06-10,2026-10-02
900000000008107,1001,SH01,60652,2026-07-11,2026-05-07
900000000008108,1004,SH01,10001,2026-07-11,2026-06-27
900000000008109,1007,SH03,90210,2026-10-21,2026-06-27
900000000008110,1007,SH03,75201,2026-08-17,2026-10-14
900000000008111,1008,SH02,14201,2026-06-27,2026-10-27
900000000008112,1010,SH03,75201,2026-08-16,2026-06-09
900000000008113,1003,SH02,33101,2026-07-10,2026-07-10
900000000008114,1002,SH03,14201,2026-05-07,2026-06-09
900000000008115,1002,SH01,30301,2026-10-26,2026-06-27
900000000008116,1002,SH03,14201,2026-05-24,2026-08-17
900000000008117,1005,SH02,10001,2026-09-29,2026-08-17
900000000008118,1005,SH01,30301,2026-05-02,2026-11-23
900000000008119,1001,SH03,80201,2026-06-09,2026-05-24
900000000008120,1003,SH01,98101,2026-09-29,2026-07-10
900000000008121,1009,SH03,60652,2026-10-02,2026-07-11
900000000008122,1004,SH01,30301,2026-11-05,2026-11-05
900000000008123,1004,SH01,14201,2026-08-16,2026-06-27
900000000008124,1004,SH03,10001,2026-10-27,2026-10-26
900000000008125,1008,SH02,10001,2026-06-26,2026-07-11
900000000008126,1009,SH01,10001,2026-06-29,2026-10-31
900000000008127,1008,SH03,60652,2026-09-21,2026-10-14
900000000008128,1003,SH02,75201,2026-11-23,2026-10-14
900000000008129,1006,SH03,75201,2026-09-29,2026-05-07
900000000008130,1001,SH02,14201,2026-10-27,2026-09-21
900000000008131,1010,SH03,14201,2026-06-09,2026-07-02
900000000008132,1004,SH03,60652,2026-05-09,2026-06-29
900000000008133,1005,SH02,60652,2026-09-28,2026-09-28
900000000008134,1001,SH01,80201,2026-05-02,2026-05-07
900000000008135,1008,SH03,10001,2026-06-29,2026-05-24
900000000008136,1003,SH03,33101,2026-05-24,2026-10-14
900000000008137,1008,SH01,60652,2026-07-10,2026-07-10
900000000008138,1008,SH01,30301,2026-06-27,2026-07-11
900000000008139,1008,SH02,60601,2026-11-05,2026-10-31
900000000008140,1009,SH02,30301,2026-06-26,2026-09-29
900000000008141,1005,SH03,60652,2026-10-26,2026-09-29
900000000008142,1003,SH02,90210,2026-07-27,2026-10-26
900000000008143,1008,SH01,98101,2026-09-29,2026-06-29
900000000008144,1004,SH01,90210,2026-05-09,2026-05-09
900000000008145,1004,SH03,14201,2026-06-09,2026-05-09
900000000008146,1002,SH03,60652,2026-06-29,2026-06-09
900000000008147,1002,SH03,60601,2026-10-31,2026-05-08
900000000008148,1003,SH02,98101,2026-11-23,2026-10-11
900000000008149,1008,SH01,60652,2026-10-02,2026-10-26
900000000008150,1006,SH03,75201,2026-11-05,2026-05-24
900000000008151,1003,SH02,60652,2026-10-11,2026-11-23
900000000008152,1010,SH02,98101,2026-10-27,2026-09-28
900000000008153,1005,SH02,75201,2026-10-21,2026-06-29
900000000008154,1009,SH02,10001,2026-10-27,2026-10-14
900000000008155,1005,SH03,33101,2026-11-23,2026-10-27
900000000008156,1004,SH01,30301,2026-07-10,2026-10-21
900000000008157,1009,SH01,90210,2026-10-26,2026-09-21
900000000008158,1002,SH02,10001,2026-05-09,2026-08-17
900000000008159,1009,SH01,80201,2026-05-09,2026-05-09
900000000008160,1010,SH02,60601,2026-06-10,2026-06-27
900000000008161,1003,SH03,33101,2026-08-16,2026-09-21
900000000008162,1005,SH01,60652,2026-11-05,2026-06-27
900000000008163,1004,SH01,33101,2026-07-27,2026-05-02
900000000008164,1008,SH01,75201,2026-11-24,2026-10-02
900000000008165,1005,SH02,98101,2026-06-29,2026-09-29
900000000008166,1009,SH01,60652,2026-11-11,2026-08-17
900000000008167,1009,SH01,14201,2026-08-16,2026-10-21
900000000008168,1007,SH03,60601,2026-05-07,2026-07-10
900000000008169,1004,SH01,75201,2026-09-28,2026-10-14
900000000008170,1010,SH02,10001,2026-06-29,2026-05-02
900000000008171,1003,SH03,98101,2026-05-07,2026-11-23
900000000008172,1002,SH03,75201,2026-07-10,2026-07-10
900000000008173,1001,SH03,10001,2026-05-08,2026-05-24
900000000008174,1006,SH01,98101,2026-07-27,2026-06-09
900000000008175,1003,SH02,90210,2026-11-23,2026-10-21
900000000008176,1001,SH02,60601,2026-10-21,2026-10-02
900000000008177,1003,SH01,33101,2026-11-05,2026-06-26
900000000008178,1006,SH02,14201,2026-06-09,2026-10-02
900000000008179,1006,SH03,60652,2026-06-27,2026-09-29
900000000008180,1007,SH02,30301,2026-08-16,2026-11-11
900000000008181,1006,SH01,98101,2026-11-05,2026-11-23
900000000008182,1003,SH03,60601,2026-05-02,2026-08-16
900000000008183,1001,SH02,60652,2026-08-17,2026-06-26
900000000008184,1001,SH03,30301,2026-05-24,2026-05-07
900000000008185,1005,SH02,14201,2026-10-14,2026-06-26
900000000008186,1008,SH01,33101,2026-06-27,2026-06-10
900000000008187,1002,SH01,30301,2026-08-16,2026-05-09
900000000008188,1010,SH01,90210,2026-06-10,2026-06-10
900000000008189,1003,SH02,80201,2026-08-16,2026-10-26
900000000008190,1010,SH01,98101,2026-06-09,2026-05-24
900000000008191,1005,SH03,10001,2026-11-05,2026-09-29
900000000008192,1001,SH03,14201,2026-05-02,2026-06-27
900000000008193,1009,SH01,98101,2026-07-27,2026-09-29
900000000008194,1006,SH02,14201,2026-05-09,2026-09-21
900000000008195,1002,SH02,80201,2026-09-21,2026-10-11
900000000008196,1004,SH01,33101,2026-06-10,2026-05-09
900000000008197,1003,SH02,30301,2026-11-05,2026-09-29
900000000008198,1002,SH03,60601,2026-07-10,2026-09-28
900000000008199,1001,SH01,60652,2026-05-08,2026-07-11
900000000008200,1008,SH02,60652,2026-06-27,2026-10-27
900000000008201,1001,SH01,60601,2026-09-21,2026-09-29
900000000008202,1007,SH01,98101,2026-10-11,2026-06-26
900000000008203,1003,SH02,10001,2026-10-31,2026-10-27
900000000008204,1009,SH02,80201,2026-07-11,2026-05-07
900000000008205,1007,SH02,10001,2026-06-29,2026-05-24
900000000008206,1006,SH02,60652,2026-07-02,2026-10-02
900000000008207,1002,SH02,14201,2026-05-02,2026-11-05
900000000008208,1004,SH01,75201,2026-08-16,2026-06-29
900000000008209,1004,SH01,33101,2026-11-24,2026-06-10
900000000008210,1006,SH01,60652,2026-07-11,2026-10-11
900000000008211,1006,SH03,33101,2026-06-29,2026-10-14
900000000008212,1009,SH02,60652,2026-06-29,2026-06-10
900000000008213,1007,SH03,33101,2026-06-26,2026-07-27
900000000008214,1010,SH03,90210,2026-05-07,2026-08-16
900000000008215,1004,SH01,90210,2026-07-02,2026-09-28
900000000008216,1007,SH03,80201,2026-05-02,2026-08-17
900000000008217,1007,SH01,60652,2026-06-10,2026-11-23
900000000008218,1007,SH02,33101,2026-08-16,2026-06-10
900000000008219,1008,SH02,75201,2026-11-23,2026-10-21
900000000008220,1009,SH03,30301,2026-08-17,2026-10-21
900000000008221,1005,SH03,14201,2026-07-27,2026-05-02
900000000008222,1003,SH01,30301,2026-07-02,2026-07-27
900000000008223,1003,SH03,60652,2026-06-27,2026-06-10
900000000008224,1004,SH02,60652,2026-11-11,2026-09-28
900000000008225,1007,SH02,14201,2026-10-02,2026-06-10
900000000008226,1009,SH03,60601,2026-09-28,2026-10-26
900000000008227,1007,SH03,90210,2026-10-11,2026-10-11
900000000008228,1010,SH03,60601,2026-06-09,2026-08-17
900000000008229,1006,SH03,14201,2026-09-21,2026-10-27
900000000008230,1008,SH03,80201,2026-06-09,2026-07-11
900000000008231,1003,SH02,98101,2026-08-17,2026-09-28
900000000008232,1004,SH01,75201,2026-06-27,2026-10-14
900000000008233,1010,SH03,14201,2026-05-08,2026-11-11
900000000008234,1006,SH02,14201,2026-08-17,2026-11-24
900000000008235,1004,SH03,14201,2026-05-08,2026-10-31
900000000008236,1010,SH01,14201,2026-09-21,2026-11-11
900000000008237,1004,SH01,33101,2026-05-08,2026-06-09
900000000008238,1004,SH02,60652,2026-06-10,2026-07-10
900000000008239,1008,SH03,10001,2026-05-08,2026-11-23
900000000008240,1001,SH02,14201,2026-05-02,2026-10-27
900000000008241,1003,SH03,14201,2026-06-10,2026-10-21
900000000008242,1003,SH02,80201,2026-05-24,2026-05-08
900000000008243,1004,SH02,14201,2026-07-11,2026-06-29
900000000008244,1006,SH01,33101,2026-06-10,2026-06-27
900000000008245,1006,SH03,75201,2026-06-09,2026-11-11
900000000008246,1005,SH01,30301,2026-06-10,2026-10-11
900000000008247,1003,SH01,90210,2026-06-27,2026-11-24
900000000008248,1008,SH01,14201,2026-07-02,2026-10-02
900000000008249,1006,SH03,60601,2026-07-11,2026-10-14
900000000008250,1008,SH03,60652,2026-06-09,2026-08-17
900000000008251,1005,SH03,14201,2026-07-02,2026-10-02
900000000008252,1010,SH02,33101,2026-10-31,2026-05-07
900000000008253,1002,SH01,30301,2026-10-02,2026-06-29
900000000008254,1009,SH02,60652,2026-06-09,2026-05-24
900000000008255,1006,SH01,60601,2026-09-29,2026-11-11
900000000008256,1010,SH03,33101,2026-06-09,2026-06-29
900000000008257,1006,SH01,60652,2026-05-09,2026-07-27
900000000008258,1009,SH01,80201,2026-09-21,2026-08-16
900000000008259,1005,SH03,75201,2026-11-05,2026-09-28
900000000008260,1010,SH01,30301,2026-06-26,2026-07-27
900000000008261,1010,SH01,98101,2026-06-27,2026-10-26
900000000008262,1004,SH03,80201,2026-07-27,2026-10-14
900000000008263,1005,SH03,33101,2026-06-09,2026-10-02
900000000008264,1003,SH01,75201,2026-06-26,2026-10-14
900000000008265,1006,SH01,30301,2026-06-26,2026-11-23
900000000008266,1003,SH02,75201,2026-10-11,2026-10-27
900000000008267,1001,SH03,80201,2026-11-05,2026-07-27
900000000008268,1008,SH01,33101,2026-06-27,2026-09-29
900000000008269,1002,SH02,90210,2026-10-27,2026-08-16
900000000008270,1010,SH02,33101,2026-10-27,2026-06-29
900000000008271,1008,SH02,60601,2026-08-16,2026-10-26
900000000008272,1006,SH03,30301,2026-08-16,2026-09-29
900000000008273,1006,SH02,60652,2026-07-27,2026-11-05
900000000008274,1010,SH02,30301,2026-05-08,2026-10-31
900000000008275,1005,SH03,10001,2026-10-27,2026-10-31
900000000008276,1008,SH01,60601,2026-11-05,2026-10-31
900000000008277,1007,SH02,75201,2026-11-23,2026-10-27
900000000008278,1003,SH02,80201,2026-06-26,2026-10-21
900000000008279,1002,SH01,98101,2026-05-07,2026-09-28
900000000008280,1008,SH01,75201,2026-10-14,2026-10-21
900000000008281,1005,SH02,33101,2026-11-11,2026-05-07
900000000008282,1010,SH03,60652,2026-06-29,2026-10-02
900000000008283,1002,SH02,33101,2026-11-11,2026-05-08
900000000008284,1006,SH03,60652,2026-10-14,2026-05-02
900000000008285,1007,SH03,14201,2026-05-08,2026-07-10
900000000008286,1010,SH02,33101,2026-06-09,2026-06-10
900000000008287,1004,SH02,90210,2026-06-27,2026-11-24
900000000008288,1008,SH03,90210,2026-10-26,2026-07-10
900000000008289,1005,SH01,60601,2026-06-29,2026-06-29
900000000008290,1005,SH02,98101,2026-10-14,2026-10-14
900000000008291,1007,SH03,33101,2026-06-26,2026-09-21
900000000008292,1010,SH01,30301,2026-11-11,2026-07-02
900000000008293,1006,SH03,75201,2026-10-14,2026-10-27
900000000008294,1005,SH01,33101,2026-09-21,2026-07-10
900000000008295,1002,SH01,75201,2026-06-27,2026-06-09
900000000008296,1008,SH03,75201,2026-08-16,2026-06-26
900000000008297,1004,SH01,30301,2026-05-02,2026-07-02
900000000008298,1009,SH03,75201,2026-08-16,2026-05-08
900000000008299,1004,SH02,33101,2026-06-10,2026-05-09
900000000008300,1010,SH01,30301,2026-06-27,2026-10-21
900000000008301,1010,SH01,80201,2026-05-07,2026-05-08
900000000008302,1004,SH01,14201,2026-11-23,2026-07-27
900000000008303,1010,SH03,75201,2026-11-11,2026-08-16
900000000008304,1009,SH02,80201,2026-06-29,2026-09-28
900000000008305,1001,SH03,14201,2026-06-10,2026-05-08
900000000008306,1010,SH02,33101,2026-05-24,2026-10-31
900000000008307,1008,SH03,80201,2026-10-26,2026-06-27
900000000008308,1004,SH03,75201,2026-11-05,2026-07-11
900000000008309,1009,SH03,98101,2026-09-29,2026-05-09
900000000008310,1004,SH03,90210,2026-09-29,2026-11-11
900000000008311,1001,SH02,90210,2026-08-16,2026-09-28
900000000008312,1004,SH03,60652,2026-05-08,2026-07-10
900000000008313,1006,SH02,98101,2026-09-21,2026-05-24
900000000008314,1008,SH02,14201,2026-05-07,2026-07-10
900000000008315,1010,SH01,10001,2026-05-09,2026-09-29
900000000008316,1008,SH01,30301,2026-10-14,2026-06-27
900000000008317,1008,SH01,33101,2026-11-11,2026-05-07
900000000008318,1003,SH01,60652,2026-07-27,2026-09-28
900000000008319,1010,SH01,30301,2026-05-02,2026-11-23
900000000008320,1006,SH02,90210,2026-07-02,2026-05-08
900000000008321,1008,SH03,10001,2026-05-08,2026-10-27
900000000008322,1003,SH02,60601,2026-06-27,2026-10-27
900000000008323,1007,SH02,75201,2026-09-21,2026-11-24
900000000008324,1008,SH01,60652,2026-06-10,2026-09-21
900000000008325,1009,SH02,60601,2026-06-27,2026-11-24
900000000008326,1003,SH03,75201,2026-05-07,2026-11-11
900000000008327,1001,SH03,80201,2026-10-14,2026-08-16
900000000008328,1003,SH01,75201,2026-06-27,2026-10-31
900000000008329,1009,SH02,98101,2026-06-29,2026-09-29
900000000008330,1007,SH01,30301,2026-05-02,2026-11-05
900000000008331,1002,SH03,10001,2026-10-31,2026-06-26
900000000008332,1001,SH03,98101,2026-05-07,2026-11-11
900000000008333,1008,SH03,33101,2026-10-31,2026-06-26
900000000008334,1003,SH02,98101,2026-06-27,2026-05-09
900000000008335,1007,SH02,30301,2026-06-29,2026-08-17
900000000008336,1002,SH01,90210,2026-05-08,2026-06-09
900000000008337,1005,SH03,75201,2026-07-02,2026-10-02
900000000008338,1010,SH02,14201,2026-07-10,2026-11-24
900000000008339,1001,SH02,30301,2026-08-16,2026-08-17
900000000008340,1007,SH02,75201,2026-10-31,2026-07-10
900000000008341,1004,SH03,80201,2026-11-05,2026-05-02
900000000008342,1008,SH02,10001,2026-08-17,2026-10-31
900000000008343,1007,SH02,30301,2026-05-07,2026-07-11
900000000008344,1001,SH02,80201,2026-09-29,2026-06-29
900000000008345,1007,SH02,30301,2026-07-02,2026-05-08
900000000008346,1010,SH03,60652,2026-11-05,2026-08-17
900000000008347,1006,SH03,30301,2026-05-08,2026-10-26
900000000008348,1002,SH02,98101,2026-10-11,2026-11-11
900000000008349,1003,SH01,60601,2026-07-10,2026-06-27
900000000008350,1005,SH03,75201,2026-05-07,2026-11-23
900000000008351,1005,SH02,33101,2026-07-10,2026-10-27
900000000008352,1001,SH02,90210,2026-08-17,2026-05-08
900000000008353,1005,SH01,60652,2026-10-31,2026-11-11
900000000008354,1010,SH01,10001,2026-10-11,2026-08-17
900000000008355,1009,SH03,90210,2026-06-29,2026-10-02
900000000008356,1008,SH03,60601,2026-10-02,2026-09-28
900000000008357,1004,SH01,98101,2026-11-23,2026-08-17
900000000008358,1006,SH01,10001,2026-05-02,2026-10-02
900000000008359,1003,SH01,75201,2026-05-02,2026-06-10
900000000008360,1010,SH01,90210,2026-10-31,2026-06-26
900000000008361,1009,SH02,10001,2026-11-05,2026-10-21
900000000008362,1009,SH03,30301,2026-07-10,2026-05-09
900000000008363,1008,SH01,10001,2026-09-28,2026-05-24
900000000008364,1010,SH02,33101,2026-09-29,2026-06-26
900000000008365,1001,SH02,75201,2026-07-10,2026-10-21
900000000008366,1010,SH03,10001,2026-06-29,2026-06-10
900000000008367,1002,SH01,60601,2026-11-05,2026-05-09
900000000008368,1010,SH01,30301,2026-07-11,2026-05-09
900000000008369,1002,SH01,33101,2026-11-23,2026-08-17
900000000008370,1005,SH01,14201,2026-09-28,2026-11-11
900000000008371,1009,SH03,80201,2026-05-02,2026-06-10
900000000008372,1005,SH03,14201,2026-10-27,2026-08-16
900000000008373,1007,SH02,30301,2026-10-11,2026-11-11
900000000008374,1005,SH03,33101,2026-10-02,2026-11-05
900000000008375,1002,SH02,30301,2026-10-14,2026-05-24
900000000008376,1008,SH01,30301,2026-10-02,2026-10-26
900000000008377,1004,SH01,14201,2026-07-27,2026-10-11
900000000008378,1009,SH02,10001,2026-06-26,2026-05-07
900000000008379,1002,SH01,75201,2026-05-24,2026-05-09
900000000008380,1008,SH01,75201,2026-07-11,2026-06-27
900000000008381,1002,SH03,30301,2026-08-17,2026-10-21
900000000008382,1001,SH03,60601,2026-07-11,2026-05-24
900000000008383,1010,SH03,90210,2026-06-27,2026-06-26
900000000008384,1005,SH02,10001,2026-07-11,2026-06-10
900000000008385,1002,SH01,14201,2026-06-27,2026-10-02
900000000008386,1002,SH02,80201,2026-10-31,2026-05-08
900000000008387,1009,SH03,90210,2026-11-11,2026-06-27
900000000008388,1003,SH02,90210,2026-08-16,2026-08-16
900000000008389,1004,SH03,30301,2026-10-26,2026-07-02
900000000008390,1001,SH02,80201,2026-07-11,2026-10-14
900000000008391,1006,SH01,90210,2026-06-10,2026-06-26
900000000008392,1007,SH01,80201,2026-06-26,2026-11-23
900000000008393,1006,SH01,60601,2026-05-24,2026-09-21
900000000008394,1006,SH01,80201,2026-10-31,2026-06-10
900000000008395,1008,SH01,33101,2026-10-02,2026-06-09
900000000008396,1008,SH02,60601,2026-10-02,2026-10-11
900000000008397,1005,SH03,60601,2026-05-24,2026-11-05
900000000008398,1008,SH03,75201,2026-05-09,2026-06-10
900000000008399,1007,SH01,98101,2026-11-23,2026-10-31
900000000008400,1006,SH03,80201,2026-06-27,2026-10-02
900000000008401,1010,SH01,98101,2026-11-11,2026-05-24
900000000008402,1008,SH03,60652,2026-10-26,2026-10-31
900000000008403,1001,SH01,14201,2026-07-11,2026-07-02
900000000008404,1010,SH03,60601,2026-11-11,2026-11-05
900000000008405,1001,SH02,10001,2026-11-11,2026-05-09
900000000008406,1004,SH02,14201,2026-06-29,2026-08-16
900000000008407,1009,SH01,90210,2026-11-11,2026-06-10
900000000008408,1006,SH01,10001,2026-05-02,2026-06-29
900000000008409,1007,SH01,60652,2026-07-02,2026-11-23
900000000008410,1002,SH03,33101,2026-07-11,2026-07-10
900000000008411,1005,SH01,30301,2026-07-10,2026-05-24
900000000008412,1006,SH03,33101,2026-06-29,2026-10-21
900000000008413,1003,SH02,33101,2026-08-17,2026-05-09
900000000008414,1003,SH01,80201,2026-07-02,2026-05-08
900000000008415,1006,SH02,10001,2026-09-28,2026-11-05
900000000008416,1005,SH03,98101,2026-09-29,2026-05-24
900000000008417,1005,SH03,80201,2026-06-26,2026-09-21
900000000008418,1001,SH03,98101,2026-06-27,2026-10-11
900000000008419,1001,SH02,33101,2026-05-07,2026-08-17
900000000008420,1010,SH01,33101,2026-05-09,2026-05-08
900000000008421,1001,SH03,80201,2026-10-26,2026-06-29
900000000008422,1003,SH01,80201,2026-10-02,2026-09-28
900000000008423,1009,SH03,60601,2026-06-10,2026-06-26
900000000008424,1010,SH03,98101,2026-05-24,2026-09-21
900000000008425,1001,SH02,60601,2026-11-24,2026-10-26
900000000008426,1003,SH01,98101,2026-05-09,2026-11-23
900000000008427,1004,SH02,60601,2026-10-11,2026-07-11
900000000008428,1001,SH01,60601,2026-08-17,2026-08-17
900000000008429,1009,SH03,30301,2026-11-11,2026-10-27
900000000008430,1002,SH03,33101,2026-05-24,2026-10-27
900000000008431,1002,SH03,10001,2026-06-26,2026-10-02
900000000008432,1003,SH02,75201,2026-07-02,2026-09-21
900000000008433,1008,SH02,30301,2026-11-11,2026-05-02
900000000008434,1010,SH01,60601,2026-07-27,2026-05-09
900000000008435,1007,SH02,90210,2026-05-08,2026-06-26
900000000008436,1002,SH03,33101,2026-06-29,2026-07-11
900000000008437,1005,SH01,75201,2026-07-11,2026-09-21
900000000008438,1007,SH03,90210,2026-10-31,2026-07-10
900000000008439,1009,SH02,80201,2026-05-24,2026-05-02
900000000008440,1006,SH02,98101,2026-11-24,2026-10-21
900000000008441,1007,SH01,14201,2026-10-11,2026-08-17
900000000008442,1002,SH01,98101,2026-10-02,2026-10-11
900000000008443,1001,SH03,98101,2026-05-09,2026-06-10
900000000008444,1006,SH03,75201,2026-05-02,2026-07-02
900000000008445,1010,SH02,30301,2026-11-05,2026-09-28
900000000008446,1006,SH03,90210,2026-05-07,2026-09-29
900000000008447,1002,SH02,33101,2026-07-02,2026-09-28
900000000008448,1006,SH01,33101,2026-10-11,2026-10-11
900000000008449,1003,SH01,10001,2026-10-21,2026-10-26
900000000008450,1005,SH03,75201,2026-09-29,2026-10-27
900000000008451,1005,SH02,14201,2026-09-29,2026-06-27
900000000008452,1005,SH02,80201,2026-05-02,2026-05-24
900000000008453,1002,SH02,80201,2026-11-24,2026-06-26
900000000008454,1004,SH03,60601,2026-07-02,2026-08-16
900000000008455,1003,SH01,10001,2026-10-11,2026-05-24
900000000008456,1010,SH01,30301,2026-06-27,2026-10-27
900000000008457,1009,SH01,10001,2026-07-11,2026-05-09
900000000008458,1003,SH02,60652,2026-11-11,2026-11-11
900000000008459,1007,SH03,14201,2026-10-26,2026-11-24
900000000008460,1005,SH02,14201,2026-05-24,2026-11-05
900000000008461,1001,SH02,75201,2026-10-11,2026-11-11
900000000008462,1008,SH02,14201,2026-06-29,2026-06-09
900000000008463,1005,SH02,30301,2026-10-02,2026-05-02
900000000008464,1002,SH01,14201,2026-07-11,2026-10-02
900000000008465,1007,SH03,98101,2026-08-16,2026-09-21
900000000008466,1008,SH01,60601,2026-09-29,2026-10-21
900000000008467,1004,SH02,30301,2026-10-14,2026-07-11
900000000008468,1005,SH03,60601,2026-06-09,2026-11-11
900000000008469,1002,SH02,14201,2026-11-24,2026-10-14
900000000008470,1005,SH02,75201,2026-08-17,2026-10-31
900000000008471,1004,SH02,60652,2026-10-02,2026-06-27
900000000008472,1010,SH02,33101,2026-09-28,2026-06-27
900000000008473,1008,SH01,14201,2026-10-21,2026-05-08
900000000008474,1009,SH01,33101,2026-07-02,2026-09-29
900000000008475,1005,SH03,33101,2026-07-02,2026-11-24
900000000008476,1002,SH01,10001,2026-10-31,2026-05-09
900000000008477,1001,SH02,60652,2026-10-27,2026-07-11
900000000008478,1005,SH01,60601,2026-06-09,2026-08-17
900000000008479,1004,SH02,10001,2026-11-05,2026-10-02
900000000008480,1010,SH03,33101,2026-10-31,2026-08-17
900000000008481,1004,SH03,90210,2026-08-17,2026-10-21
900000000008482,1001,SH01,90210,2026-10-02,2026-09-21
900000000008483,1006,SH03,60601,2026-11-05,2026-08-17
900000000008484,1001,SH02,10001,2026-10-21,2026-06-26
900000000008485,1002,SH02,80201,2026-07-11,2026-07-27
900000000008486,1006,SH03,60601,2026-08-17,2026-10-21
900000000008487,1006,SH03,80201,2026-11-23,2026-06-09
900000000008488,1008,SH01,14201,2026-05-07,2026-08-17
900000000008489,1002,SH02,75201,2026-09-29,2026-06-26
900000000008490,1001,SH03,75201,2026-09-28,2026-11-05
900000000008491,1004,SH03,90210,2026-07-11,2026-11-23
900000000008492,1009,SH03,98101,2026-07-11,2026-06-27
900000000008493,1007,SH02,60652,2026-07-10,2026-05-08
900000000008494,1007,SH02,10001,2026-05-24,2026-11-24
900000000008495,1005,SH01,98101,2026-05-02,2026-10-11
900000000008496,1001,SH03,75201,2026-11-23,2026-05-09
900000000008497,1004,SH02,90210,2026-09-28,2026-10-21
900000000008498,1003,SH02,80201,2026-07-10,2026-05-24
900000000008499,1007,SH01,10001,2026-08-17,2026-09-28
900000000008500,1002,SH01,14201,2026-05-07,2026-05-08
900000000008501,1010,SH03,14201,2026-10-27,2026-07-11
900000000008502,1010,SH03,33101,2026-05-09,2026-10-02
900000000008503,1008,SH01,30301,2026-10-31,2026-06-26
900000000008504,1008,SH02,14201,2026-10-31,2026-08-17
900000000008505,1004,SH02,80201,2026-05-24,2026-06-27
900000000008506,1007,SH02,75201,2026-07-11,2026-05-24
900000000008507,1007,SH03,60652,2026-09-29,2026-09-21
900000000008508,1001,SH01,80201,2026-05-08,2026-05-24
900000000008509,1010,SH02,75201,2026-07-27,2026-10-21
900000000008510,1003,SH01,90210,2026-05-09,2026-06-29
900000000008511,1003,SH02,14201,2026-05-08,2026-05-24
900000000008512,1004,SH02,33101,2026-10-21,2026-05-02
900000000008513,1010,SH01,30301,2026-11-11,2026-07-11
900000000008514,1008,SH01,14201,2026-06-09,2026-07-11
900000000008515,1007,SH03,75201,2026-11-24,2026-10-26
900000000008516,1002,SH03,75201,2026-06-27,2026-11-05
900000000008517,1008,SH02,14201,2026-10-31,2026-05-02
900000000008518,1009,SH03,14201,2026-07-10,2026-09-21
900000000008519,1005,SH02,98101,2026-06-10,2026-06-10
900000000008520,1001,SH02,10001,2026-06-09,2026-06-27
900000000008521,1007,SH03,14201,2026-10-26,2026-11-23
900000000008522,1002,SH01,75201,2026-08-17,2026-06-26
900000000008523,1003,SH01,75201,2026-10-27,2026-11-05
900000000008524,1008,SH02,75201,2026-05-08,2026-07-02
900000000008525,1005,SH03,14201,2026-10-21,2026-05-07
900000000008526,1010,SH03,30301,2026-10-26,2026-08-16
900000000008527,1003,SH03,60601,2026-06-27,2026-06-29
900000000008528,1001,SH01,75201,2026-11-24,2026-07-02
900000000008529,1003,SH03,98101,2026-07-02,2026-10-02
900000000008530,1004,SH03,98101,2026-05-08,2026-06-27
900000000008531,1010,SH01,90210,2026-06-09,2026-06-27
900000000008532,1010,SH02,98101,2026-05-07,2026-09-28
900000000008533,1002,SH01,60601,2026-11-23,2026-11-05
900000000008534,1004,SH03,33101,2026-10-21,2026-09-28
900000000008535,1001,SH02,60652,2026-10-31,2026-09-28
900000000008536,1005,SH01,60601,2026-06-29,2026-10-21
900000000008537,1004,SH01,60601,2026-10-27,2026-06-26
900000000008538,1009,SH03,30301,2026-07-10,2026-09-21
900000000008539,1006,SH01,75201,2026-07-10,2026-10-02
900000000008540,1001,SH03,90210,2026-11-23,2026-10-21
900000000008541,1007,SH01,80201,2026-09-29,2026-10-26
900000000008542,1004,SH01,60601,2026-05-08,2026-11-05
900000000008543,1004,SH02,33101,2026-05-07,2026-07-27
900000000008544,1007,SH03,30301,2026-06-26,2026-08-16
900000000008545,1004,SH03,60601,2026-09-28,2026-11-05
900000000008546,1009,SH01,60652,2026-09-28,2026-08-16
900000000008547,1010,SH01,14201,2026-11-24,2026-05-02
900000000008548,1003,SH02,60652,2026-05-24,2026-06-09
900000000008549,1004,SH02,14201,2026-11-23,2026-10-27
900000000008550,1007,SH01,75201,2026-09-21,2026-10-02
900000000008551,1001,SH02,60652,2026-10-11,2026-05-02
900000000008552,1007,SH01,60652,2026-07-02,2026-08-17
900000000008553,1001,SH03,80201,2026-10-26,2026-10-31
900000000008554,1008,SH01,98101,2026-05-09,2026-10-21
900000000008555,1008,SH03,33101,2026-06-29,2026-06-26
900000000008556,1010,SH01,75201,2026-06-10,2026-11-05
900000000008557,1003,SH02,10001,2026-06-27,2026-07-10
900000000008558,1002,SH01,14201,2026-06-29,2026-10-27
900000000008559,1008,SH01,75201,2026-10-26,2026-05-08
900000000008560,1009,SH02,30301,2026-06-29,2026-10-21
900000000008561,1003,SH03,90210,2026-10-14,2026-09-28
900000000008562,1009,SH01,14201,2026-10-31,2026-11-23
900000000008563,1007,SH01,10001,2026-11-23,2026-07-27
900000000008564,1010,SH02,98101,2026-11-24,2026-08-16
900000000008565,1001,SH01,75201,2026-05-02,2026-11-24
900000000008566,1008,SH03,60601,2026-06-29,2026-07-11
900000000008567,1002,SH03,90210,2026-11-24,2026-07-02
900000000008568,1008,SH03,98101,2026-09-28,2026-06-27
900000000008569,1005,SH01,80201,2026-08-17,2026-09-21
900000000008570,1004,SH03,80201,2026-07-10,2026-10-11
900000000008571,1007,SH01,33101,2026-09-28,2026-09-29
900000000008572,1007,SH01,10001,2026-05-24,2026-06-29
900000000008573,1008,SH01,30301,2026-11-11,2026-08-16
900000000008574,1003,SH01,10001,2026-05-08,2026-06-27
900000000008575,1010,SH01,98101,2026-10-11,2026-05-08
900000000008576,1009,SH03,14201,2026-10-31,2026-11-23
900000000008577,1003,SH01,90210,2026-07-02,2026-11-05
900000000008578,1006,SH01,60601,2026-09-29,2026-10-21
900000000008579,1010,SH01,75201,2026-07-10,2026-10-11
900000000008580,1003,SH03,10001,2026-10-21,2026-10-11
900000000008581,1008,SH02,30301,2026-05-24,2026-06-29
900000000008582,1009,SH03,75201,2026-10-14,2026-07-10
900000000008583,1007,SH03,60601,2026-11-11,2026-10-14
900000000008584,1001,SH03,60601,2026-06-29,2026-07-02
900000000008585,1005,SH03,10001,2026-05-07,2026-11-05
900000000008586,1003,SH01,30301,2026-10-02,2026-05-08
900000000008587,1005,SH01,33101,2026-05-02,2026-06-10
900000000008588,1010,SH01,60652,2026-07-27,2026-10-26
900000000008589,1009,SH02,30301,2026-07-27,2026-06-10
900000000008590,1007,SH01,33101,2026-10-02,2026-09-29
900000000008591,1007,SH02,33101,2026-10-26,2026-07-11
900000000008592,1008,SH02,60601,2026-08-17,2026-06-29
900000000008593,1010,SH01,90210,2026-08-16,2026-07-02
900000000008594,1007,SH03,60601,2026-05-09,2026-09-29
900000000008595,1010,SH03,60652,2026-10-02,2026-09-21
900000000008596,1003,SH03,60601,2026-11-24,2026-10-02
900000000008597,1004,SH03,98101,2026-11-05,2026-10-21
900000000008598,1001,SH01,90210,2026-06-09,2026-06-27
900000000008599,1006,SH03,75201,2026-11-23,2026-05-07
900000000008600,1010,SH03,75201,2026-10-31,2026-11-05
900000000008601,1002,SH01,60601,2026-07-11,2026-08-16
900000000008602,1009,SH02,33101,2026-07-27,2026-06-09
900000000008603,1007,SH01,60652,2026-05-07,2026-11-24
900000000008604,1002,SH01,80201,2026-06-10,2026-07-02
900000000008605,1003,SH02,30301,2026-06-27,2026-08-17
900000000008606,1008,SH02,80201,2026-05-09,2026-11-23
900000000008607,1006,SH03,90210,2026-06-27,2026-09-28
900000000008608,1004,SH03,14201,2026-09-28,2026-11-11
900000000008609,1005,SH02,60601,2026-10-14,2026-08-16
900000000008610,1007,SH03,80201,2026-10-14,2026-05-02
900000000008611,1007,SH01,60652,2026-05-08,2026-07-10
900000000008612,1001,SH02,10001,2026-10-14,2026-07-10
900000000008613,1002,SH02,60601,2026-08-16,2026-07-11
900000000008614,1005,SH01,14201,2026-07-02,2026-06-26
900000000008615,1009,SH02,75201,2026-10-26,2026-05-02
900000000008616,1001,SH02,60652,2026-06-10,2026-10-14
900000000008617,1009,SH01,90210,2026-06-10,2026-09-21
900000000008618,1008,SH02,60601,2026-07-27,2026-07-11
900000000008619,1002,SH02,60601,2026-06-09,2026-10-02
900000000008620,1003,SH01,80201,2026-11-24,2026-07-27
900000000008621,1001,SH03,14201,2026-07-27,2026-11-11
900000000008622,1010,SH01,90210,2026-11-23,2026-06-09
900000000008623,1008,SH02,75201,2026-08-17,2026-07-02
900000000008624,1001,SH01,14201,2026-06-29,2026-11-05
900000000008625,1002,SH03,75201,2026-10-14,2026-05-09
900000000008626,1005,SH03,80201,2026-05-09,2026-06-27
900000000008627,1009,SH03,10001,2026-08-17,2026-07-10
900000000008628,1004,SH01,33101,2026-06-09,2026-06-29
900000000008629,1006,SH01,60652,2026-05-09,2026-06-27
900000000008630,1008,SH01,90210,2026-08-16,2026-10-26
900000000008631,1004,SH02,60652,2026-11-24,2026-11-11
900000000008632,1008,SH03,10001,2026-11-11,2026-08-17
900000000008633,1002,SH01,75201,2026-11-23,2026-06-29
900000000008634,1004,SH02,98101,2026-10-27,2026-10-11
900000000008635,1002,SH03,60601,2026-08-17,2026-09-28
900000000008636,1009,SH01,60652,2026-06-27,2026-06-10
900000000008637,1006,SH01,30301,2026-05-02,2026-05-08
900000000008638,1010,SH02,60601,2026-10-21,2026-07-27
900000000008639,1002,SH02,75201,2026-08-16,2026-06-29
900000000008640,1004,SH02,10001,2026-10-21,2026-07-10
900000000008641,1005,SH01,30301,2026-08-16,2026-08-17
900000000008642,1001,SH02,75201,2026-10-02,2026-06-27
900000000008643,1010,SH01,98101,2026-11-24,2026-09-28
900000000008644,1008,SH03,14201,2026-10-27,2026-06-29
900000000008645,1009,SH02,33101,2026-05-24,2026-06-29
900000000008646,1010,SH03,14201,2026-08-16,2026-09-28
900000000008647,1007,SH01,75201,2026-07-10,2026-06-10
900000000008648,1010,SH01,10001,2026-06-27,2026-11-11
900000000008649,1005,SH01,10001,2026-09-21,2026-07-10
900000000008650,1009,SH03,14201,2026-09-28,2026-11-05
900000000008651,1001,SH03,10001,2026-11-05,2026-10-14
900000000008652,1006,SH01,14201,2026-10-11,2026-11-05
900000000008653,1007,SH01,14201,2026-11-11,2026-07-11
900000000008654,1004,SH02,60652,2026-06-10,2026-06-27
900000000008655,1007,SH03,60652,2026-07-11,2026-09-28
900000000008656,1002,SH02,60652,2026-05-24,2026-05-09
900000000008657,1002,SH01,60601,2026-10-11,2026-05-24
900000000008658,1008,SH02,30301,2026-10-14,2026-09-29
900000000008659,1001,SH03,98101,2026-10-27,2026-06-10
900000000008660,1010,SH01,98101,2026-11-05,2026-11-23
900000000008661,1004,SH03,98101,2026-05-07,2026-06-26
900000000008662,1009,SH01,75201,2026-05-07,2026-11-23
900000000008663,1003,SH03,75201,2026-07-02,2026-06-29
900000000008664,1010,SH01,75201,2026-05-09,2026-11-24
900000000008665,1005,SH01,60652,2026-07-02,2026-06-26
900000000008666,1006,SH03,90210,2026-10-27,2026-11-24
900000000008667,1007,SH01,80201,2026-07-27,2026-09-21
900000000008668,1001,SH03,60652,2026-07-10,2026-09-28
900000000008669,1008,SH03,30301,2026-10-26,2026-09-21
900000000008670,1001,SH02,33101,2026-06-09,2026-10-11
900000000008671,1010,SH01,60601,2026-10-11,2026-07-10
900000000008672,1005,SH03,60652,2026-10-11,2026-11-05
900000000008673,1009,SH01,98101,2026-06-29,2026-06-10
900000000008674,1004,SH01,80201,2026-07-11,2026-06-09
900000000008675,1004,SH03,14201,2026-07-27,2026-08-16
900000000008676,1009,SH01,33101,2026-05-08,2026-06-10
900000000008677,1001,SH01,14201,2026-10-11,2026-09-21
900000000008678,1006,SH02,33101,2026-05-08,2026-10-31
900000000008679,1002,SH03,14201,2026-07-02,2026-09-28
900000000008680,1007,SH03,60652,2026-10-27,2026-10-21
900000000008681,1004,SH02,14201,2026-11-24,2026-05-09
900000000008682,1004,SH02,10001,2026-06-09,2026-06-26
900000000008683,1006,SH02,60652,2026-10-31,2026-10-14
900000000008684,1001,SH02,75201,2026-09-21,2026-11-11
900000000008685,1005,SH01,30301,2026-10-02,2026-11-11
900000000008686,1009,SH02,60601,2026-10-02,2026-08-17
900000000008687,1007,SH03,14201,2026-10-02,2026-06-26
900000000008688,1005,SH01,14201,2026-05-08,2026-10-26
900000000008689,1003,SH01,90210,2026-09-21,2026-05-08
900000000008690,1002,SH03,33101,2026-07-27,2026-05-09
900000000008691,1005,SH03,14201,2026-09-21,2026-05-24
900000000008692,1007,SH02,90210,2026-10-21,2026-06-10
900000000008693,1007,SH01,14201,2026-07-10,2026-11-11
900000000008694,1001,SH01,33101,2026-07-10,2026-08-16
900000000008695,1007,SH02,60652,2026-07-11,2026-10-27
900000000008696,1009,SH01,60652,2026-08-17,2026-11-11
900000000008697,1008,SH02,60601,2026-10-27,2026-05-08
900000000008698,1001,SH02,90210,2026-11-05,2026-08-16
900000000008699,1006,SH02,75201,2026-11-05,2026-07-10
900000000008700,1002,SH03,60652,2026-06-29,2026-07-27
900000000008701,1003,SH01,80201,2026-10-02,2026-11-11
900000000008702,1005,SH02,30301,2026-05-02,2026-10-14
900000000008703,1006,SH03,30301,2026-05-24,2026-10-21
900000000008704,1001,SH02,10001,2026-08-16,2026-10-21
900000000008705,1005,SH02,10001,2026-10-27,2026-05-07
900000000008706,1005,SH02,60601,2026-06-29,2026-06-09
900000000008707,1004,SH03,60652,2026-09-21,2026-10-11
900000000008708,1007,SH01,60652,2026-05-07,2026-05-07
900000000008709,1010,SH02,80201,2026-10-26,2026-05-07
900000000008710,1007,SH03,98101,2026-09-28,2026-09-21
900000000008711,1008,SH01,90210,2026-05-02,2026-11-11
900000000008712,1006,SH01,14201,2026-11-05,2026-06-26
900000000008713,1003,SH01,98101,2026-06-10,2026-09-28
900000000008714,1002,SH03,60652,2026-09-28,2026-09-29
900000000008715,1004,SH02,75201,2026-06-10,2026-10-14
900000000008716,1001,SH01,14201,2026-08-17,2026-06-26
900000000008717,1003,SH02,60601,2026-10-11,2026-05-09
900000000008718,1006,SH01,14201,2026-09-21,2026-10-21
900000000008719,1006,SH01,80201,2026-05-08,2026-07-27
900000000008720,1007,SH03,90210,2026-10-26,2026-08-16
900000000008721,1004,SH02,98101,2026-09-21,2026-06-27
900000000008722,1004,SH01,30301,2026-06-27,2026-05-02
900000000008723,1009,SH03,90210,2026-07-11,2026-11-23
900000000008724,1008,SH02,60652,2026-10-02,2026-07-27
900000000008725,1002,SH01,60652,2026-11-24,2026-07-02
900000000008726,1007,SH02,10001,2026-10-02,2026-06-09
900000000008727,1008,SH01,90210,2026-09-28,2026-06-10
900000000008728,1001,SH01,75201,2026-10-31,2026-06-26
900000000008729,1005,SH02,60601,2026-07-11,2026-06-27
900000000008730,1008,SH02,60601,2026-07-02,2026-05-09
900000000008731,1009,SH02,80201,2026-10-21,2026-05-24
900000000008732,1010,SH03,80201,2026-11-11,2026-09-29
900000000008733,1008,SH01,30301,2026-05-08,2026-06-09
900000000008734,1010,SH03,14201,2026-06-10,2026-09-21
900000000008735,1007,SH03,60601,2026-11-24,2026-11-11
900000000008736,1006,SH03,98101,2026-05-02,2026-07-10
900000000008737,1009,SH01,10001,2026-10-31,2026-06-26
900000000008738,1009,SH01,75201,2026-08-16,2026-05-08
900000000008739,1004,SH02,10001,2026-09-29,2026-07-02
900000000008740,1009,SH01,75201,2026-07-27,2026-06-29
900000000008741,1007,SH01,80201,2026-07-10,2026-11-24
900000000008742,1005,SH03,14201,2026-11-23,2026-05-02
900000000008743,1004,SH03,33101,2026-06-09,2026-06-29
900000000008744,1003,SH02,30301,2026-07-02,2026-11-23
900000000008745,1006,SH01,10001,2026-11-24,2026-05-09
900000000008746,1007,SH02,98101,2026-05-02,2026-09-21
900000000008747,1006,SH03,98101,2026-06-10,2026-09-29
900000000008748,1003,SH03,14201,2026-10-02,2026-10-02
900000000008749,1006,SH02,60601,2026-10-11,2026-10-02
900000000008750,1007,SH01,10001,2026-06-26,2026-07-27
900000000008751,1010,SH03,80201,2026-06-29,2026-07-27
900000000008752,1003,SH02,90210,2026-11-11,2026-09-29
900000000008753,1010,SH01,10001,2026-10-14,2026-11-24
900000000008754,1007,SH03,14201,2026-06-10,2026-06-26
900000000008755,1007,SH02,60652,2026-11-24,2026-10-31
900000000008756,1007,SH03,10001,2026-10-11,2026-08-17
900000000008757,1003,SH01,90210,2026-06-27,2026-06-29
900000000008758,1010,SH01,60601,2026-07-11,2026-06-29
900000000008759,1003,SH03,80201,2026-06-27,2026-05-07
900000000008760,1007,SH01,98101,2026-11-11,2026-10-14
900000000008761,1005,SH03,75201,2026-07-02,2026-06-26
900000000008762,1005,SH02,14201,2026-10-26,2026-05-08
900000000008763,1001,SH01,60601,2026-11-23,2026-11-11
900000000008764,1008,SH02,10001,2026-07-27,2026-08-16
900000000008765,1008,SH02,30301,2026-11-24,2026-11-23
900000000008766,1005,SH03,80201,2026-06-09,2026-11-05
900000000008767,1004,SH02,90210,2026-10-31,2026-08-17
900000000008768,1006,SH01,90210,2026-05-09,2026-09-21
900000000008769,1003,SH02,75201,2026-11-05,2026-09-29
900000000008770,1003,SH03,10001,2026-05-02,2026-06-27
900000000008771,1005,SH03,60652,2026-10-26,2026-06-09
900000000008772,1002,SH02,98101,2026-06-26,2026-06-26
900000000008773,1001,SH03,30301,2026-07-27,2026-10-11
900000000008774,1005,SH01,14201,2026-07-27,2026-09-28
900000000008775,1003,SH03,90210,2026-10-26,2026-07-02
900000000008776,1009,SH01,30301,2026-10-31,2026-09-21
900000000008777,1003,SH02,60601,2026-05-02,2026-07-10
900000000008778,1001,SH01,10001,2026-09-29,2026-11-11
900000000008779,1004,SH02,60601,2026-06-27,2026-05-24
900000000008780,1005,SH01,80201,2026-05-02,2026-07-10
900000000008781,1010,SH02,33101,2026-06-09,2026-05-08
900000000008782,1005,SH01,30301,2026-05-07,2026-11-23
900000000008783,1005,SH02,60652,2026-10-27,2026-07-11
900000000008784,1008,SH01,10001,2026-11-05,2026-06-27
900000000008785,1008,SH01,98101,2026-11-11,2026-06-10
900000000008786,1001,SH02,75201,2026-10-21,2026-07-10
900000000008787,1008,SH01,30301,2026-10-02,2026-07-27
900000000008788,1001,SH02,75201,2026-10-31,2026-11-24
900000000008789,1004,SH02,60652,2026-06-29,2026-05-08
900000000008790,1007,SH02,90210,2026-10-26,2026-07-02
900000000008791,1001,SH03,33101,2026-10-31,2026-10-14
900000000008792,1007,SH02,33101,2026-10-21,2026-05-24
900000000008793,1001,SH01,90210,2026-11-24,2026-08-16
900000000008794,1007,SH02,14201,2026-10-26,2026-06-10
900000000008795,1002,SH03,90210,2026-10-27,2026-05-09
900000000008796,1001,SH03,98101,2026-10-02,2026-08-16
900000000008797,1005,SH03,60601,2026-10-26,2026-11-24
900000000008798,1006,SH02,60601,2026-05-02,2026-11-11
900000000008799,1006,SH02,30301,2026-08-17,2026-11-11
900000000008800,1008,SH01,75201,2026-10-11,2026-09-21
900000000008801,1007,SH03,30301,2026-10-27,2026-11-23
900000000008802,1003,SH01,60601,2026-10-14,2026-10-02
900000000008803,1007,SH03,75201,2026-10-21,2026-10-31
900000000008804,1010,SH02,30301,2026-05-07,2026-09-21
900000000008805,1003,SH03,30301,2026-07-11,2026-05-09
900000000008806,1007,SH01,80201,2026-06-29,2026-10-27
900000000008807,1003,SH01,75201,2026-10-11,2026-10-26
900000000008808,1006,SH01,10001,2026-07-02,2026-05-24
900000000008809,1003,SH01,10001,2026-07-27,2026-10-27
900000000008810,1010,SH02,33101,2026-10-27,2026-10-11
900000000008811,1001,SH02,98101,2026-06-29,2026-07-27
900000000008812,1010,SH03,30301,2026-06-27,2026-05-24
900000000008813,1002,SH02,14201,2026-11-24,2026-11-23
900000000008814,1004,SH01,60652,2026-10-26,2026-08-17
900000000008815,1001,SH02,60601,2026-11-05,2026-10-02
900000000008816,1010,SH02,98101,2026-08-17,2026-07-27
900000000008817,1004,SH03,98101,2026-10-26,2026-07-10
900000000008818,1004,SH03,30301,2026-08-17,2026-05-07
900000000008819,1004,SH03,80201,2026-10-27,2026-06-27
900000000008820,1001,SH03,14201,2026-10-11,2026-10-02
900000000008821,1008,SH02,90210,2026-06-10,2026-11-05
900000000008822,1006,SH03,75201,2026-10-26,2026-06-26
900000000008823,1001,SH03,30301,2026-06-29,2026-06-10
900000000008824,1005,SH03,60601,2026-10-02,2026-06-29
900000000008825,1004,SH03,33101,2026-10-14,2026-09-29
900000000008826,1010,SH01,30301,2026-06-27,2026-08-17
900000000008827,1010,SH02,30301,2026-10-14,2026-09-29
900000000008828,1005,SH02,10001,2026-07-27,2026-07-10
900000000008829,1006,SH01,75201,2026-11-11,2026-07-10
900000000008830,1001,SH03,14201,2026-10-26,2026-06-29
900000000008831,1007,SH03,90210,2026-09-29,2026-09-28
900000000008832,1008,SH02,80201,2026-09-21,2026-05-02
900000000008833,1007,SH01,80201,2026-05-08,2026-05-09
900000000008834,1004,SH02,30301,2026-07-10,2026-10-14
900000000008835,1006,SH03,80201,2026-05-08,2026-10-27
900000000008836,1009,SH02,75201,2026-05-08,2026-06-27
900000000008837,1006,SH03,80201,2026-07-11,2026-05-24
900000000008838,1001,SH01,60601,2026-05-09,2026-10-02
900000000008839,1003,SH03,10001,2026-06-29,2026-10-02
900000000008840,1001,SH03,98101,2026-06-27,2026-05-09
900000000008841,1001,SH01,80201,2026-05-02,2026-07-10
900000000008842,1007,SH01,80201,2026-10-27,2026-11-11
900000000008843,1004,SH01,14201,2026-06-09,2026-06-09
900000000008844,1004,SH02,75201,2026-07-11,2026-05-09
900000000008845,1009,SH01,10001,2026-10-21,2026-10-14
900000000008846,1006,SH01,75201,2026-05-02,2026-11-05
900000000008847,1001,SH02,60601,2026-09-28,2026-06-29
900000000008848,1009,SH03,30301,2026-10-02,2026-10-31
900000000008849,1005,SH01,60652,2026-05-07,2026-09-28
900000000008850,1007,SH01,98101,2026-10-31,2026-09-21
900000000008851,1009,SH02,98101,2026-06-29,2026-10-26
900000000008852,1010,SH01,60601,2026-05-02,2026-05-07
900000000008853,1001,SH01,80201,2026-06-26,2026-05-09
900000000008854,1010,SH02,80201,2026-11-05,2026-09-21
900000000008855,1006,SH01,90210,2026-06-27,2026-09-28
900000000008856,1010,SH02,75201,2026-10-27,2026-10-26
900000000008857,1001,SH03,14201,2026-10-26,2026-07-10
900000000008858,1003,SH01,80201,2026-10-26,2026-07-10
900000000008859,1002,SH03,75201,2026-11-23,2026-10-14
900000000008860,1004,SH02,14201,2026-11-24,2026-08-17
900000000008861,1008,SH03,90210,2026-05-02,2026-10-21
900000000008862,1001,SH03,60652,2026-06-10,2026-10-31
900000000008863,1004,SH03,90210,2026-07-11,2026-10-02
900000000008864,1002,SH03,60652,2026-07-02,2026-06-09
900000000008865,1009,SH01,10001,2026-10-14,2026-10-26
900000000008866,1003,SH01,98101,2026-11-11,2026-08-17
900000000008867,1007,SH01,98101,2026-07-11,2026-10-21
900000000008868,1007,SH02,10001,2026-08-16,2026-05-24
900000000008869,1006,SH03,14201,2026-09-28,2026-11-05
900000000008870,1004,SH03,10001,2026-06-10,2026-07-11
900000000008871,1004,SH02,10001,2026-09-29,2026-07-02
900000000008872,1007,SH01,10001,2026-09-21,2026-06-27
900000000008873,1003,SH02,33101,2026-10-02,2026-05-08
900000000008874,1002,SH02,80201,2026-11-24,2026-09-28
900000000008875,1008,SH01,60652,2026-05-02,2026-11-23
900000000008876,1004,SH03,60601,2026-09-28,2026-10-26
900000000008877,1001,SH02,10001,2026-10-14,2026-08-17
900000000008878,1006,SH02,98101,2026-11-24,2026-10-31
900000000008879,1004,SH03,80201,2026-07-27,2026-05-09
900000000008880,1004,SH01,98101,2026-05-09,2026-11-11
900000000008881,1006,SH02,90210,2026-07-27,2026-11-11
900000000008882,1005,SH02,14201,2026-07-27,2026-10-02
900000000008883,1007,SH01,98101,2026-06-27,2026-10-11
900000000008884,1010,SH01,90210,2026-09-29,2026-06-27
900000000008885,1005,SH02,80201,2026-11-24,2026-10-14
900000000008886,1003,SH02,98101,2026-08-16,2026-09-29
900000000008887,1004,SH03,60601,2026-06-29,2026-06-10
900000000008888,1006,SH01,98101,2026-06-29,2026-09-29
900000000008889,1008,SH01,30301,2026-10-11,2026-07-02
900000000008890,1005,SH02,60601,2026-06-29,2026-09-28
900000000008891,1006,SH02,10001,2026-07-27,2026-11-24
900000000008892,1010,SH01,98101,2026-10-26,2026-09-29
900000000008893,1010,SH02,75201,2026-07-11,2026-06-29
900000000008894,1008,SH03,14201,2026-05-08,2026-10-02
900000000008895,1008,SH02,98101,2026-10-14,2026-10-26
900000000008896,1003,SH03,90210,2026-07-10,2026-10-21
900000000008897,1009,SH03,98101,2026-10-11,2026-11-11
900000000008898,1008,SH03,98101,2026-10-11,2026-09-21
900000000008899,1006,SH01,30301,2026-10-27,2026-11-05
900000000008900,1010,SH01,14201,2026-10-14,2026-11-23
900000000008901,1009,SH02,30301,2026-06-27,2026-06-09
900000000008902,1004,SH01,10001,2026-11-23,2026-05-02
900000000008903,1001,SH03,75201,2026-10-14,2026-08-17
900000000008904,1005,SH01,90210,2026-07-02,2026-06-27
900000000008905,1010,SH02,80201,2026-10-26,2026-05-08
900000000008906,1010,SH01,80201,2026-05-07,2026-07-27
900000000008907,1004,SH02,33101,2026-10-21,2026-09-28
900000000008908,1008,SH03,30301,2026-07-11,2026-05-24
900000000008909,1006,SH03,75201,2026-07-11,2026-06-29
900000000008910,1004,SH01,10001,2026-05-08,2026-08-16
900000000008911,1002,SH03,60652,2026-08-17,2026-06-26
900000000008912,1010,SH03,60601,2026-10-27,2026-10-11
900000000008913,1005,SH02,10001,2026-07-10,2026-10-31
900000000008914,1002,SH01,90210,2026-06-09,2026-10-26
900000000008915,1002,SH01,33101,2026-05-08,2026-09-28
900000000008916,1002,SH02,60601,2026-05-07,2026-09-21
900000000008917,1010,SH03,14201,2026-10-11,2026-05-02
900000000008918,1010,SH01,30301,2026-07-27,2026-06-09
900000000008919,1004,SH03,98101,2026-06-09,2026-11-24
900000000008920,1008,SH02,60652,2026-09-28,2026-09-29
900000000008921,1006,SH03,33101,2026-09-21,2026-07-10
900000000008922,1010,SH01,98101,2026-10-31,2026-10-31
900000000008923,1007,SH03,30301,2026-07-10,2026-10-02
900000000008924,1008,SH01,30301,2026-05-02,2026-07-27
900000000008925,1008,SH03,98101,2026-05-07,2026-06-09
900000000008926,1007,SH02,60601,2026-08-17,2026-06-10
900000000008927,1006,SH01,80201,2026-10-02,2026-08-16
900000000008928,1010,SH02,33101,2026-09-21,2026-10-21
900000000008929,1002,SH01,80201,2026-10-31,2026-11-24
900000000008930,1010,SH02,14201,2026-10-14,2026-11-05
900000000008931,1001,SH01,60652,2026-05-08,2026-11-05
900000000008932,1005,SH03,60601,2026-11-23,2026-05-07
900000000008933,1006,SH03,33101,2026-10-26,2026-09-28
900000000008934,1002,SH03,90210,2026-10-31,2026-11-11
900000000008935,1008,SH01,60652,2026-10-11,2026-11-23
900000000008936,1009,SH03,75201,2026-11-05,2026-05-08
900000000008937,1001,SH01,98101,2026-05-08,2026-10-14
900000000008938,1005,SH02,80201,2026-10-31,2026-07-10
900000000008939,1008,SH03,98101,2026-11-11,2026-07-11
900000000008940,1009,SH03,30301,2026-07-27,2026-07-02
900000000008941,1007,SH03,14201,2026-10-27,2026-10-21
900000000008942,1010,SH01,60601,2026-06-29,2026-09-28
900000000008943,1007,SH01,60601,2026-10-27,2026-10-31
900000000008944,1006,SH02,60601,2026-11-24,2026-06-09
900000000008945,1004,SH03,90210,2026-05-24,2026-06-10
900000000008946,1001,SH03,75201,2026-06-29,2026-10-31
900000000008947,1006,SH03,98101,2026-07-10,2026-06-09
900000000008948,1007,SH01,98101,2026-07-02,2026-05-08
900000000008949,1009,SH01,98101,2026-10-11,2026-10-02
900000000008950,1009,SH02,90210,2026-07-27,2026-09-28
900000000008951,1007,SH03,14201,2026-08-17,2026-08-16
900000000008952,1007,SH01,75201,2026-09-29,2026-07-02
900000000008953,1002,SH01,10001,2026-11-11,2026-10-11
900000000008954,1007,SH02,60652,2026-05-08,2026-09-28
900000000008955,1010,SH02,80201,2026-10-27,2026-07-11
900000000008956,1007,SH03,90210,2026-06-29,2026-06-10
900000000008957,1006,SH03,30301,2026-05-24,2026-10-26
900000000008958,1003,SH03,98101,2026-11-11,2026-06-26
900000000008959,1005,SH02,90210,2026-10-02,2026-10-02
900000000008960,1004,SH03,90210,2026-05-02,2026-05-07
900000000008961,1009,SH02,10001,2026-06-29,2026-10-02
900000000008962,1010,SH02,98101,2026-06-27,2026-06-09
900000000008963,1006,SH01,60601,2026-05-02,2026-06-29
900000000008964,1006,SH03,60652,2026-06-27,2026-08-17
900000000008965,1010,SH01,98101,2026-05-24,2026-07-11
900000000008966,1007,SH03,14201,2026-05-02,2026-11-23
900000000008967,1007,SH03,75201,2026-05-02,2026-11-24
900000000008968,1002,SH01,80201,2026-10-31,2026-08-16
900000000008969,1010,SH03,98101,2026-11-11,2026-05-07
900000000008970,1009,SH01,60601,2026-10-31,2026-06-27
900000000008971,1009,SH01,75201,2026-11-05,2026-11-24
900000000008972,1008,SH02,14201,2026-07-10,2026-09-28
900000000008973,1008,SH02,14201,2026-10-31,2026-05-08
900000000008974,1004,SH02,33101,2026-07-11,2026-07-02
900000000008975,1001,SH03,80201,2026-07-02,2026-05-09
900000000008976,1007,SH03,80201,2026-06-27,2026-10-11
900000000008977,1002,SH02,10001,2026-08-17,2026-06-09
900000000008978,1010,SH01,14201,2026-06-09,2026-07-27
900000000008979,1005,SH01,60601,2026-07-10,2026-05-08
900000000008980,1002,SH02,10001,2026-07-10,2026-11-11
900000000008981,1008,SH01,60601,2026-11-23,2026-11-11
900000000008982,1005,SH01,60601,2026-10-26,2026-10-26
900000000008983,1010,SH03,33101,2026-08-17,2026-05-24
900000000008984,1004,SH02,75201,2026-10-31,2026-09-28
900000000008985,1005,SH03,98101,2026-09-28,2026-09-28
900000000008986,1006,SH02,75201,2026-07-10,2026-06-29
900000000008987,1008,SH01,75201,2026-07-02,2026-05-02
900000000008988,1007,SH03,10001,2026-10-11,2026-10-11
900000000008989,1006,SH01,10001,2026-11-11,2026-05-08
900000000008990,1010,SH03,80201,2026-05-09,2026-10-26
900000000008991,1003,SH01,98101,2026-05-07,2026-10-21
900000000008992,1005,SH01,90210,2026-11-05,2026-11-11
900000000008993,1005,SH03,30301,2026-08-16,2026-10-02
900000000008994,1008,SH02,80201,2026-11-23,2026-09-29
900000000008995,1009,SH03,60652,2026-05-09,2026-05-09
900000000008996,1004,SH01,90210,2026-10-27,2026-11-24
900000000008997,1004,SH01,80201,2026-07-10,2026-08-17
900000000008998,1005,SH03,90210,2026-10-27,2026-05-07
900000000008999,1002,SH02,60601,2026-08-16,2026-11-11
900000000009000,1004,SH02,75201,2026-10-02,2026-09-28
900000000009001,1008,SH01,60601,2026-07-27,2026-05-24
900000000009002,1005,SH03,14201,2026-11-11,2026-10-21
900000000009003,1005,SH02,60652,2026-10-27,2026-09-21
900000000009004,1002,SH01,14201,2026-06-27,2026-05-02
900000000009005,1009,SH03,10001,2026-06-27,2026-10-26
900000000009006,1008,SH03,75201,2026-05-02,2026-11-24
900000000009007,1002,SH02,98101,2026-07-27,2026-10-31
900000000009008,1004,SH03,10001,2026-05-09,2026-09-21
900000000009009,1003,SH01,33101,2026-08-17,2026-10-31
900000000009010,1006,SH02,75201,2026-10-31,2026-11-11
900000000009011,1004,SH03,90210,2026-07-27,2026-09-21
900000000009012,1008,SH02,90210,2026-11-05,2026-05-08
900000000009013,1010,SH03,33101,2026-11-24,2026-11-24
900000000009014,1005,SH02,80201,2026-08-17,2026-08-17
900000000009015,1001,SH01,33101,2026-07-27,2026-11-11
900000000009016,1003,SH02,90210,2026-07-10,2026-05-24
900000000009017,1005,SH02,10001,2026-09-29,2026-10-11
900000000009018,1002,SH01,30301,2026-07-10,2026-05-24
900000000009019,1006,SH01,14201,2026-09-29,2026-10-14
900000000009020,1005,SH03,75201,2026-09-21,2026-10-26
900000000009021,1001,SH03,90210,2026-10-26,2026-09-21
900000000009022,1010,SH02,30301,2026-05-08,2026-10-27
900000000009023,1002,SH03,80201,2026-10-14,2026-11-05
900000000009024,1002,SH01,33101,2026-06-10,2026-06-09
900000000009025,1007,SH02,75201,2026-05-08,2026-05-02
900000000009026,1009,SH03,30301,2026-10-11,2026-06-27
900000000009027,1009,SH02,80201,2026-11-23,2026-11-23
900000000009028,1009,SH02,60652,2026-11-23,2026-08-17
900000000009029,1005,SH03,33101,2026-10-02,2026-05-09
900000000009030,1006,SH03,60652,2026-06-09,2026-06-09
900000000009031,1003,SH01,10001,2026-10-26,2026-05-24
900000000009032,1007,SH01,60652,2026-07-10,2026-08-17
900000000009033,1010,SH01,30301,2026-05-24,2026-09-29
900000000009034,1010,SH03,80201,2026-10-14,2026-05-08
900000000009035,1001,SH01,75201,2026-10-11,2026-10-14
900000000009036,1006,SH02,33101,2026-08-17,2026-11-24
900000000009037,1008,SH02,75201,2026-10-27,2026-07-27
900000000009038,1003,SH03,60652,2026-05-08,2026-08-17
900000000009039,1005,SH02,90210,2026-05-09,2026-09-29
900000000009040,1006,SH03,33101,2026-05-02,2026-10-27
900000000009041,1005,SH03,60652,2026-10-21,2026-05-24
900000000009042,1010,SH02,14201,2026-10-14,2026-06-10
900000000009043,1005,SH02,75201,2026-11-24,2026-07-02
900000000009044,1008,SH02,90210,2026-07-02,2026-06-09
900000000009045,1003,SH03,75201,2026-10-21,2026-11-24
900000000009046,1001,SH01,80201,2026-05-24,2026-05-24
900000000009047,1009,SH01,75201,2026-07-27,2026-10-11
900000000009048,1006,SH03,60601,2026-09-21,2026-11-05
900000000009049,1010,SH02,30301,2026-10-21,2026-05-07
900000000009050,1004,SH01,30301,2026-06-27,2026-11-11
900000000009051,1007,SH02,80201,2026-11-23,2026-08-16
900000000009052,1004,SH01,80201,2026-11-11,2026-07-11
900000000009053,1009,SH02,30301,2026-09-29,2026-06-09
900000000009054,1002,SH03,33101,2026-07-02,2026-06-09
900000000009055,1001,SH01,90210,2026-10-11,2026-07-10
900000000009056,1002,SH01,98101,2026-07-02,2026-11-23
900000000009057,1004,SH02,10001,2026-11-23,2026-11-05
900000000009058,1005,SH02,60601,2026-07-10,2026-05-24
900000000009059,1006,SH03,80201,2026-10-21,2026-10-02
900000000009060,1002,SH02,10001,2026-10-11,2026-05-09
900000000009061,1004,SH02,10001,2026-05-09,2026-10-26
900000000009062,1005,SH03,60601,2026-10-14,2026-05-02
900000000009063,1001,SH02,30301,2026-10-27,2026-07-27
900000000009064,1010,SH02,75201,2026-11-05,2026-07-11
900000000009065,1004,SH03,33101,2026-09-29,2026-06-10
900000000009066,1003,SH02,10001,2026-09-29,2026-10-31
900000000009067,1010,SH02,60652,2026-06-26,2026-10-14
900000000009068,1006,SH02,75201,2026-11-23,2026-05-24
900000000009069,1007,SH03,33101,2026-09-28,2026-10-31
900000000009070,1006,SH03,80201,2026-06-09,2026-10-31
900000000009071,1004,SH01,10001,2026-07-10,2026-09-29
900000000009072,1005,SH01,80201,2026-05-02,2026-09-29
900000000009073,1009,SH02,33101,2026-09-28,2026-11-23
900000000009074,1006,SH02,10001,2026-05-02,2026-06-29
900000000009075,1008,SH02,60601,2026-10-11,2026-10-11
900000000009076,1001,SH01,90210,2026-10-21,2026-05-08
900000000009077,1005,SH02,14201,2026-11-11,2026-08-16
900000000009078,1005,SH02,33101,2026-11-11,2026-08-17
900000000009079,1010,SH02,75201,2026-10-31,2026-06-27
900000000009080,1004,SH01,10001,2026-05-02,2026-11-24
900000000009081,1001,SH03,98101,2026-08-17,2026-05-09
900000000009082,1004,SH01,80201,2026-10-14,2026-10-31
900000000009083,1003,SH02,80201,2026-09-29,2026-06-10
900000000009084,1001,SH03,30301,2026-09-28,2026-09-29
900000000009085,1010,SH01,14201,2026-11-24,2026-10-31
900000000009086,1003,SH02,30301,2026-09-21,2026-08-17
900000000009087,1001,SH01,30301,2026-05-08,2026-07-27
900000000009088,1005,SH03,33101,2026-10-27,2026-07-10
900000000009089,1002,SH01,60601,2026-08-17,2026-10-27
900000000009090,1005,SH02,60601,2026-05-09,2026-09-21
900000000009091,1001,SH01,60652,2026-10-26,2026-05-09
900000000009092,1008,SH01,98101,2026-10-14,2026-08-17
900000000009093,1006,SH02,14201,2026-10-31,2026-08-17
900000000009094,1005,SH01,60601,2026-06-10,2026-10-02
900000000009095,1001,SH02,30301,2026-05-24,2026-10-21
900000000009096,1009,SH02,90210,2026-08-17,2026-10-02
900000000009097,1009,SH01,80201,2026-07-02,2026-09-21
900000000009098,1007,SH01,80201,2026-10-21,2026-08-16
900000000009099,1004,SH02,90210,2026-06-29,2026-11-11
900000000009100,1007,SH01,33101,2026-06-29,2026-06-09
900000000009101,1005,SH02,80201,2026-06-26,2026-05-24
900000000009102,1009,SH02,98101,2026-10-11,2026-10-31
900000000009103,1002,SH02,60601,2026-05-09,2026-11-05
900000000009104,1004,SH01,60652,2026-08-16,2026-05-02
900000000009105,1009,SH02,33101,2026-05-24,2026-07-27
900000000009106,1004,SH01,98101,2026-07-02,2026-07-11
900000000009107,1009,SH01,10001,2026-05-24,2026-10-21
900000000009108,1008,SH01,98101,2026-09-21,2026-05-02
900000000009109,1004,SH02,60601,2026-10-26,2026-05-09
900000000009110,1008,SH03,10001,2026-06-26,2026-05-07
900000000009111,1008,SH02,10001,2026-10-27,2026-11-24
900000000009112,1007,SH03,75201,2026-07-02,2026-11-23
900000000009113,1007,SH02,14201,2026-09-28,2026-05-09
900000000009114,1010,SH02,30301,2026-10-31,2026-10-26
900000000009115,1006,SH01,98101,2026-05-02,2026-07-10
900000000009116,1004,SH03,30301,2026-07-10,2026-11-23
900000000009117,1007,SH03,90210,2026-05-02,2026-06-29
900000000009118,1004,SH02,10001,2026-05-02,2026-10-14
900000000009119,1009,SH01,90210,2026-10-26,2026-06-26
900000000009120,1006,SH03,80201,2026-07-10,2026-10-14
900000000009121,1007,SH02,10001,2026-11-05,2026-11-11
900000000009122,1001,SH01,75201,2026-05-24,2026-11-24
900000000009123,1001,SH01,90210,2026-08-16,2026-11-05
900000000009124,1005,SH02,75201,2026-08-16,2026-07-10
900000000009125,1007,SH03,80201,2026-07-10,2026-10-14
900000000009126,1009,SH03,30301,2026-06-29,2026-10-27
900000000009127,1004,SH03,14201,2026-05-02,2026-05-08
900000000009128,1007,SH02,60652,2026-10-31,2026-10-14
900000000009129,1006,SH01,80201,2026-08-17,2026-08-16
900000000009130,1004,SH03,60652,2026-07-02,2026-05-02
900000000009131,1004,SH01,98101,2026-05-02,2026-10-26
900000000009132,1010,SH02,10001,2026-08-16,2026-11-05
900000000009133,1002,SH03,10001,2026-06-09,2026-11-24
900000000009134,1002,SH03,80201,2026-05-24,2026-11-23
900000000009135,1002,SH01,60652,2026-06-27,2026-10-21
900000000009136,1006,SH01,33101,2026-10-21,2026-10-11
900000000009137,1004,SH02,90210,2026-07-02,2026-10-27
900000000009138,1002,SH01,75201,2026-06-26,2026-05-08
900000000009139,1002,SH03,98101,2026-11-05,2026-11-11
900000000009140,1001,SH01,80201,2026-11-11,2026-09-28
900000000009141,1004,SH03,75201,2026-05-08,2026-09-21
900000000009142,1003,SH01,80201,2026-10-11,2026-06-26
900000000009143,1006,SH01,60652,2026-11-11,2026-09-21
900000000009144,1003,SH03,30301,2026-05-24,2026-08-16
900000000009145,1006,SH03,60652,2026-08-17,2026-06-10
900000000009146,1005,SH01,98101,2026-10-26,2026-06-09
900000000009147,1010,SH01,30301,2026-10-26,2026-11-23
900000000009148,1006,SH01,30301,2026-07-02,2026-06-09
900000000009149,1005,SH01,10001,2026-09-21,2026-05-02
900000000009150,1001,SH03,98101,2026-09-21,2026-05-07
900000000009151,1001,SH01,98101,2026-05-24,2026-06-27
900000000009152,1003,SH02,75201,2026-11-24,2026-10-27
900000000009153,1002,SH02,98101,2026-11-23,2026-10-14
900000000009154,1003,SH03,14201,2026-10-02,2026-08-16
900000000009155,1002,SH01,75201,2026-07-27,2026-11-23
900000000009156,1010,SH02,33101,2026-10-31,2026-06-09
900000000009157,1003,SH03,60601,2026-09-28,2026-06-29
900000000009158,1005,SH02,60601,2026-06-10,2026-10-21
900000000009159,1008,SH03,60601,2026-10-14,2026-09-28
900000000009160,1005,SH01,75201,2026-05-24,2026-07-27
900000000009161,1009,SH02,80201,2026-05-09,2026-06-27
900000000009162,1009,SH01,10001,2026-11-24,2026-06-27
900000000009163,1002,SH03,30301,2026-06-29,2026-05-02
900000000009164,1001,SH03,98101,2026-09-28,2026-10-31
900000000009165,1001,SH01,14201,2026-11-11,2026-09-28
900000000009166,1008,SH02,10001,2026-10-11,2026-05-08
900000000009167,1002,SH01,14201,2026-11-23,2026-11-05
900000000009168,1006,SH02,10001,2026-09-28,2026-09-28
900000000009169,1002,SH02,90210,2026-05-09,2026-06-26
900000000009170,1009,SH01,30301,2026-06-29,2026-07-11
900000000009171,1005,SH03,30301,2026-10-14,2026-11-24
900000000009172,1007,SH02,80201,2026-10-21,2026-08-16
900000000009173,1008,SH02,75201,2026-07-02,2026-05-07
900000000009174,1007,SH02,75201,2026-05-08,2026-07-02
900000000009175,1001,SH01,60652,2026-11-11,2026-11-24
900000000009176,1004,SH01,98101,2026-07-11,2026-11-24
900000000009177,1005,SH01,60601,2026-05-08,2026-11-05
900000000009178,1002,SH01,14201,2026-10-11,2026-06-10
900000000009179,1008,SH03,75201,2026-05-24,2026-10-27
900000000009180,1010,SH01,98101,2026-10-11,2026-07-11
900000000009181,1009,SH02,80201,2026-11-11,2026-08-17
900000000009182,1007,SH02,14201,2026-05-09,2026-08-17
900000000009183,1010,SH03,80201,2026-11-24,2026-06-09
900000000009184,1003,SH01,90210,2026-08-16,2026-08-17
900000000009185,1010,SH03,30301,2026-09-28,2026-05-24
900000000009186,1010,SH02,98101,2026-10-21,2026-06-26
900000000009187,1006,SH01,30301,2026-11-24,2026-11-24
900000000009188,1001,SH03,75201,2026-09-21,2026-05-02
900000000009189,1009,SH01,75201,2026-10-14,2026-07-27
900000000009190,1002,SH01,60601,2026-07-02,2026-06-10
900000000009191,1007,SH01,33101,2026-10-21,2026-11-11
900000000009192,1006,SH03,80201,2026-06-26,2026-10-21
900000000009193,1007,SH03,30301,2026-05-24,2026-10-31
900000000009194,1010,SH02,60601,2026-05-07,2026-05-02
900000000009195,1009,SH01,30301,2026-10-26,2026-05-09
900000000009196,1003,SH02,60652,2026-11-11,2026-08-16
900000000009197,1002,SH01,33101,2026-05-08,2026-09-28
900000000009198,1001,SH02,80201,2026-09-21,2026-06-27
900000000009199,1010,SH01,90210,2026-10-02,2026-11-23
900000000009200,1003,SH03,98101,2026-11-24,2026-09-21
900000000009201,1003,SH01,60652,2026-05-07,2026-10-31
900000000009202,1003,SH02,60601,2026-10-02,2026-07-02
900000000009203,1003,SH02,90210,2026-05-09,2026-07-10
900000000009204,1005,SH03,80201,2026-05-08,2026-11-05
900000000009205,1001,SH02,60601,2026-09-28,2026-10-27
900000000009206,1008,SH02,90210,2026-10-26,2026-06-26
900000000009207,1008,SH01,33101,2026-07-27,2026-10-27
900000000009208,1006,SH01,80201,2026-05-08,2026-11-24
900000000009209,1009,SH01,80201,2026-05-07,2026-11-11
900000000009210,1005,SH01,90210,2026-06-10,2026-06-29
900000000009211,1009,SH03,90210,2026-06-27,2026-10-02
900000000009212,1010,SH03,60601,2026-08-17,2026-10-14
900000000009213,1004,SH02,10001,2026-05-07,2026-10-11
900000000009214,1010,SH02,90210,2026-06-29,2026-06-09
900000000009215,1010,SH03,14201,2026-11-05,2026-07-11
900000000009216,1007,SH03,98101,2026-08-16,2026-11-23
900000000009217,1006,SH03,98101,2026-09-28,2026-05-02
900000000009218,1006,SH03,80201,2026-06-29,2026-10-02
900000000009219,1008,SH01,90210,2026-10-21,2026-10-27
900000000009220,1002,SH03,98101,2026-10-27,2026-09-21
900000000009221,1005,SH02,10001,2026-10-21,2026-08-17
900000000009222,1004,SH02,60652,2026-10-26,2026-06-10
900000000009223,1003,SH02,80201,2026-06-29,2026-10-11
900000000009224,1005,SH02,33101,2026-11-24,2026-07-11
900000000009225,1001,SH01,75201,2026-06-29,2026-10-14
900000000009226,1006,SH03,30301,2026-05-09,2026-06-29
900000000009227,1010,SH01,90210,2026-10-14,2026-08-17
900000000009228,1006,SH03,60652,2026-08-16,2026-08-17
900000000009229,1006,SH01,10001,2026-07-10,2026-11-05
900000000009230,1006,SH01,98101,2026-06-29,2026-09-21
900000000009231,1006,SH03,80201,2026-07-10,2026-05-02
900000000009232,1009,SH01,60652,2026-10-21,2026-11-11
900000000009233,1004,SH01,33101,2026-06-27,2026-10-14
900000000009234,1007,SH01,90210,2026-05-24,2026-10-21
900000000009235,1010,SH02,60652,2026-09-21,2026-07-02
900000000009236,1008,SH02,75201,2026-07-10,2026-08-17
900000000009237,1008,SH02,10001,2026-06-09,2026-10-26
900000000009238,1010,SH01,60652,2026-07-11,2026-11-23
900000000009239,1003,SH01,60652,2026-05-02,2026-11-24
900000000009240,1004,SH01,14201,2026-05-07,2026-09-21
900000000009241,1001,SH03,80201,2026-10-31,2026-06-10
900000000009242,1002,SH01,75201,2026-10-11,2026-11-23
900000000009243,1010,SH02,33101,2026-11-11,2026-09-21
900000000009244,1008,SH03,30301,2026-07-10,2026-08-17
900000000009245,1001,SH02,60652,2026-11-05,2026-05-09
900000000009246,1002,SH03,30301,2026-09-29,2026-10-31
900000000009247,1008,SH02,10001,2026-10-11,2026-06-09
900000000009248,1004,SH03,60652,2026-10-21,2026-07-27
900000000009249,1006,SH01,75201,2026-07-11,2026-10-27
900000000009250,1006,SH03,60652,2026-09-28,2026-06-10
900000000009251,1001,SH02,10001,2026-05-02,2026-06-10
900000000009252,1001,SH03,30301,2026-11-23,2026-11-24
900000000009253,1004,SH03,90210,2026-06-09,2026-09-29
900000000009254,1001,SH03,60652,2026-10-21,2026-10-31
900000000009255,1002,SH02,33101,2026-10-26,2026-10-26
900000000009256,1006,SH01,90210,2026-07-11,2026-11-24
900000000009257,1002,SH01,60652,2026-06-09,2026-10-11
900000000009258,1004,SH02,10001,2026-06-29,2026-10-31
900000000009259,1006,SH03,75201,2026-10-27,2026-10-21
900000000009260,1005,SH01,60601,2026-09-29,2026-10-11
900000000009261,1009,SH01,30301,2026-11-24,2026-07-10
900000000009262,1006,SH01,30301,2026-06-29,2026-05-24
900000000009263,1004,SH02,10001,2026-06-27,2026-07-27
900000000009264,1003,SH02,10001,2026-11-05,2026-09-28
900000000009265,1008,SH02,98101,2026-06-29,2026-10-11
900000000009266,1008,SH03,60601,2026-05-08,2026-06-29
900000000009267,1007,SH03,60652,2026-06-29,2026-06-10
900000000009268,1002,SH03,60601,2026-05-09,2026-08-16
900000000009269,1007,SH03,10001,2026-11-05,2026-11-23
900000000009270,1010,SH01,90210,2026-10-11,2026-10-27
900000000009271,1006,SH03,75201,2026-10-26,2026-05-08
900000000009272,1010,SH03,98101,2026-10-31,2026-11-23
900000000009273,1007,SH03,33101,2026-06-29,2026-07-27
900000000009274,1002,SH03,60652,2026-07-10,2026-06-27
900000000009275,1009,SH02,98101,2026-11-05,2026-07-10
900000000009276,1003,SH01,10001,2026-11-24,2026-06-27
900000000009277,1007,SH03,14201,2026-06-09,2026-08-17
900000000009278,1008,SH01,80201,2026-09-21,2026-05-09
900000000009279,1001,SH01,98101,2026-06-26,2026-11-05
900000000009280,1005,SH01,30301,2026-06-10,2026-06-10
900000000009281,1001,SH02,14201,2026-08-16,2026-09-21
900000000009282,1005,SH01,14201,2026-05-02,2026-07-02
900000000009283,1006,SH01,98101,2026-05-02,2026-10-14
900000000009284,1010,SH03,75201,2026-11-23,2026-10-21
900000000009285,1006,SH01,75201,2026-07-11,2026-06-09
900000000009286,1008,SH01,10001,2026-05-08,2026-07-02
900000000009287,1008,SH03,90210,2026-06-10,2026-05-08
900000000009288,1004,SH03,14201,2026-07-27,2026-07-02
900000000009289,1001,SH01,33101,2026-07-02,2026-05-07
900000000009290,1001,SH02,14201,2026-11-05,2026-10-31
900000000009291,1010,SH01,30301,2026-05-07,2026-05-02
900000000009292,1003,SH02,60601,2026-07-10,2026-10-14
900000000009293,1001,SH02,30301,2026-05-07,2026-10-14
900000000009294,1009,SH02,80201,2026-09-28,2026-07-10
900000000009295,1002,SH02,60601,2026-07-02,2026-10-14
900000000009296,1003,SH03,98101,2026-05-09,2026-06-27
900000000009297,1007,SH01,60601,2026-11-23,2026-06-29
900000000009298,1010,SH03,60601,2026-05-08,2026-07-02
900000000009299,1007,SH01,60652,2026-07-27,2026-10-14
900000000009300,1009,SH01,98101,2026-10-27,2026-10-26
900000000009301,1002,SH02,10001,2026-09-29,2026-09-28
900000000009302,1005,SH02,75201,2026-11-24,2026-10-31
900000000009303,1004,SH03,60601,2026-09-29,2026-08-17
900000000009304,1003,SH01,14201,2026-10-26,2026-07-10
900000000009305,1010,SH01,33101,2026-09-21,2026-07-27
900000000009306,1005,SH03,60652,2026-10-14,2026-11-11
900000000009307,1008,SH03,10001,2026-05-24,2026-06-10
900000000009308,1008,SH01,10001,2026-07-11,2026-11-24
900000000009309,1004,SH03,30301,2026-05-07,2026-11-23
900000000009310,1005,SH03,60652,2026-11-11,2026-10-27
900000000009311,1003,SH02,10001,2026-06-27,2026-09-21
900000000009312,1002,SH02,80201,2026-06-29,2026-11-24
900000000009313,1010,SH01,33101,2026-11-11,2026-11-05
900000000009314,1007,SH01,30301,2026-06-27,2026-10-11
900000000009315,1006,SH03,10001,2026-06-10,2026-07-10
900000000009316,1006,SH01,75201,2026-07-10,2026-09-28
900000000009317,1006,SH02,98101,2026-09-28,2026-10-14
900000000009318,1001,SH02,60652,2026-11-11,2026-11-11
900000000009319,1010,SH03,60652,2026-09-28,2026-05-09
900000000009320,1010,SH03,60601,2026-10-21,2026-09-28
900000000009321,1001,SH02,75201,2026-05-07,2026-07-11
900000000009322,1001,SH01,10001,2026-07-10,2026-10-21
900000000009323,1008,SH02,80201,2026-11-23,2026-10-26
900000000009324,1006,SH01,90210,2026-09-28,2026-05-08
900000000009325,1006,SH01,98101,2026-10-21,2026-06-27
900000000009326,1001,SH03,60601,2026-10-31,2026-11-24
900000000009327,1010,SH02,90210,2026-06-26,2026-05-08
900000000009328,1005,SH01,80201,2026-11-23,2026-07-27
900000000009329,1009,SH02,10001,2026-06-26,2026-09-21
900000000009330,1001,SH01,98101,2026-05-24,2026-08-17
900000000009331,1010,SH01,10001,2026-09-29,2026-11-24
900000000009332,1009,SH01,33101,2026-08-16,2026-07-02
900000000009333,1002,SH03,80201,2026-11-11,2026-09-21
900000000009334,1003,SH02,60601,2026-10-21,2026-10-14
900000000009335,1002,SH03,80201,2026-10-31,2026-11-05
900000000009336,1002,SH02,80201,2026-06-09,2026-11-23
900000000009337,1008,SH03,10001,2026-11-24,2026-05-09
900000000009338,1006,SH03,30301,2026-10-11,2026-09-29
900000000009339,1006,SH02,60601,2026-09-28,2026-09-28
900000000009340,1002,SH02,80201,2026-07-02,2026-07-27
900000000009341,1004,SH01,30301,2026-11-23,2026-08-16
900000000009342,1002,SH02,90210,2026-05-24,2026-11-24
900000000009343,1008,SH01,80201,2026-10-27,2026-11-11
900000000009344,1004,SH01,14201,2026-10-31,2026-05-07
900000000009345,1002,SH02,90210,2026-07-11,2026-05-09
900000000009346,1004,SH01,60652,2026-10-14,2026-07-11
900000000009347,1009,SH02,75201,2026-11-23,2026-11-11
900000000009348,1002,SH01,75201,2026-10-14,2026-10-26
900000000009349,1010,SH02,60601,2026-07-10,2026-10-14
900000000009350,1002,SH03,14201,2026-10-11,2026-05-09
900000000009351,1009,SH03,60601,2026-07-11,2026-06-27
900000000009352,1005,SH03,80201,2026-10-11,2026-05-07
900000000009353,1001,SH01,14201,2026-10-26,2026-08-16
900000000009354,1010,SH02,60601,2026-10-31,2026-10-02
900000000009355,1008,SH03,90210,2026-10-26,2026-07-02
900000000009356,1004,SH02,10001,2026-11-23,2026-06-27
900000000009357,1009,SH01,30301,2026-06-27,2026-06-09
900000000009358,1002,SH02,60601,2026-11-24,2026-10-11
900000000009359,1003,SH02,90210,2026-09-21,2026-06-29
900000000009360,1002,SH03,75201,2026-06-26,2026-10-11
900000000009361,1002,SH02,10001,2026-10-14,2026-10-11
900000000009362,1006,SH02,33101,2026-06-09,2026-11-24
900000000009363,1006,SH01,10001,2026-09-29,2026-06-27
900000000009364,1003,SH03,30301,2026-06-29,2026-10-02
900000000009365,1009,SH01,80201,2026-11-24,2026-08-16
900000000009366,1009,SH01,75201,2026-05-02,2026-10-21
900000000009367,1009,SH03,98101,2026-08-17,2026-10-27
900000000009368,1004,SH03,60601,2026-11-05,2026-11-24
900000000009369,1004,SH03,98101,2026-07-27,2026-05-08
900000000009370,1009,SH01,14201,2026-10-26,2026-10-14
900000000009371,1005,SH01,98101,2026-07-11,2026-07-02
900000000009372,1005,SH03,14201,2026-08-16,2026-10-14
900000000009373,1009,SH03,30301,2026-07-27,2026-06-10
900000000009374,1006,SH03,60601,2026-06-26,2026-05-08
900000000009375,1007,SH01,60652,2026-11-11,2026-06-09
900000000009376,1003,SH02,33101,2026-06-10,2026-07-27
900000000009377,1002,SH03,80201,2026-11-05,2026-11-05
900000000009378,1002,SH02,10001,2026-05-07,2026-07-10
900000000009379,1003,SH02,60652,2026-09-21,2026-11-24
900000000009380,1005,SH02,90210,2026-06-09,2026-07-10
900000000009381,1006,SH03,98101,2026-10-02,2026-09-28
900000000009382,1001,SH03,14201,2026-06-09,2026-06-10
900000000009383,1007,SH01,75201,2026-05-24,2026-11-24
900000000009384,1004,SH02,60652,2026-10-21,2026-05-08
900000000009385,1005,SH02,90210,2026-10-31,2026-10-27
900000000009386,1004,SH02,33101,2026-08-16,2026-07-02
900000000009387,1008,SH02,98101,2026-06-09,2026-11-05
900000000009388,1007,SH02,33101,2026-07-27,2026-07-27
900000000009389,1005,SH02,30301,2026-05-07,2026-07-11
900000000009390,1009,SH02,60652,2026-05-09,2026-05-02
900000000009391,1001,SH02,80201,2026-10-27,2026-05-08
900000000009392,1007,SH02,10001,2026-05-07,2026-10-26
900000000009393,1008,SH03,60601,2026-06-10,2026-07-11
900000000009394,1005,SH01,14201,2026-10-11,2026-09-28
900000000009395,1009,SH01,30301,2026-10-02,2026-05-02
900000000009396,1004,SH01,98101,2026-07-27,2026-10-31
900000000009397,1010,SH03,30301,2026-09-28,2026-07-27
900000000009398,1009,SH02,60652,2026-10-27,2026-08-16
900000000009399,1001,SH03,60652,2026-06-29,2026-09-28
900000000009400,1001,SH03,75201,2026-07-11,2026-10-11
900000000009401,1001,SH01,60652,2026-09-28,2026-09-29
900000000009402,1005,SH01,33101,2026-11-23,2026-10-14
900000000009403,1003,SH01,98101,2026-05-07,2026-05-07
900000000009404,1001,SH01,33101,2026-06-27,2026-05-07
900000000009405,1002,SH02,60652,2026-10-14,2026-07-10
900000000009406,1006,SH03,33101,2026-10-11,2026-07-11
900000000009407,1008,SH03,30301,2026-09-21,2026-05-09
900000000009408,1009,SH03,30301,2026-07-11,2026-09-29
900000000009409,1002,SH02,14201,2026-06-27,2026-10-31
900000000009410,1005,SH03,90210,2026-10-27,2026-06-10
900000000009411,1002,SH01,14201,2026-09-29,2026-06-09
900000000009412,1003,SH03,14201,2026-06-10,2026-06-26
900000000009413,1003,SH02,90210,2026-10-02,2026-10-14
900000000009414,1007,SH01,90210,2026-07-27,2026-11-23
900000000009415,1006,SH03,75201,2026-09-29,2026-11-11
900000000009416,1001,SH03,60652,2026-07-10,2026-10-21
900000000009417,1001,SH03,33101,2026-07-02,2026-06-27
900000000009418,1005,SH02,60601,2026-10-02,2026-06-10
900000000009419,1006,SH03,80201,2026-05-02,2026-06-09
900000000009420,1005,SH01,60601,2026-10-11,2026-07-10
900000000009421,1008,SH02,80201,2026-06-10,2026-08-17
900000000009422,1002,SH01,33101,2026-05-09,2026-10-26
900000000009423,1008,SH03,60652,2026-05-02,2026-06-27
900000000009424,1004,SH02,98101,2026-06-10,2026-11-05
900000000009425,1003,SH01,80201,2026-06-29,2026-11-05
900000000009426,1008,SH01,14201,2026-05-24,2026-11-23
900000000009427,1006,SH01,10001,2026-10-31,2026-08-16
900000000009428,1003,SH03,60601,2026-11-24,2026-07-11
900000000009429,1006,SH02,75201,2026-10-27,2026-11-24
900000000009430,1003,SH03,80201,2026-06-26,2026-10-14
900000000009431,1010,SH03,30301,2026-09-28,2026-09-28
900000000009432,1004,SH03,90210,2026-10-11,2026-11-05
900000000009433,1008,SH02,60652,2026-11-24,2026-09-29
900000000009434,1009,SH03,60601,2026-05-08,2026-07-27
900000000009435,1008,SH03,14201,2026-06-09,2026-10-14
900000000009436,1008,SH02,30301,2026-06-27,2026-05-09
900000000009437,1010,SH03,60601,2026-10-21,2026-08-16
900000000009438,1005,SH01,33101,2026-05-24,2026-07-11
900000000009439,1009,SH01,75201,2026-10-14,2026-07-02
900000000009440,1006,SH02,30301,2026-10-11,2026-06-29
900000000009441,1008,SH01,60601,2026-10-11,2026-11-23
900000000009442,1004,SH02,14201,2026-08-16,2026-09-21
900000000009443,1010,SH03,90210,2026-05-02,2026-06-10
900000000009444,1001,SH02,80201,2026-10-14,2026-05-09
900000000009445,1004,SH02,60601,2026-07-02,2026-10-27
900000000009446,1003,SH02,10001,2026-08-16,2026-09-29
900000000009447,1005,SH03,90210,2026-07-11,2026-06-27
900000000009448,1007,SH01,80201,2026-05-09,2026-05-02
900000000009449,1003,SH03,75201,2026-05-07,2026-06-26
900000000009450,1010,SH02,75201,2026-08-17,2026-05-24
900000000009451,1004,SH02,60601,2026-07-02,2026-05-09
900000000009452,1003,SH03,10001,2026-05-07,2026-08-17
900000000009453,1004,SH01,60652,2026-09-21,2026-10-27
900000000009454,1008,SH02,33101,2026-09-21,2026-11-24
900000000009455,1008,SH03,33101,2026-08-16,2026-07-02
900000000009456,1004,SH03,60652,2026-11-23,2026-09-21
900000000009457,1004,SH02,75201,2026-07-02,2026-11-05
900000000009458,1004,SH03,30301,2026-06-27,2026-05-08
900000000009459,1007,SH03,14201,2026-11-11,2026-07-27
900000000009460,1004,SH02,30301,2026-10-31,2026-05-02
900000000009461,1004,SH01,90210,2026-10-27,2026-10-31
900000000009462,1005,SH01,33101,2026-05-09,2026-10-02
900000000009463,1009,SH01,80201,2026-11-24,2026-10-26
900000000009464,1004,SH02,98101,2026-10-27,2026-07-02
900000000009465,1003,SH02,80201,2026-08-17,2026-10-11
900000000009466,1006,SH02,75201,2026-07-10,2026-11-05
900000000009467,1008,SH03,60601,2026-09-29,2026-07-10
900000000009468,1005,SH02,10001,2026-11-05,2026-10-11
900000000009469,1010,SH03,10001,2026-11-23,2026-05-24
900000000009470,1003,SH01,30301,2026-07-11,2026-07-11
900000000009471,1005,SH02,10001,2026-08-17,2026-07-11
900000000009472,1009,SH02,60652,2026-06-10,2026-05-02
900000000009473,1006,SH02,14201,2026-10-14,2026-07-11
900000000009474,1008,SH02,10001,2026-08-16,2026-05-02
900000000009475,1007,SH01,14201,2026-05-24,2026-08-17
900000000009476,1007,SH01,60652,2026-07-10,2026-10-14
900000000009477,1010,SH02,10001,2026-11-05,2026-08-16
900000000009478,1009,SH03,90210,2026-09-28,2026-11-23
900000000009479,1005,SH02,30301,2026-07-11,2026-10-21
900000000009480,1003,SH03,10001,2026-11-11,2026-05-02
900000000009481,1010,SH02,30301,2026-11-23,2026-05-24
900000000009482,1004,SH03,90210,2026-05-24,2026-06-27
900000000009483,1001,SH01,80201,2026-05-07,2026-09-21
900000000009484,1003,SH03,60652,2026-11-05,2026-05-02
900000000009485,1010,SH02,90210,2026-11-24,2026-07-27
900000000009486,1005,SH01,80201,2026-10-31,2026-07-11
900000000009487,1008,SH01,33101,2026-06-29,2026-05-24
900000000009488,1004,SH03,10001,2026-10-26,2026-10-27
900000000009489,1006,SH02,80201,2026-06-26,2026-06-26
900000000009490,1005,SH03,14201,2026-10-31,2026-08-17
900000000009491,1009,SH01,60652,2026-10-27,2026-05-07
900000000009492,1009,SH01,60601,2026-10-02,2026-08-16
900000000009493,1010,SH03,60652,2026-05-02,2026-09-21
900000000009494,1004,SH01,98101,2026-06-26,2026-10-31
900000000009495,1001,SH01,75201,2026-09-21,2026-11-05
900000000009496,1007,SH03,75201,2026-11-11,2026-07-27
900000000009497,1007,SH03,60601,2026-10-26,2026-06-26
900000000009498,1010,SH03,33101,2026-07-27,2026-11-05
900000000009499,1003,SH01,80201,2026-09-28,2026-06-27
900000000009500,1003,SH01,90210,2026-05-07,2026-09-29
900000000009501,1007,SH03,10001,2026-10-11,2026-10-21
900000000009502,1005,SH01,33101,2026-05-09,2026-05-02
900000000009503,1001,SH01,10001,2026-10-26,2026-05-24
900000000009504,1003,SH02,14201,2026-07-10,2026-11-24
900000000009505,1009,SH02,60652,2026-10-21,2026-06-10
900000000009506,1004,SH01,14201,2026-06-10,2026-10-26
900000000009507,1005,SH02,60601,2026-05-24,2026-11-23
900000000009508,1006,SH02,75201,2026-11-24,2026-10-14
900000000009509,1009,SH03,98101,2026-09-28,2026-08-16
900000000009510,1001,SH02,33101,2026-06-26,2026-05-09
900000000009511,1004,SH02,30301,2026-07-10,2026-06-26
900000000009512,1009,SH01,60601,2026-06-09,2026-06-29
900000000009513,1001,SH01,90210,2026-09-29,2026-10-11
900000000009514,1006,SH03,98101,2026-10-02,2026-10-26
900000000009515,1003,SH03,60652,2026-05-02,2026-10-31
900000000009516,1005,SH01,60601,2026-09-28,2026-08-17
900000000009517,1002,SH02,75201,2026-05-08,2026-10-27
900000000009518,1001,SH01,98101,2026-07-02,2026-10-02
900000000009519,1010,SH03,60601,2026-07-27,2026-07-02
900000000009520,1008,SH02,80201,2026-10-02,2026-06-09
900000000009521,1003,SH03,80201,2026-06-09,2026-10-26
900000000009522,1004,SH02,10001,2026-07-02,2026-09-28
900000000009523,1004,SH02,10001,2026-05-08,2026-10-11
900000000009524,1005,SH01,10001,2026-08-17,2026-08-17
900000000009525,1006,SH03,30301,2026-10-21,2026-05-07
900000000009526,1004,SH01,98101,2026-09-29,2026-08-16
900000000009527,1006,SH03,30301,2026-06-10,2026-09-21
900000000009528,1009,SH01,98101,2026-09-28,2026-10-31
900000000009529,1002,SH01,90210,2026-07-11,2026-05-24
900000000009530,1004,SH02,10001,2026-09-21,2026-06-27
900000000009531,1004,SH01,14201,2026-09-21,2026-07-11
900000000009532,1006,SH02,60601,2026-07-11,2026-05-07
900000000009533,1003,SH01,14201,2026-08-16,2026-11-11
900000000009534,1007,SH01,75201,2026-11-24,2026-07-10
900000000009535,1006,SH02,60652,2026-06-09,2026-10-14
900000000009536,1009,SH01,30301,2026-10-21,2026-05-02
900000000009537,1005,SH02,80201,2026-06-29,2026-05-08
900000000009538,1001,SH01,75201,2026-05-02,2026-06-10
900000000009539,1008,SH03,60652,2026-10-27,2026-11-05
900000000009540,1002,SH03,90210,2026-06-09,2026-07-27
900000000009541,1001,SH01,60652,2026-05-02,2026-10-11
900000000009542,1008,SH02,75201,2026-10-21,2026-11-05
900000000009543,1006,SH01,98101,2026-05-09,2026-06-26
900000000009544,1004,SH03,30301,2026-05-09,2026-11-24
900000000009545,1008,SH01,60601,2026-10-31,2026-11-11
900000000009546,1009,SH01,60601,2026-10-31,2026-06-27
900000000009547,1009,SH02,14201,2026-07-02,2026-06-10
900000000009548,1004,SH03,10001,2026-07-10,2026-07-02
900000000009549,1005,SH02,30301,2026-08-17,2026-07-10
900000000009550,1002,SH03,33101,2026-10-27,2026-11-23
900000000009551,1003,SH01,98101,2026-10-21,2026-11-23
900000000009552,1009,SH03,75201,2026-10-21,2026-10-11
900000000009553,1002,SH03,60601,2026-05-07,2026-06-29
900000000009554,1003,SH01,90210,2026-06-29,2026-09-21
900000000009555,1005,SH02,10001,2026-05-02,2026-10-31
900000000009556,1002,SH01,90210,2026-09-21,2026-05-24
900000000009557,1003,SH01,60652,2026-10-11,2026-07-11
900000000009558,1002,SH02,33101,2026-07-27,2026-07-02
900000000009559,1004,SH01,75201,2026-10-26,2026-05-24
900000000009560,1008,SH03,90210,2026-07-10,2026-05-24
900000000009561,1003,SH01,75201,2026-11-24,2026-07-11
900000000009562,1001,SH03,75201,2026-10-14,2026-06-09
900000000009563,1006,SH03,98101,2026-07-10,2026-09-29
900000000009564,1008,SH02,30301,2026-08-16,2026-10-27
900000000009565,1002,SH02,60652,2026-06-09,2026-05-08
900000000009566,1008,SH02,60652,2026-05-07,2026-11-11
900000000009567,1009,SH02,30301,2026-05-08,2026-10-31
900000000009568,1010,SH02,60601,2026-07-11,2026-11-23
900000000009569,1006,SH03,80201,2026-10-31,2026-10-31
900000000009570,1007,SH01,98101,2026-05-02,2026-07-10
900000000009571,1005,SH03,33101,2026-05-07,2026-10-21
900000000009572,1010,SH02,75201,2026-10-02,2026-05-09
900000000009573,1010,SH02,75201,2026-08-16,2026-06-26
900000000009574,1010,SH02,80201,2026-06-10,2026-07-02
900000000009575,1004,SH01,33101,2026-05-24,2026-06-10
900000000009576,1009,SH01,75201,2026-10-11,2026-06-26
900000000009577,1009,SH01,75201,2026-11-24,2026-05-02
900000000009578,1007,SH03,33101,2026-10-11,2026-10-31
900000000009579,1002,SH02,75201,2026-06-29,2026-08-16
900000000009580,1007,SH01,60601,2026-05-24,2026-05-09
900000000009581,1008,SH02,14201,2026-05-07,2026-05-08
900000000009582,1008,SH02,60652,2026-10-27,2026-06-10
900000000009583,1007,SH03,33101,2026-10-14,2026-05-09
900000000009584,1002,SH02,98101,2026-09-28,2026-11-24
900000000009585,1006,SH01,60652,2026-10-31,2026-10-26
900000000009586,1003,SH01,98101,2026-10-02,2026-07-10
900000000009587,1008,SH03,10001,2026-08-16,2026-10-14
900000000009588,1001,SH03,60601,2026-11-11,2026-09-29
900000000009589,1009,SH02,60601,2026-06-10,2026-05-08
900000000009590,1003,SH03,10001,2026-07-10,2026-10-26
900000000009591,1001,SH01,98101,2026-10-11,2026-07-10
900000000009592,1005,SH03,33101,2026-06-10,2026-05-24
900000000009593,1001,SH02,90210,2026-07-02,2026-06-26
900000000009594,1006,SH01,60652,2026-11-23,2026-06-29
900000000009595,1006,SH02,75201,2026-10-14,2026-06-29
900000000009596,1001,SH03,98101,2026-11-11,2026-05-24
900000000009597,1010,SH02,75201,2026-07-11,2026-05-07
900000000009598,1002,SH01,75201,2026-10-26,2026-07-10
900000000009599,1001,SH02,10001,2026-10-21,2026-10-02
900000000009600,1004,SH03,60601,2026-05-24,2026-10-11
900000000009601,1002,SH02,10001,2026-09-21,2026-05-07
900000000009602,1009,SH02,10001,2026-11-11,2026-05-24
900000000009603,1009,SH02,14201,2026-10-31,2026-07-02
900000000009604,1003,SH03,30301,2026-11-11,2026-05-08
900000000009605,1006,SH03,90210,2026-10-31,2026-08-16
900000000009606,1006,SH03,10001,2026-10-14,2026-07-02
900000000009607,1010,SH02,80201,2026-06-10,2026-06-10
900000000009608,1008,SH03,30301,2026-05-24,2026-11-05
900000000009609,1002,SH02,75201,2026-05-24,2026-10-14
900000000009610,1001,SH03,60652,2026-08-16,2026-10-14
900000000009611,1006,SH03,90210,2026-10-14,2026-06-27
900000000009612,1010,SH03,10001,2026-08-17,2026-10-31
900000000009613,1002,SH03,90210,2026-11-05,2026-11-24
900000000009614,1010,SH03,90210,2026-06-29,2026-11-24
900000000009615,1004,SH01,80201,2026-11-11,2026-10-14
900000000009616,1008,SH03,30301,2026-10-11,2026-10-27
900000000009617,1005,SH02,90210,2026-05-02,2026-09-28
900000000009618,1008,SH03,80201,2026-09-28,2026-10-02
900000000009619,1001,SH03,14201,2026-09-29,2026-10-11
900000000009620,1010,SH03,98101,2026-08-17,2026-06-26
900000000009621,1002,SH03,10001,2026-06-09,2026-06-10
900000000009622,1005,SH03,33101,2026-07-27,2026-10-27
900000000009623,1006,SH02,98101,2026-09-29,2026-11-05
900000000009624,1005,SH03,75201,2026-10-11,2026-10-31
900000000009625,1004,SH02,33101,2026-09-29,2026-07-02
900000000009626,1003,SH01,98101,2026-09-21,2026-05-07
900000000009627,1005,SH01,90210,2026-05-02,2026-10-27
900000000009628,1006,SH03,98101,2026-07-02,2026-10-11
900000000009629,1005,SH02,80201,2026-10-14,2026-07-27
900000000009630,1006,SH02,75201,2026-07-02,2026-08-17
900000000009631,1002,SH01,75201,2026-08-16,2026-06-10
900000000009632,1010,SH03,80201,2026-10-14,2026-09-29
900000000009633,1007,SH01,98101,2026-06-26,2026-05-02
900000000009634,1004,SH02,14201,2026-05-24,2026-06-27
900000000009635,1007,SH01,60601,2026-05-24,2026-08-17
900000000009636,1009,SH02,98101,2026-05-09,2026-10-26
900000000009637,1004,SH02,90210,2026-10-31,2026-09-28
900000000009638,1008,SH01,60601,2026-11-23,2026-07-11
900000000009639,1007,SH02,75201,2026-11-11,2026-06-26
900000000009640,1005,SH03,90210,2026-07-02,2026-09-29
900000000009641,1010,SH02,14201,2026-11-11,2026-10-21
900000000009642,1010,SH03,10001,2026-05-24,2026-10-02
900000000009643,1003,SH01,90210,2026-11-11,2026-10-31
900000000009644,1007,SH01,30301,2026-10-21,2026-06-27
900000000009645,1006,SH03,33101,2026-06-09,2026-06-10
900000000009646,1006,SH01,98101,2026-10-14,2026-11-11
900000000009647,1009,SH02,80201,2026-05-09,2026-11-24
900000000009648,1001,SH01,90210,2026-08-16,2026-09-21
900000000009649,1005,SH01,98101,2026-11-23,2026-10-11
900000000009650,1006,SH03,10001,2026-05-08,2026-06-29
900000000009651,1006,SH03,90210,2026-11-23,2026-09-21
900000000009652,1001,SH02,60652,2026-07-27,2026-10-14
900000000009653,1005,SH01,14201,2026-10-02,2026-06-27
900000000009654,1008,SH01,60652,2026-07-10,2026-11-23
900000000009655,1003,SH03,33101,2026-10-11,2026-10-21
900000000009656,1005,SH02,90210,2026-10-11,2026-10-02
900000000009657,1001,SH03,60652,2026-11-24,2026-05-02
900000000009658,1004,SH01,90210,2026-11-05,2026-06-09
900000000009659,1008,SH01,90210,2026-09-28,2026-10-11
900000000009660,1010,SH01,30301,2026-10-02,2026-06-10
900000000009661,1005,SH03,30301,2026-06-10,2026-06-27
900000000009662,1007,SH01,98101,2026-10-02,2026-05-08
900000000009663,1003,SH01,10001,2026-06-27,2026-10-27
900000000009664,1010,SH03,90210,2026-05-07,2026-09-28
900000000009665,1005,SH02,98101,2026-06-29,2026-06-26
900000000009666,1005,SH03,30301,2026-05-24,2026-07-02
900000000009667,1003,SH03,60601,2026-05-02,2026-10-27
900000000009668,1008,SH03,30301,2026-11-24,2026-09-21
900000000009669,1007,SH01,10001,2026-08-17,2026-11-11
900000000009670,1010,SH01,90210,2026-06-29,2026-06-27
900000000009671,1002,SH03,33101,2026-05-07,2026-06-09
900000000009672,1009,SH02,60652,2026-07-10,2026-11-24
900000000009673,1002,SH03,14201,2026-10-11,2026-06-27
900000000009674,1004,SH01,80201,2026-07-11,2026-06-09
900000000009675,1009,SH03,90210,2026-09-29,2026-07-02
900000000009676,1006,SH03,10001,2026-10-11,2026-08-17
900000000009677,1006,SH03,33101,2026-10-21,2026-10-31
900000000009678,1010,SH03,10001,2026-11-23,2026-11-24
900000000009679,1007,SH03,10001,2026-05-07,2026-06-27
900000000009680,1010,SH02,60601,2026-05-08,2026-11-11
900000000009681,1008,SH03,33101,2026-05-02,2026-10-27
900000000009682,1005,SH01,30301,2026-06-10,2026-11-11
900000000009683,1002,SH02,60601,2026-10-21,2026-10-11
900000000009684,1009,SH02,90210,2026-09-29,2026-10-14
900000000009685,1004,SH03,10001,2026-07-10,2026-11-24
900000000009686,1003,SH01,90210,2026-09-29,2026-05-07
900000000009687,1004,SH02,75201,2026-05-24,2026-05-07
900000000009688,1001,SH02,98101,2026-11-11,2026-05-07
900000000009689,1010,SH03,10001,2026-06-10,2026-09-28
900000000009690,1006,SH01,33101,2026-10-21,2026-07-11
900000000009691,1010,SH01,33101,2026-05-09,2026-08-16
900000000009692,1006,SH02,60601,2026-06-27,2026-10-31
900000000009693,1010,SH02,60652,2026-07-10,2026-09-29
900000000009694,1002,SH02,30301,2026-07-11,2026-06-09
900000000009695,1007,SH01,60601,2026-05-02,2026-10-21
900000000009696,1002,SH02,60601,2026-10-11,2026-10-26
900000000009697,1004,SH02,80201,2026-11-05,2026-10-11
900000000009698,1008,SH03,14201,2026-06-10,2026-05-08
900000000009699,1007,SH02,60601,2026-06-27,2026-07-27
900000000009700,1003,SH02,30301,2026-07-02,2026-05-07
900000000009701,1005,SH03,30301,2026-08-17,2026-06-10
900000000009702,1007,SH03,14201,2026-10-26,2026-06-26
900000000009703,1006,SH01,60601,2026-05-09,2026-08-17
900000000009704,1010,SH02,30301,2026-09-29,2026-11-24
900000000009705,1001,SH02,98101,2026-08-17,2026-10-14
900000000009706,1007,SH01,30301,2026-05-08,2026-05-07
900000000009707,1008,SH02,30301,2026-10-31,2026-10-27
900000000009708,1007,SH01,90210,2026-07-02,2026-05-24
900000000009709,1010,SH01,90210,2026-06-09,2026-11-23
900000000009710,1001,SH02,60601,2026-10-14,2026-09-28
900000000009711,1001,SH03,60652,2026-06-27,2026-06-29
900000000009712,1005,SH02,30301,2026-05-07,2026-10-02
900000000009713,1006,SH01,98101,2026-11-05,2026-08-16
900000000009714,1001,SH03,90210,2026-07-11,2026-09-21
900000000009715,1008,SH02,90210,2026-10-14,2026-10-27
900000000009716,1010,SH03,90210,2026-10-31,2026-07-02
900000000009717,1009,SH02,33101,2026-10-14,2026-07-10
900000000009718,1009,SH03,75201,2026-10-26,2026-11-11
900000000009719,1005,SH03,10001,2026-05-24,2026-07-10
900000000009720,1002,SH02,80201,2026-06-27,2026-09-21
900000000009721,1002,SH01,60652,2026-10-27,2026-09-29
900000000009722,1006,SH01,75201,2026-05-07,2026-10-14
900000000009723,1008,SH01,14201,2026-10-02,2026-05-09
900000000009724,1002,SH03,14201,2026-11-24,2026-11-11
900000000009725,1008,SH03,10001,2026-05-08,2026-07-02
900000000009726,1007,SH03,14201,2026-09-21,2026-05-07
900000000009727,1009,SH03,33101,2026-06-27,2026-09-28
900000000009728,1003,SH01,75201,2026-05-02,2026-07-10
900000000009729,1007,SH03,60601,2026-10-31,2026-05-09
900000000009730,1008,SH03,30301,2026-10-26,2026-06-09
900000000009731,1002,SH03,98101,2026-08-16,2026-10-11
900000000009732,1010,SH02,33101,2026-05-02,2026-08-16
900000000009733,1001,SH03,10001,2026-07-11,2026-09-28
900000000009734,1006,SH02,75201,2026-11-11,2026-05-07
900000000009735,1001,SH01,98101,2026-06-26,2026-07-11
900000000009736,1009,SH02,30301,2026-06-27,2026-10-27
900000000009737,1009,SH02,33101,2026-07-11,2026-10-31
900000000009738,1005,SH02,33101,2026-10-31,2026-06-09
900000000009739,1009,SH03,60601,2026-10-14,2026-10-02
900000000009740,1010,SH02,90210,2026-10-31,2026-05-02
900000000009741,1006,SH03,75201,2026-07-27,2026-05-09
900000000009742,1009,SH02,98101,2026-10-11,2026-05-24
900000000009743,1002,SH02,80201,2026-08-16,2026-10-14
900000000009744,1002,SH03,14201,2026-07-11,2026-05-08
900000000009745,1007,SH03,75201,2026-09-21,2026-06-27
900000000009746,1007,SH03,98101,2026-09-29,2026-11-24
900000000009747,1009,SH02,60601,2026-06-29,2026-09-29
900000000009748,1005,SH03,14201,2026-06-27,2026-10-31
900000000009749,1001,SH03,30301,2026-11-24,2026-10-26
900000000009750,1007,SH01,10001,2026-10-14,2026-10-02
900000000009751,1010,SH03,60652,2026-05-24,2026-11-05
900000000009752,1001,SH02,90210,2026-07-10,2026-05-24
900000000009753,1001,SH01,80201,2026-10-26,2026-08-17
900000000009754,1002,SH02,60601,2026-11-23,2026-06-27
900000000009755,1004,SH02,33101,2026-11-24,2026-09-29
900000000009756,1002,SH02,80201,2026-07-10,2026-10-26
900000000009757,1007,SH03,80201,2026-05-02,2026-09-21
900000000009758,1006,SH02,60652,2026-10-26,2026-07-27
900000000009759,1007,SH02,90210,2026-05-02,2026-06-26
900000000009760,1001,SH01,30301,2026-11-11,2026-06-09
900000000009761,1002,SH01,10001,2026-05-24,2026-07-27
900000000009762,1004,SH02,14201,2026-10-26,2026-08-16
900000000009763,1009,SH03,60601,2026-10-21,2026-05-07
900000000009764,1007,SH03,75201,2026-09-21,2026-06-09
900000000009765,1005,SH02,60652,2026-06-27,2026-10-26
900000000009766,1008,SH03,98101,2026-10-26,2026-05-09
900000000009767,1002,SH01,80201,2026-09-21,2026-05-02
900000000009768,1002,SH03,14201,2026-05-24,2026-06-27
900000000009769,1004,SH03,14201,2026-05-08,2026-06-26
900000000009770,1001,SH02,14201,2026-10-02,2026-07-11
900000000009771,1002,SH03,33101,2026-10-11,2026-05-09
900000000009772,1009,SH02,80201,2026-05-02,2026-05-09
900000000009773,1010,SH02,75201,2026-10-11,2026-11-05
900000000009774,1007,SH02,75201,2026-08-16,2026-05-07
900000000009775,1005,SH02,60601,2026-11-05,2026-06-26
900000000009776,1003,SH03,98101,2026-07-02,2026-05-02
900000000009777,1002,SH03,33101,2026-10-02,2026-05-08
900000000009778,1007,SH03,75201,2026-08-17,2026-05-08
900000000009779,1007,SH01,75201,2026-11-23,2026-07-27
900000000009780,1003,SH02,33101,2026-11-23,2026-07-27
900000000009781,1001,SH01,60652,2026-05-09,2026-06-27
900000000009782,1004,SH01,10001,2026-11-24,2026-10-14
900000000009783,1009,SH01,98101,2026-10-21,2026-07-27
900000000009784,1003,SH02,60601,2026-10-02,2026-11-11
900000000009785,1001,SH01,60601,2026-11-24,2026-11-24
900000000009786,1008,SH02,75201,2026-06-27,2026-05-07
900000000009787,1007,SH02,14201,2026-09-21,2026-06-29
900000000009788,1004,SH02,14201,2026-05-02,2026-07-11
900000000009789,1002,SH01,90210,2026-10-11,2026-06-27
900000000009790,1008,SH03,30301,2026-10-26,2026-09-28
900000000009791,1003,SH02,60652,2026-07-10,2026-11-24
900000000009792,1004,SH03,60652,2026-09-29,2026-07-02
900000000009793,1002,SH02,80201,2026-06-27,2026-06-26
900000000009794,1010,SH02,80201,2026-11-24,2026-10-21
900000000009795,1003,SH02,14201,2026-10-26,2026-06-29
900000000009796,1008,SH01,14201,2026-06-27,2026-07-27
900000000009797,1001,SH01,14201,2026-10-11,2026-07-02
900000000009798,1008,SH01,75201,2026-11-05,2026-05-02
900000000009799,1004,SH01,14201,2026-06-09,2026-05-08
900000000009800,1007,SH01,10001,2026-10-14,2026-10-31
900000000009801,1005,SH01,90210,2026-07-10,2026-05-09
900000000009802,1001,SH03,90210,2026-08-16,2026-07-02
900000000009803,1005,SH02,90210,2026-08-16,2026-07-02
900000000009804,1010,SH02,75201,2026-06-26,2026-11-11
900000000009805,1007,SH02,98101,2026-06-10,2026-09-21
900000000009806,1002,SH03,80201,2026-09-29,2026-07-11
900000000009807,1009,SH02,14201,2026-10-21,2026-10-14
900000000009808,1001,SH03,60601,2026-05-07,2026-06-10
900000000009809,1008,SH03,10001,2026-11-05,2026-10-31
900000000009810,1009,SH01,75201,2026-06-10,2026-10-11
900000000009811,1004,SH02,98101,2026-05-02,2026-07-11
900000000009812,1009,SH03,75201,2026-05-08,2026-10-27
900000000009813,1010,SH01,33101,2026-06-27,2026-11-05
900000000009814,1006,SH01,90210,2026-07-10,2026-05-24
900000000009815,1001,SH03,98101,2026-10-21,2026-08-16
900000000009816,1001,SH02,30301,2026-10-21,2026-11-23
900000000009817,1009,SH01,33101,2026-05-08,2026-09-21
900000000009818,1006,SH02,60601,2026-08-17,2026-10-31
900000000009819,1004,SH03,33101,2026-11-23,2026-09-21
900000000009820,1008,SH03,10001,2026-05-02,2026-09-21
900000000009821,1001,SH01,30301,2026-10-14,2026-11-24
900000000009822,1010,SH01,30301,2026-09-28,2026-06-27
900000000009823,1002,SH03,33101,2026-11-24,2026-06-29
900000000009824,1005,SH02,10001,2026-06-09,2026-05-08
900000000009825,1005,SH03,33101,2026-10-26,2026-11-24
900000000009826,1005,SH01,75201,2026-11-24,2026-07-27
900000000009827,1010,SH02,10001,2026-10-31,2026-06-26
900000000009828,1001,SH03,30301,2026-08-17,2026-11-24
900000000009829,1005,SH02,60601,2026-07-11,2026-09-29
900000000009830,1010,SH03,10001,2026-11-24,2026-10-11
900000000009831,1008,SH03,30301,2026-10-21,2026-09-21
900000000009832,1009,SH01,75201,2026-09-21,2026-10-27
900000000009833,1005,SH02,80201,2026-05-02,2026-06-26
900000000009834,1010,SH03,60601,2026-09-28,2026-07-10
900000000009835,1004,SH03,33101,2026-09-21,2026-05-09
900000000009836,1010,SH03,30301,2026-09-21,2026-09-29
900000000009837,1003,SH02,90210,2026-05-02,2026-06-27
900000000009838,1002,SH02,90210,2026-09-21,2026-06-29
900000000009839,1005,SH01,60652,2026-07-11,2026-06-26
900000000009840,1003,SH01,98101,2026-05-08,2026-07-02
900000000009841,1007,SH01,10001,2026-09-29,2026-09-29
900000000009842,1007,SH03,75201,2026-10-26,2026-10-31
900000000009843,1010,SH01,90210,2026-10-14,2026-10-31
900000000009844,1004,SH02,60601,2026-08-16,2026-11-05
900000000009845,1007,SH01,14201,2026-10-21,2026-10-27
900000000009846,1010,SH03,75201,2026-07-02,2026-10-27
900000000009847,1010,SH03,90210,2026-10-02,2026-06-27
900000000009848,1010,SH01,90210,2026-06-09,2026-11-05
900000000009849,1007,SH01,30301,2026-08-17,2026-05-08
900000000009850,1004,SH03,14201,2026-09-21,2026-07-11
900000000009851,1002,SH03,14201,2026-06-09,2026-07-11
900000000009852,1004,SH01,60652,2026-10-26,2026-09-21
900000000009853,1001,SH02,10001,2026-07-11,2026-10-21
900000000009854,1004,SH03,80201,2026-08-17,2026-11-23
900000000009855,1001,SH03,98101,2026-10-11,2026-05-24
900000000009856,1006,SH02,10001,2026-07-27,2026-10-14
900000000009857,1002,SH02,14201,2026-10-21,2026-09-28
900000000009858,1006,SH01,80201,2026-10-11,2026-06-29
900000000009859,1002,SH01,98101,2026-10-02,2026-06-26
900000000009860,1006,SH02,90210,2026-05-08,2026-06-29
900000000009861,1003,SH03,33101,2026-05-24,2026-07-27
900000000009862,1006,SH01,90210,2026-10-11,2026-05-08
900000000009863,1007,SH03,60652,2026-05-08,2026-07-11
900000000009864,1010,SH03,60601,2026-05-02,2026-11-24
900000000009865,1010,SH02,80201,2026-11-24,2026-06-10
900000000009866,1005,SH03,33101,2026-09-29,2026-06-09
900000000009867,1002,SH01,10001,2026-07-11,2026-10-14
900000000009868,1003,SH01,14201,2026-07-10,2026-10-02
900000000009869,1006,SH03,60652,2026-11-24,2026-10-14
900000000009870,1009,SH02,80201,2026-07-27,2026-10-14
900000000009871,1010,SH02,10001,2026-11-24,2026-05-24
900000000009872,1005,SH03,10001,2026-06-10,2026-05-24
900000000009873,1007,SH01,75201,2026-11-11,2026-09-29
900000000009874,1005,SH03,10001,2026-06-09,2026-10-27
900000000009875,1007,SH01,60652,2026-06-29,2026-08-17
900000000009876,1002,SH02,60601,2026-05-02,2026-06-10
900000000009877,1007,SH03,33101,2026-06-09,2026-10-26
900000000009878,1006,SH02,98101,2026-06-26,2026-06-29
900000000009879,1009,SH02,10001,2026-07-02,2026-05-07
900000000009880,1003,SH02,60601,2026-07-02,2026-06-10
900000000009881,1003,SH02,60601,2026-07-10,2026-07-02
900000000009882,1009,SH01,30301,2026-07-27,2026-06-29
900000000009883,1001,SH02,14201,2026-08-17,2026-10-31
900000000009884,1003,SH03,30301,2026-06-26,2026-07-11
900000000009885,1001,SH01,30301,2026-05-09,2026-10-11
900000000009886,1003,SH02,75201,2026-11-05,2026-09-21
900000000009887,1005,SH03,60652,2026-05-07,2026-10-21
900000000009888,1002,SH03,30301,2026-10-21,2026-10-21
900000000009889,1007,SH03,33101,2026-10-21,2026-05-08
900000000009890,1004,SH02,10001,2026-06-29,2026-06-27
900000000009891,1004,SH02,80201,2026-09-29,2026-09-29
900000000009892,1002,SH01,33101,2026-08-17,2026-11-05
900000000009893,1006,SH02,60601,2026-05-02,2026-11-24
900000000009894,1004,SH02,33101,2026-10-31,2026-09-21
900000000009895,1001,SH02,80201,2026-07-11,2026-10-27
900000000009896,1002,SH01,10001,2026-05-07,2026-05-08
900000000009897,1006,SH03,98101,2026-10-27,2026-08-17
900000000009898,1008,SH03,10001,2026-11-11,2026-11-24
900000000009899,1009,SH01,90210,2026-07-11,2026-07-10
900000000009900,1007,SH01,33101,2026-06-29,2026-11-05
900000000009901,1001,SH01,30301,2026-10-21,2026-06-27
900000000009902,1004,SH03,80201,2026-10-14,2026-07-11
900000000009903,1004,SH03,30301,2026-10-14,2026-05-02
900000000009904,1005,SH02,30301,2026-11-11,2026-10-27
900000000009905,1003,SH03,10001,2026-10-02,2026-08-17
900000000009906,1003,SH01,60652,2026-11-05,2026-05-07
900000000009907,1004,SH02,30301,2026-05-24,2026-11-23
900000000009908,1009,SH02,33101,2026-08-16,2026-05-07
900000000009909,1001,SH03,10001,2026-10-26,2026-07-02
900000000009910,1001,SH03,33101,2026-05-02,2026-06-10
900000000009911,1006,SH03,60652,2026-08-16,2026-06-10
900000000009912,1007,SH01,60601,2026-09-21,2026-06-10
900000000009913,1010,SH01,60601,2026-11-23,2026-07-10
900000000009914,1006,SH03,33101,2026-08-16,2026-06-10
900000000009915,1005,SH03,10001,2026-07-02,2026-09-28
900000000009916,1008,SH01,10001,2026-11-11,2026-08-17
900000000009917,1007,SH01,60601,2026-10-14,2026-07-11
900000000009918,1007,SH02,75201,2026-11-11,2026-09-28
900000000009919,1010,SH03,14201,2026-08-16,2026-06-29
900000000009920,1003,SH01,75201,2026-06-26,2026-06-09
900000000009921,1005,SH01,98101,2026-06-29,2026-11-11
900000000009922,1002,SH03,75201,2026-08-16,2026-11-05
900000000009923,1006,SH02,14201,2026-06-27,2026-07-11
900000000009924,1005,SH03,75201,2026-10-27,2026-11-05
900000000009925,1001,SH01,60652,2026-11-23,2026-10-21
900000000009926,1007,SH03,98101,2026-09-29,2026-10-02
900000000009927,1003,SH03,60601,2026-06-10,2026-05-02
900000000009928,1001,SH01,10001,2026-05-09,2026-11-11
900000000009929,1003,SH01,75201,2026-09-29,2026-06-26
900000000009930,1008,SH03,90210,2026-07-10,2026-07-10
900000000009931,1007,SH03,30301,2026-05-08,2026-07-27
900000000009932,1009,SH01,75201,2026-11-05,2026-07-10
900000000009933,1005,SH03,30301,2026-08-16,2026-05-09
900000000009934,1003,SH03,30301,2026-05-08,2026-06-29
900000000009935,1007,SH03,75201,2026-06-09,2026-10-02
900000000009936,1010,SH02,60601,2026-10-31,2026-05-02
900000000009937,1002,SH03,10001,2026-09-21,2026-11-05
900000000009938,1001,SH01,90210,2026-06-10,2026-09-29
900000000009939,1002,SH01,80201,2026-10-14,2026-10-31
900000000009940,1004,SH03,10001,2026-10-27,2026-09-21
900000000009941,1006,SH03,90210,2026-10-21,2026-11-11
900000000009942,1002,SH03,90210,2026-11-11,2026-10-21
900000000009943,1003,SH01,75201,2026-11-05,2026-07-11
900000000009944,1008,SH01,14201,2026-10-27,2026-05-02
900000000009945,1003,SH01,75201,2026-10-21,2026-10-02
900000000009946,1009,SH02,10001,2026-06-10,2026-10-21
900000000009947,1005,SH02,30301,2026-10-26,2026-06-29
900000000009948,1010,SH01,80201,2026-11-24,2026-08-16
900000000009949,1007,SH03,90210,2026-11-05,2026-09-21
900000000009950,1004,SH03,33101,2026-05-24,2026-10-11
900000000009951,1005,SH03,90210,2026-10-26,2026-08-16
900000000009952,1009,SH03,14201,2026-10-21,2026-10-26
900000000009953,1008,SH03,60601,2026-10-27,2026-08-16
900000000009954,1007,SH03,75201,2026-10-02,2026-10-31
900000000009955,1006,SH02,14201,2026-09-29,2026-05-08
900000000009956,1010,SH03,33101,2026-11-23,2026-07-02
900000000009957,1006,SH03,75201,2026-11-11,2026-10-14
900000000009958,1003,SH01,14201,2026-10-02,2026-10-02
900000000009959,1003,SH02,30301,2026-09-28,2026-11-11
900000000009960,1002,SH01,60652,2026-09-28,2026-10-27
900000000009961,1007,SH03,90210,2026-06-26,2026-10-31
900000000009962,1010,SH01,80201,2026-08-17,2026-10-02
900000000009963,1002,SH01,33101,2026-06-29,2026-07-11
900000000009964,1009,SH03,33101,2026-05-02,2026-08-16
900000000009965,1003,SH03,60601,2026-10-11,2026-10-26
900000000009966,1002,SH02,14201,2026-06-29,2026-10-14
900000000009967,1007,SH01,14201,2026-11-24,2026-10-02
900000000009968,1002,SH03,75201,2026-10-26,2026-08-17
900000000009969,1001,SH01,60652,2026-11-05,2026-11-23
900000000009970,1006,SH01,80201,2026-07-27,2026-05-24
900000000009971,1005,SH01,14201,2026-11-05,2026-07-02
900000000009972,1007,SH02,14201,2026-09-29,2026-10-26
900000000009973,1004,SH01,80201,2026-06-29,2026-10-11
900000000009974,1003,SH02,30301,2026-05-08,2026-06-10
900000000009975,1005,SH01,30301,2026-06-29,2026-07-27
900000000009976,1004,SH03,60601,2026-05-07,2026-05-08
900000000009977,1006,SH02,60652,2026-05-09,2026-06-26
900000000009978,1005,SH02,90210,2026-05-08,2026-07-27
900000000009979,1007,SH01,60652,2026-06-29,2026-10-26
900000000009980,1006,SH02,98101,2026-10-14,2026-10-11
900000000009981,1010,SH03,30301,2026-10-02,2026-06-09
900000000009982,1009,SH02,75201,2026-10-27,2026-08-16
900000000009983,1003,SH03,90210,2026-06-26,2026-06-27
900000000009984,1010,SH01,30301,2026-07-27,2026-06-09
900000000009985,1002,SH02,98101,2026-10-14,2026-08-16
900000000009986,1008,SH02,98101,2026-07-02,2026-06-27
900000000009987,1002,SH02,60652,2026-07-11,2026-07-27
900000000009988,1008,SH01,30301,2026-09-29,2026-05-07
900000000009989,1001,SH02,60601,2026-10-14,2026-05-07
900000000009990,1005,SH01,14201,2026-10-27,2026-09-28
900000000009991,1007,SH01,98101,2026-06-09,2026-05-02
900000000009992,1006,SH01,80201,2026-05-08,2026-10-31
900000000009993,1006,SH01,14201,2026-05-09,2026-10-26
900000000009994,1010,SH02,30301,2026-11-24,2026-07-10
900000000009995,1004,SH02,75201,2026-06-27,2026-11-11
900000000009996,1003,SH02,33101,2026-10-11,2026-08-16
900000000009997,1003,SH02,80201,2026-10-31,2026-07-11
900000000009998,1010,SH02,30301,2026-06-10,2026-10-14
900000000009999,1002,SH01,33101,2026-10-11,2026-05-07
900000000010000,1008,SH03,90210,2026-11-23,2026-11-23
900000000010001,1005,SH03,30301,2026-05-02,2026-05-24
900000000010002,1004,SH01,75201,2026-10-26,2026-11-05
900000000010003,1003,SH03,60601,2026-07-02,2026-10-31
900000000010004,1001,SH03,60652,2026-11-24,2026-06-10
900000000010005,1001,SH02,80201,2026-11-24,2026-06-09
900000000010006,1002,SH02,90210,2026-06-10,2026-08-17
900000000010007,1003,SH03,10001,2026-07-11,2026-11-23
900000000010008,1006,SH03,90210,2026-06-27,2026-08-17
900000000010009,1008,SH01,90210,2026-07-11,2026-05-07
900000000010010,1007,SH01,90210,2026-07-10,2026-08-16
900000000010011,1003,SH01,80201,2026-06-29,2026-05-24
900000000010012,1003,SH01,30301,2026-05-02,2026-05-08
900000000010013,1001,SH03,80201,2026-10-02,2026-07-02
900000000010014,1002,SH01,60601,2026-06-10,2026-07-11
900000000010015,1004,SH03,10001,2026-11-05,2026-10-02
900000000010016,1010,SH01,33101,2026-06-27,2026-07-11
900000000010017,1007,SH01,30301,2026-07-10,2026-10-14
900000000010018,1001,SH02,14201,2026-10-26,2026-11-11
900000000010019,1005,SH03,80201,2026-05-08,2026-09-21
900000000010020,1005,SH03,60652,2026-09-29,2026-10-26
900000000010021,1002,SH03,10001,2026-05-24,2026-05-24
900000000010022,1003,SH02,98101,2026-05-02,2026-07-11
900000000010023,1010,SH03,75201,2026-07-02,2026-10-11
900000000010024,1008,SH02,98101,2026-09-29,2026-09-28
900000000010025,1008,SH02,33101,2026-07-02,2026-10-21
900000000010026,1004,SH01,33101,2026-05-02,2026-10-21
900000000010027,1002,SH01,33101,2026-11-05,2026-11-05
900000000010028,1005,SH01,60601,2026-06-29,2026-11-11
900000000010029,1006,SH02,30301,2026-10-21,2026-10-31
900000000010030,1004,SH03,90210,2026-10-26,2026-05-24
900000000010031,1003,SH03,80201,2026-09-28,2026-07-02
900000000010032,1008,SH01,60652,2026-10-27,2026-10-26
900000000010033,1009,SH02,33101,2026-05-02,2026-11-23
900000000010034,1010,SH02,80201,2026-10-21,2026-11-05
900000000010035,1005,SH02,60652,2026-10-27,2026-11-11
900000000010036,1009,SH03,14201,2026-05-08,2026-08-17
900000000010037,1007,SH01,60652,2026-11-24,2026-10-26
900000000010038,1006,SH02,10001,2026-05-07,2026-06-29
900000000010039,1009,SH03,75201,2026-06-26,2026-10-31
900000000010040,1004,SH03,80201,2026-08-16,2026-09-29
900000000010041,1003,SH01,60601,2026-11-23,2026-05-07
900000000010042,1008,SH03,33101,2026-10-27,2026-06-10
900000000010043,1008,SH03,30301,2026-10-31,2026-06-27
900000000010044,1007,SH03,75201,2026-07-10,2026-06-29
900000000010045,1006,SH03,30301,2026-10-26,2026-11-05
900000000010046,1004,SH03,60601,2026-09-28,2026-10-21
900000000010047,1009,SH01,14201,2026-06-27,2026-06-29
900000000010048,1004,SH03,10001,2026-10-27,2026-09-29
900000000010049,1002,SH02,10001,2026-11-24,2026-06-10
900000000010050,1005,SH02,30301,2026-11-23,2026-05-24
900000000010051,1008,SH03,33101,2026-10-14,2026-05-09
900000000010052,1008,SH03,30301,2026-06-09,2026-11-11
900000000010053,1008,SH02,60652,2026-09-28,2026-05-24
900000000010054,1001,SH03,10001,2026-07-27,2026-09-21
900000000010055,1002,SH03,60601,2026-11-05,2026-06-10
900000000010056,1010,SH01,14201,2026-06-27,2026-09-28
900000000010057,1001,SH02,98101,2026-06-09,2026-10-11
900000000010058,1001,SH03,33101,2026-07-27,2026-05-02
900000000010059,1004,SH01,80201,2026-07-02,2026-06-09
900000000010060,1010,SH03,10001,2026-08-16,2026-11-05
900000000010061,1003,SH01,80201,2026-07-27,2026-07-27
900000000010062,1006,SH03,90210,2026-08-16,2026-08-17
900000000010063,1009,SH03,60652,2026-06-10,2026-10-21
900000000010064,1008,SH01,30301,2026-11-05,2026-08-17
900000000010065,1005,SH03,33101,2026-06-09,2026-05-02
900000000010066,1007,SH03,80201,2026-06-10,2026-05-24
900000000010067,1010,SH03,10001,2026-06-09,2026-10-31
900000000010068,1001,SH03,30301,2026-10-27,2026-08-17
900000000010069,1007,SH01,30301,2026-09-28,2026-11-24
900000000010070,1002,SH01,60652,2026-10-11,2026-06-29
900000000010071,1007,SH02,90210,2026-10-31,2026-10-26
900000000010072,1007,SH01,60601,2026-07-10,2026-11-23
900000000010073,1004,SH02,75201,2026-06-29,2026-05-02
900000000010074,1010,SH01,98101,2026-08-17,2026-05-02
900000000010075,1010,SH03,10001,2026-09-28,2026-07-11
900000000010076,1004,SH02,14201,2026-10-26,2026-07-10
900000000010077,1009,SH01,90210,2026-06-26,2026-06-26
900000000010078,1006,SH02,80201,2026-07-11,2026-05-09
900000000010079,1005,SH02,30301,2026-10-27,2026-09-28
900000000010080,1003,SH01,60601,2026-05-09,2026-07-27
900000000010081,1010,SH02,90210,2026-05-02,2026-10-27
900000000010082,1002,SH02,60601,2026-05-02,2026-11-11
900000000010083,1008,SH02,80201,2026-10-21,2026-09-21
900000000010084,1007,SH01,60601,2026-06-09,2026-11-11
900000000010085,1001,SH01,14201,2026-07-11,2026-08-17
900000000010086,1002,SH02,60601,2026-10-31,2026-10-02
900000000010087,1003,SH02,60652,2026-05-24,2026-11-11
900000000010088,1008,SH01,33101,2026-05-07,2026-10-11
900000000010089,1003,SH02,60601,2026-11-23,2026-07-27
900000000010090,1009,SH03,10001,2026-07-11,2026-08-16
900000000010091,1005,SH03,80201,2026-10-11,2026-07-02
900000000010092,1005,SH01,14201,2026-11-05,2026-05-08
900000000010093,1001,SH02,98101,2026-11-05,2026-07-10
900000000010094,1006,SH01,90210,2026-10-21,2026-05-09
900000000010095,1003,SH03,60601,2026-10-27,2026-10-27
900000000010096,1003,SH02,14201,2026-10-21,2026-11-05
900000000010097,1008,SH02,60601,2026-10-14,2026-06-26
900000000010098,1001,SH02,98101,2026-11-23,2026-07-10
900000000010099,1007,SH02,60601,2026-05-09,2026-10-14
900000000010100,1005,SH02,60601,2026-05-09,2026-08-17
900000000010101,1006,SH01,60601,2026-09-28,2026-10-02
900000000010102,1007,SH01,98101,2026-11-05,2026-05-08
900000000010103,1003,SH03,75201,2026-07-10,2026-11-24
900000000010104,1008,SH03,80201,2026-05-24,2026-10-11
900000000010105,1008,SH01,10001,2026-06-10,2026-10-26
900000000010106,1010,SH02,30301,2026-07-10,2026-05-08
900000000010107,1006,SH02,14201,2026-10-31,2026-06-09
900000000010108,1007,SH02,90210,2026-11-11,2026-07-10
900000000010109,1006,SH02,80201,2026-07-02,2026-05-24
900000000010110,1008,SH02,75201,2026-07-11,2026-11-05
900000000010111,1010,SH03,10001,2026-10-27,2026-05-07
900000000010112,1010,SH01,60601,2026-08-17,2026-10-14
900000000010113,1008,SH01,75201,2026-06-29,2026-06-29
900000000010114,1006,SH02,98101,2026-05-09,2026-09-28
900000000010115,1002,SH01,14201,2026-11-24,2026-05-08
900000000010116,1004,SH01,33101,2026-06-09,2026-11-23
900000000010117,1006,SH01,10001,2026-06-09,2026-05-24
900000000010118,1003,SH03,60652,2026-09-29,2026-10-02
900000000010119,1002,SH01,10001,2026-07-02,2026-07-11
900000000010120,1008,SH02,14201,2026-06-10,2026-10-14
900000000010121,1007,SH02,30301,2026-06-29,2026-08-16
900000000010122,1001,SH01,60601,2026-10-14,2026-06-26
900000000010123,1004,SH01,60652,2026-07-10,2026-09-21
900000000010124,1002,SH02,10001,2026-05-09,2026-05-09
900000000010125,1010,SH01,80201,2026-10-21,2026-05-02
900000000010126,1004,SH01,75201,2026-05-07,2026-11-05
900000000010127,1010,SH01,10001,2026-07-02,2026-06-27
900000000010128,1009,SH03,98101,2026-07-10,2026-06-09
900000000010129,1007,SH01,33101,2026-05-24,2026-10-14
900000000010130,1002,SH01,14201,2026-10-14,2026-07-11
900000000010131,1001,SH01,10001,2026-08-16,2026-07-10
900000000010132,1003,SH01,75201,2026-11-11,2026-09-21
900000000010133,1004,SH03,60652,2026-11-11,2026-10-26
900000000010134,1004,SH03,75201,2026-06-29,2026-09-29
900000000010135,1009,SH02,33101,2026-10-21,2026-06-10
900000000010136,1006,SH03,30301,2026-11-23,2026-10-11
900000000010137,1007,SH02,80201,2026-05-02,2026-06-10
900000000010138,1003,SH02,98101,2026-06-27,2026-10-27
900000000010139,1003,SH01,75201,2026-08-16,2026-10-11
900000000010140,1007,SH02,98101,2026-05-24,2026-07-11
900000000010141,1005,SH03,98101,2026-07-27,2026-10-26
900000000010142,1004,SH03,14201,2026-09-21,2026-11-05
900000000010143,1007,SH03,75201,2026-05-09,2026-10-02
900000000010144,1010,SH01,14201,2026-11-05,2026-09-28
900000000010145,1008,SH01,33101,2026-11-11,2026-10-26
900000000010146,1001,SH02,98101,2026-11-05,2026-05-07
900000000010147,1010,SH02,90210,2026-09-29,2026-05-09
900000000010148,1010,SH03,10001,2026-07-10,2026-05-08
900000000010149,1010,SH02,60652,2026-06-27,2026-10-14
900000000010150,1003,SH02,33101,2026-10-27,2026-05-09
900000000010151,1008,SH03,90210,2026-08-17,2026-07-10
900000000010152,1002,SH01,60652,2026-10-31,2026-10-26
900000000010153,1009,SH03,10001,2026-10-21,2026-05-02
900000000010154,1006,SH01,98101,2026-05-02,2026-11-23
900000000010155,1006,SH01,80201,2026-05-08,2026-10-27
900000000010156,1010,SH03,30301,2026-10-14,2026-05-02
900000000010157,1005,SH02,30301,2026-05-24,2026-06-29
900000000010158,1006,SH02,90210,2026-05-07,2026-07-02
900000000010159,1003,SH02,33101,2026-06-27,2026-08-17
900000000010160,1008,SH03,60652,2026-07-10,2026-07-27
900000000010161,1008,SH03,10001,2026-11-11,2026-06-09
900000000010162,1010,SH02,33101,2026-11-24,2026-06-09
900000000010163,1010,SH02,90210,2026-07-11,2026-09-29
900000000010164,1008,SH02,60601,2026-09-28,2026-05-02
900000000010165,1004,SH01,60652,2026-07-27,2026-06-26
900000000010166,1010,SH02,90210,2026-06-27,2026-10-14
900000000010167,1010,SH02,75201,2026-10-26,2026-11-23
900000000010168,1009,SH01,14201,2026-08-17,2026-09-21
900000000010169,1001,SH03,75201,2026-06-26,2026-10-02
900000000010170,1002,SH02,90210,2026-09-29,2026-05-02
900000000010171,1003,SH01,80201,2026-11-23,2026-11-11
900000000010172,1007,SH03,60601,2026-06-29,2026-06-27
900000000010173,1005,SH02,60601,2026-09-28,2026-07-10
900000000010174,1001,SH02,75201,2026-06-10,2026-07-27
900000000010175,1008,SH02,80201,2026-05-08,2026-07-27
900000000010176,1005,SH01,30301,2026-11-05,2026-10-26
900000000010177,1007,SH02,33101,2026-10-14,2026-06-27
900000000010178,1006,SH01,60601,2026-05-24,2026-11-11
900000000010179,1010,SH01,90210,2026-08-16,2026-06-10
900000000010180,1006,SH03,90210,2026-06-09,2026-10-26
900000000010181,1004,SH03,60652,2026-10-14,2026-07-10
900000000010182,1003,SH01,14201,2026-10-31,2026-07-10
900000000010183,1007,SH02,60652,2026-11-05,2026-07-10
900000000010184,1009,SH02,80201,2026-11-23,2026-10-14
900000000010185,1003,SH03,75201,2026-09-21,2026-06-29
900000000010186,1008,SH02,60601,2026-09-28,2026-10-14
900000000010187,1003,SH02,98101,2026-11-11,2026-10-27
900000000010188,1008,SH01,10001,2026-10-02,2026-07-02
900000000010189,1010,SH02,30301,2026-09-29,2026-05-09
900000000010190,1007,SH02,33101,2026-06-26,2026-11-05
900000000010191,1005,SH01,80201,2026-10-26,2026-10-02
900000000010192,1005,SH01,33101,2026-10-14,2026-07-11
900000000010193,1003,SH01,33101,2026-07-27,2026-05-24
900000000010194,1007,SH01,33101,2026-05-09,2026-06-09
900000000010195,1004,SH03,10001,2026-08-17,2026-06-26
900000000010196,1006,SH02,60601,2026-07-27,2026-06-29
900000000010197,1007,SH02,10001,2026-06-27,2026-11-05
900000000010198,1004,SH01,14201,2026-08-16,2026-09-28
900000000010199,1006,SH03,14201,2026-09-29,2026-05-09
900000000010200,1009,SH01,30301,2026-11-23,2026-10-26
900000000010201,1003,SH01,60652,2026-05-02,2026-08-16
900000000010202,1009,SH03,90210,2026-05-08,2026-07-02
900000000010203,1003,SH02,60601,2026-10-21,2026-05-02
900000000010204,1002,SH03,33101,2026-09-21,2026-11-11
900000000010205,1010,SH03,33101,2026-10-21,2026-11-23
900000000010206,1005,SH02,14201,2026-11-11,2026-06-27
900000000010207,1005,SH01,14201,2026-05-09,2026-10-31
900000000010208,1009,SH02,33101,2026-05-07,2026-10-26
900000000010209,1006,SH02,14201,2026-06-29,2026-06-26
900000000010210,1001,SH02,14201,2026-07-27,2026-05-08
900000000010211,1006,SH01,98101,2026-05-07,2026-06-27
900000000010212,1007,SH02,75201,2026-10-21,2026-10-21
900000000010213,1008,SH02,33101,2026-06-29,2026-10-26
900000000010214,1002,SH02,33101,2026-10-14,2026-05-24
900000000010215,1009,SH01,60601,2026-10-27,2026-09-29
900000000010216,1010,SH01,98101,2026-11-11,2026-06-26
900000000010217,1001,SH01,60601,2026-06-10,2026-11-05
900000000010218,1009,SH02,60652,2026-05-07,2026-10-27
900000000010219,1010,SH03,90210,2026-06-29,2026-07-27
900000000010220,1008,SH02,98101,2026-10-02,2026-09-21
900000000010221,1006,SH02,80201,2026-09-21,2026-10-26
900000000010222,1010,SH02,33101,2026-07-11,2026-10-11
900000000010223,1002,SH03,80201,2026-07-10,2026-07-11
900000000010224,1007,SH01,60601,2026-06-27,2026-10-31
900000000010225,1009,SH01,90210,2026-11-23,2026-07-10
900000000010226,1002,SH03,80201,2026-11-23,2026-08-17
900000000010227,1003,SH02,10001,2026-07-10,2026-07-10
900000000010228,1009,SH03,60652,2026-05-09,2026-10-27
900000000010229,1009,SH01,80201,2026-06-10,2026-06-10
900000000010230,1003,SH03,14201,2026-09-29,2026-11-05
900000000010231,1003,SH01,30301,2026-05-07,2026-09-21
900000000010232,1010,SH03,10001,2026-09-21,2026-10-02
900000000010233,1009,SH03,14201,2026-09-28,2026-10-02
900000000010234,1009,SH02,90210,2026-06-26,2026-10-31
900000000010235,1009,SH01,80201,2026-07-11,2026-06-09
900000000010236,1009,SH01,10001,2026-09-28,2026-05-02
900000000010237,1003,SH01,75201,2026-11-23,2026-10-31
900000000010238,1010,SH03,90210,2026-06-26,2026-08-17
900000000010239,1007,SH02,30301,2026-06-26,2026-08-16
900000000010240,1002,SH02,90210,2026-05-09,2026-10-31
900000000010241,1010,SH02,14201,2026-08-16,2026-08-17
900000000010242,1005,SH03,14201,2026-08-16,2026-06-29
900000000010243,1005,SH02,75201,2026-07-02,2026-09-21
900000000010244,1006,SH03,33101,2026-08-16,2026-09-29
900000000010245,1003,SH01,80201,2026-06-26,2026-08-17
900000000010246,1006,SH02,30301,2026-05-02,2026-06-09
900000000010247,1003,SH03,75201,2026-07-10,2026-06-27
900000000010248,1007,SH02,30301,2026-10-27,2026-10-27
900000000010249,1003,SH03,10001,2026-11-11,2026-10-31
900000000010250,1005,SH02,60652,2026-05-09,2026-10-26
900000000010251,1004,SH03,14201,2026-11-11,2026-10-27
900000000010252,1009,SH02,98101,2026-05-07,2026-11-23
900000000010253,1008,SH02,90210,2026-05-08,2026-10-27
900000000010254,1004,SH02,60652,2026-07-02,2026-05-07
900000000010255,1010,SH02,30301,2026-10-02,2026-07-10
900000000010256,1005,SH01,75201,2026-05-09,2026-06-26
900000000010257,1004,SH03,14201,2026-11-11,2026-06-27
900000000010258,1007,SH03,90210,2026-05-07,2026-10-21
900000000010259,1002,SH01,60652,2026-10-31,2026-08-17
900000000010260,1005,SH02,30301,2026-05-09,2026-05-08
900000000010261,1009,SH03,10001,2026-10-14,2026-05-24
900000000010262,1008,SH03,60601,2026-11-05,2026-10-02
900000000010263,1004,SH02,60652,2026-07-27,2026-11-11
900000000010264,1003,SH02,75201,2026-10-11,2026-09-29
900000000010265,1010,SH03,60601,2026-06-27,2026-11-24
900000000010266,1010,SH01,90210,2026-08-16,2026-05-24
900000000010267,1001,SH01,14201,2026-10-21,2026-06-10
900000000010268,1003,SH02,60601,2026-07-10,2026-05-24
900000000010269,1010,SH02,60652,2026-05-08,2026-10-14
900000000010270,1007,SH02,75201,2026-05-07,2026-06-10
900000000010271,1002,SH02,60652,2026-11-24,2026-05-07
900000000010272,1010,SH03,14201,2026-10-02,2026-10-27
900000000010273,1003,SH01,75201,2026-10-27,2026-05-24
900000000010274,1003,SH02,30301,2026-11-24,2026-11-23
900000000010275,1010,SH01,60601,2026-05-07,2026-10-26
900000000010276,1004,SH03,98101,2026-10-26,2026-05-07
900000000010277,1003,SH02,60652,2026-10-21,2026-07-11
900000000010278,1002,SH03,75201,2026-06-27,2026-06-09
900000000010279,1006,SH03,60652,2026-06-26,2026-11-11
900000000010280,1009,SH02,14201,2026-11-11,2026-11-24
900000000010281,1003,SH02,14201,2026-06-27,2026-07-10
900000000010282,1008,SH01,10001,2026-06-29,2026-11-11
900000000010283,1006,SH01,60601,2026-11-24,2026-11-11
900000000010284,1004,SH01,30301,2026-08-16,2026-10-27
900000000010285,1004,SH01,10001,2026-10-11,2026-09-21
900000000010286,1002,SH01,90210,2026-05-08,2026-06-26
900000000010287,1010,SH03,80201,2026-10-21,2026-11-05
900000000010288,1007,SH01,60601,2026-08-16,2026-10-26
900000000010289,1010,SH01,60652,2026-06-29,2026-07-02
900000000010290,1010,SH01,98101,2026-07-02,2026-05-09
900000000010291,1008,SH01,90210,2026-06-27,2026-06-27
900000000010292,1010,SH01,14201,2026-09-29,2026-06-26
900000000010293,1007,SH02,80201,2026-11-23,2026-06-10
900000000010294,1002,SH02,30301,2026-10-11,2026-05-09
900000000010295,1004,SH01,33101,2026-08-16,2026-06-26
900000000010296,1006,SH02,60652,2026-05-09,2026-05-07
900000000010297,1008,SH03,75201,2026-09-29,2026-10-11
900000000010298,1004,SH02,98101,2026-05-09,2026-06-10
900000000010299,1007,SH01,75201,2026-05-09,2026-09-28
900000000010300,1010,SH02,98101,2026-07-11,2026-05-24
900000000010301,1007,SH02,80201,2026-07-02,2026-09-21
900000000010302,1006,SH03,60652,2026-09-28,2026-07-02
900000000010303,1007,SH02,33101,2026-10-21,2026-11-24
900000000010304,1010,SH01,60652,2026-07-10,2026-05-09
900000000010305,1001,SH02,14201,2026-11-23,2026-06-09
900000000010306,1002,SH03,10001,2026-10-26,2026-10-21
900000000010307,1008,SH03,30301,2026-06-27,2026-10-11
900000000010308,1001,SH01,10001,2026-10-11,2026-11-24
900000000010309,1005,SH01,80201,2026-05-09,2026-06-09
900000000010310,1010,SH01,10001,2026-10-26,2026-05-02
900000000010311,1004,SH02,60601,2026-10-11,2026-09-21
900000000010312,1010,SH03,30301,2026-07-02,2026-05-08
900000000010313,1010,SH02,98101,2026-05-07,2026-10-14
900000000010314,1010,SH01,30301,2026-06-27,2026-10-26
900000000010315,1003,SH01,33101,2026-09-29,2026-07-02
900000000010316,1006,SH02,60601,2026-11-24,2026-06-10
900000000010317,1010,SH03,60601,2026-06-10,2026-05-08
900000000010318,1003,SH02,80201,2026-05-09,2026-05-07
900000000010319,1004,SH01,60652,2026-10-27,2026-09-28
900000000010320,1006,SH03,80201,2026-07-11,2026-11-11
900000000010321,1006,SH03,80201,2026-11-24,2026-10-21
900000000010322,1004,SH03,33101,2026-10-14,2026-07-02
900000000010323,1006,SH02,14201,2026-10-02,2026-10-21
900000000010324,1003,SH03,14201,2026-10-21,2026-06-27
900000000010325,1001,SH01,90210,2026-07-27,2026-05-24
900000000010326,1008,SH01,80201,2026-06-26,2026-10-21
900000000010327,1002,SH02,75201,2026-10-21,2026-10-02
900000000010328,1006,SH03,98101,2026-10-14,2026-07-10
900000000010329,1002,SH02,30301,2026-10-27,2026-09-21
900000000010330,1009,SH03,60652,2026-11-05,2026-05-24
900000000010331,1008,SH02,75201,2026-10-02,2026-10-21
900000000010332,1005,SH01,75201,2026-11-24,2026-06-29
900000000010333,1009,SH02,10001,2026-06-27,2026-11-24
900000000010334,1005,SH01,14201,2026-05-02,2026-10-21
900000000010335,1007,SH03,30301,2026-10-14,2026-08-17
900000000010336,1002,SH02,80201,2026-05-02,2026-10-14
900000000010337,1010,SH01,10001,2026-10-14,2026-07-10
900000000010338,1004,SH02,98101,2026-07-10,2026-05-02
900000000010339,1003,SH01,10001,2026-11-24,2026-06-29
900000000010340,1006,SH03,33101,2026-05-08,2026-08-16
900000000010341,1010,SH02,98101,2026-10-27,2026-05-09
900000000010342,1003,SH03,90210,2026-11-23,2026-10-26
900000000010343,1002,SH02,98101,2026-08-17,2026-08-16
900000000010344,1002,SH01,30301,2026-08-17,2026-05-02
900000000010345,1001,SH01,98101,2026-07-11,2026-05-08
900000000010346,1010,SH01,33101,2026-11-11,2026-10-14
900000000010347,1002,SH02,90210,2026-06-09,2026-05-08
900000000010348,1008,SH02,60601,2026-11-05,2026-06-27
900000000010349,1001,SH03,10001,2026-07-10,2026-05-24
900000000010350,1004,SH03,30301,2026-06-09,2026-05-08
900000000010351,1005,SH03,60601,2026-06-10,2026-10-21
900000000010352,1009,SH03,33101,2026-11-24,2026-05-02
900000000010353,1001,SH01,14201,2026-11-24,2026-09-21
900000000010354,1009,SH01,80201,2026-05-07,2026-06-27
900000000010355,1005,SH03,75201,2026-07-27,2026-11-23
900000000010356,1007,SH02,10001,2026-06-29,2026-11-23
900000000010357,1009,SH02,75201,2026-05-02,2026-07-11
900000000010358,1010,SH01,33101,2026-11-11,2026-07-10
900000000010359,1003,SH03,30301,2026-11-23,2026-06-09
900000000010360,1010,SH01,10001,2026-07-27,2026-09-21
900000000010361,1001,SH01,90210,2026-06-10,2026-09-21
900000000010362,1001,SH02,98101,2026-10-14,2026-11-11
900000000010363,1003,SH01,33101,2026-10-14,2026-09-21
900000000010364,1003,SH01,60652,2026-06-10,2026-05-24
900000000010365,1006,SH02,14201,2026-11-11,2026-09-29
900000000010366,1006,SH02,80201,2026-06-26,2026-05-08
900000000010367,1010,SH02,75201,2026-06-26,2026-11-24
900000000010368,1006,SH03,33101,2026-08-16,2026-11-24
900000000010369,1006,SH01,14201,2026-06-26,2026-10-31
900000000010370,1008,SH01,14201,2026-10-02,2026-06-10
900000000010371,1010,SH02,75201,2026-11-24,2026-08-17
900000000010372,1007,SH01,60652,2026-06-27,2026-11-05
900000000010373,1008,SH02,60601,2026-10-26,2026-10-31
900000000010374,1010,SH01,60601,2026-06-10,2026-10-02
900000000010375,1010,SH03,90210,2026-06-29,2026-08-17
900000000010376,1008,SH03,98101,2026-06-09,2026-08-16
900000000010377,1008,SH03,98101,2026-07-02,2026-07-10
900000000010378,1003,SH02,60601,2026-07-11,2026-05-08
900000000010379,1004,SH03,60652,2026-09-29,2026-11-23
900000000010380,1009,SH03,14201,2026-05-07,2026-09-21
900000000010381,1001,SH01,98101,2026-08-17,2026-09-29
900000000010382,1009,SH02,14201,2026-05-08,2026-08-17
900000000010383,1004,SH02,33101,2026-11-11,2026-07-10
900000000010384,1003,SH01,98101,2026-07-02,2026-10-14
900000000010385,1006,SH01,10001,2026-08-16,2026-09-21
900000000010386,1003,SH03,60601,2026-09-21,2026-10-11
900000000010387,1008,SH02,14201,2026-07-02,2026-07-10
900000000010388,1005,SH01,10001,2026-10-02,2026-10-31
900000000010389,1005,SH01,14201,2026-06-09,2026-10-02
900000000010390,1009,SH02,80201,2026-10-26,2026-10-26
900000000010391,1008,SH01,33101,2026-07-11,2026-05-24
900000000010392,1003,SH03,98101,2026-08-16,2026-08-16
900000000010393,1010,SH03,33101,2026-07-27,2026-10-02
900000000010394,1009,SH03,90210,2026-05-08,2026-06-09
900000000010395,1007,SH03,90210,2026-11-24,2026-07-11
900000000010396,1002,SH02,30301,2026-10-11,2026-10-31
900000000010397,1001,SH03,60601,2026-09-29,2026-10-02
900000000010398,1003,SH01,33101,2026-06-26,2026-10-26
900000000010399,1002,SH02,10001,2026-10-14,2026-08-17
900000000010400,1005,SH02,98101,2026-10-02,2026-10-02
900000000010401,1007,SH01,14201,2026-07-11,2026-09-21
900000000010402,1003,SH03,14201,2026-05-09,2026-09-21
900000000010403,1001,SH03,98101,2026-11-11,2026-08-17
900000000010404,1007,SH01,80201,2026-07-02,2026-09-21
900000000010405,1008,SH01,90210,2026-11-05,2026-08-16
900000000010406,1002,SH01,80201,2026-05-08,2026-05-07
900000000010407,1005,SH02,60652,2026-06-27,2026-05-09
900000000010408,1008,SH03,60652,2026-11-05,2026-10-14
900000000010409,1003,SH02,80201,2026-10-11,2026-08-17
900000000010410,1001,SH02,10001,2026-06-26,2026-11-24
900000000010411,1001,SH03,33101,2026-05-02,2026-08-16
900000000010412,1001,SH02,60601,2026-09-28,2026-06-29
900000000010413,1006,SH03,60652,2026-07-27,2026-10-11
900000000010414,1002,SH02,98101,2026-09-29,2026-08-16
900000000010415,1008,SH03,30301,2026-05-24,2026-10-31
900000000010416,1001,SH03,60652,2026-05-08,2026-07-10
900000000010417,1003,SH01,33101,2026-09-21,2026-09-28
900000000010418,1010,SH02,60601,2026-05-08,2026-06-09
900000000010419,1007,SH01,30301,2026-09-29,2026-11-23
900000000010420,1008,SH02,98101,2026-05-07,2026-11-24
900000000010421,1007,SH01,90210,2026-06-29,2026-11-05
900000000010422,1005,SH01,80201,2026-10-26,2026-11-11
900000000010423,1003,SH02,80201,2026-09-28,2026-07-10
900000000010424,1007,SH03,30301,2026-06-10,2026-07-10
900000000010425,1008,SH03,75201,2026-08-17,2026-09-21
900000000010426,1007,SH03,10001,2026-07-27,2026-06-10
900000000010427,1005,SH03,75201,2026-05-24,2026-10-14
900000000010428,1006,SH02,75201,2026-06-27,2026-05-02
900000000010429,1010,SH03,33101,2026-09-28,2026-09-21
900000000010430,1006,SH01,14201,2026-05-08,2026-05-09
900000000010431,1010,SH03,60601,2026-09-29,2026-11-23
900000000010432,1008,SH01,10001,2026-08-17,2026-06-29
900000000010433,1008,SH02,33101,2026-06-09,2026-05-24
900000000010434,1003,SH01,80201,2026-10-31,2026-11-11
900000000010435,1001,SH02,75201,2026-09-29,2026-11-05
900000000010436,1005,SH02,60652,2026-10-02,2026-10-14
900000000010437,1006,SH01,10001,2026-10-02,2026-06-27
900000000010438,1010,SH01,10001,2026-11-05,2026-10-11
900000000010439,1009,SH01,60601,2026-09-28,2026-05-08
900000000010440,1006,SH03,98101,2026-11-11,2026-06-27
900000000010441,1009,SH02,14201,2026-07-02,2026-11-23
900000000010442,1007,SH03,98101,2026-05-08,2026-09-28
900000000010443,1005,SH01,75201,2026-07-02,2026-05-08
900000000010444,1005,SH01,60601,2026-07-10,2026-11-05
900000000010445,1004,SH03,14201,2026-11-11,2026-05-09
900000000010446,1009,SH03,60601,2026-06-26,2026-07-02
900000000010447,1002,SH02,30301,2026-10-26,2026-11-23
900000000010448,1002,SH03,30301,2026-10-14,2026-08-16
900000000010449,1010,SH03,75201,2026-06-29,2026-05-07
900000000010450,1006,SH01,60652,2026-06-09,2026-08-16
900000000010451,1010,SH01,98101,2026-10-26,2026-10-14
900000000010452,1007,SH02,30301,2026-11-05,2026-11-11
900000000010453,1009,SH02,75201,2026-11-11,2026-05-24
900000000010454,1006,SH02,60652,2026-10-31,2026-06-26
900000000010455,1010,SH01,14201,2026-10-31,2026-09-28
900000000010456,1008,SH02,90210,2026-06-10,2026-05-08
900000000010457,1009,SH02,30301,2026-10-27,2026-05-02
900000000010458,1009,SH03,98101,2026-07-02,2026-10-31
900000000010459,1009,SH03,75201,2026-06-29,2026-06-29
900000000010460,1004,SH02,14201,2026-11-23,2026-11-23
900000000010461,1001,SH01,30301,2026-06-10,2026-09-29
900000000010462,1005,SH01,60601,2026-10-11,2026-05-07
900000000010463,1010,SH02,60601,2026-06-27,2026-10-27
900000000010464,1007,SH03,98101,2026-10-02,2026-11-24
900000000010465,1004,SH01,30301,2026-05-08,2026-10-27
900000000010466,1007,SH02,14201,2026-06-09,2026-05-07
900000000010467,1002,SH03,75201,2026-06-09,2026-05-02
900000000010468,1004,SH01,90210,2026-09-21,2026-06-29
900000000010469,1003,SH03,60601,2026-05-08,2026-06-26
900000000010470,1004,SH01,75201,2026-06-27,2026-11-24
900000000010471,1009,SH02,10001,2026-07-02,2026-09-21
900000000010472,1001,SH01,98101,2026-06-10,2026-06-26
900000000010473,1002,SH03,60601,2026-09-29,2026-05-02
900000000010474,1001,SH01,98101,2026-06-27,2026-05-24
900000000010475,1001,SH02,60652,2026-11-05,2026-06-27
900000000010476,1007,SH02,80201,2026-07-10,2026-08-17
900000000010477,1003,SH01,10001,2026-05-09,2026-07-11
900000000010478,1003,SH02,98101,2026-06-09,2026-08-16
900000000010479,1006,SH01,98101,2026-09-29,2026-10-14
900000000010480,1010,SH03,60652,2026-10-11,2026-06-29
900000000010481,1009,SH03,14201,2026-05-08,2026-10-31
900000000010482,1004,SH01,60652,2026-08-17,2026-10-11
900000000010483,1006,SH03,98101,2026-11-24,2026-10-11
900000000010484,1010,SH01,90210,2026-09-28,2026-05-07
900000000010485,1006,SH03,30301,2026-07-02,2026-06-26
900000000010486,1009,SH03,98101,2026-05-09,2026-05-08
900000000010487,1010,SH02,75201,2026-11-23,2026-07-11
900000000010488,1006,SH01,90210,2026-06-09,2026-09-21
900000000010489,1010,SH02,75201,2026-05-07,2026-11-11
900000000010490,1004,SH03,60652,2026-11-11,2026-07-11
900000000010491,1001,SH01,60601,2026-10-11,2026-10-27
900000000010492,1007,SH03,60601,2026-05-07,2026-09-29
900000000010493,1008,SH03,14201,2026-10-11,2026-05-24
900000000010494,1005,SH01,14201,2026-11-24,2026-10-31
900000000010495,1009,SH03,33101,2026-10-11,2026-09-28
900000000010496,1002,SH02,10001,2026-09-28,2026-05-02
900000000010497,1005,SH03,33101,2026-10-26,2026-10-27
900000000010498,1002,SH01,60652,2026-10-11,2026-11-24
900000000010499,1001,SH01,80201,2026-07-11,2026-11-24
900000000010500,1004,SH01,60652,2026-10-31,2026-05-24
900000000010501,1002,SH03,98101,2026-06-26,2026-06-10
900000000010502,1003,SH01,14201,2026-06-10,2026-10-11
900000000010503,1010,SH03,14201,2026-06-27,2026-11-24
900000000010504,1009,SH01,10001,2026-11-24,2026-07-10
900000000010505,1007,SH02,30301,2026-10-11,2026-08-16
900000000010506,1005,SH02,98101,2026-08-17,2026-05-24
900000000010507,1005,SH01,75201,2026-06-09,2026-07-02
900000000010508,1004,SH02,60652,2026-08-17,2026-06-26
900000000010509,1002,SH02,90210,2026-05-09,2026-05-08
900000000010510,1002,SH02,75201,2026-05-08,2026-10-26
900000000010511,1002,SH03,90210,2026-06-27,2026-08-16
900000000010512,1003,SH01,80201,2026-05-08,2026-09-21
900000000010513,1010,SH01,75201,2026-06-26,2026-08-16
900000000010514,1006,SH03,80201,2026-11-23,2026-05-08
900000000010515,1008,SH03,30301,2026-05-24,2026-05-24
900000000010516,1004,SH02,98101,2026-07-11,2026-05-07
900000000010517,1008,SH02,60652,2026-10-27,2026-11-24
900000000010518,1010,SH02,30301,2026-11-23,2026-10-31
900000000010519,1004,SH01,90210,2026-05-02,2026-05-07
900000000010520,1004,SH03,80201,2026-06-29,2026-05-07
900000000010521,1003,SH03,98101,2026-10-21,2026-11-24
900000000010522,1007,SH01,14201,2026-10-11,2026-10-02
900000000010523,1001,SH02,98101,2026-06-29,2026-07-02
900000000010524,1005,SH02,90210,2026-05-08,2026-07-27
900000000010525,1007,SH01,33101,2026-05-24,2026-06-09
900000000010526,1005,SH01,30301,2026-10-02,2026-07-10
900000000010527,1006,SH01,10001,2026-05-08,2026-06-29
900000000010528,1008,SH03,14201,2026-11-11,2026-05-09
900000000010529,1008,SH03,10001,2026-05-02,2026-06-26
900000000010530,1008,SH03,90210,2026-10-11,2026-10-14
900000000010531,1008,SH01,60601,2026-06-10,2026-07-11
900000000010532,1005,SH02,98101,2026-09-29,2026-05-02
900000000010533,1004,SH02,14201,2026-07-27,2026-10-11
900000000010534,1009,SH02,90210,2026-06-27,2026-07-02
900000000010535,1007,SH03,14201,2026-06-10,2026-05-02
900000000010536,1006,SH03,80201,2026-11-11,2026-06-26
900000000010537,1009,SH03,10001,2026-11-24,2026-09-28
900000000010538,1002,SH01,33101,2026-09-29,2026-07-11
900000000010539,1001,SH01,14201,2026-07-27,2026-06-27
900000000010540,1008,SH03,90210,2026-10-31,2026-10-14
900000000010541,1008,SH02,33101,2026-10-14,2026-11-05
900000000010542,1008,SH01,98101,2026-10-31,2026-09-28
900000000010543,1010,SH01,14201,2026-06-09,2026-10-27
900000000010544,1001,SH01,90210,2026-10-14,2026-11-05
900000000010545,1009,SH03,10001,2026-11-05,2026-06-27
900000000010546,1004,SH01,30301,2026-08-16,2026-06-27
900000000010547,1007,SH02,80201,2026-09-28,2026-06-27
900000000010548,1010,SH03,10001,2026-06-27,2026-05-02
900000000010549,1004,SH03,60601,2026-10-27,2026-06-26
900000000010550,1005,SH02,33101,2026-06-26,2026-07-10
900000000010551,1008,SH03,60652,2026-05-07,2026-08-16
900000000010552,1002,SH02,80201,2026-05-08,2026-10-26
900000000010553,1002,SH03,10001,2026-11-05,2026-10-27
900000000010554,1007,SH01,80201,2026-10-21,2026-10-27
900000000010555,1001,SH02,30301,2026-06-27,2026-08-17
900000000010556,1005,SH03,98101,2026-07-11,2026-05-07
900000000010557,1004,SH03,80201,2026-05-24,2026-09-28
900000000010558,1005,SH01,80201,2026-11-24,2026-07-10
900000000010559,1008,SH01,10001,2026-11-11,2026-10-14
900000000010560,1003,SH03,33101,2026-08-16,2026-07-11
900000000010561,1005,SH01,90210,2026-06-09,2026-05-24
900000000010562,1005,SH03,80201,2026-07-02,2026-05-08
900000000010563,1007,SH03,30301,2026-10-27,2026-05-24
900000000010564,1007,SH02,80201,2026-11-05,2026-06-09
900000000010565,1002,SH03,14201,2026-09-21,2026-10-14
900000000010566,1006,SH01,10001,2026-09-29,2026-05-08
900000000010567,1001,SH03,10001,2026-09-21,2026-07-11
900000000010568,1010,SH03,30301,2026-07-02,2026-06-10
900000000010569,1006,SH01,98101,2026-10-26,2026-06-26
900000000010570,1008,SH03,30301,2026-06-09,2026-10-02
900000000010571,1010,SH01,14201,2026-07-10,2026-11-24
900000000010572,1003,SH02,14201,2026-08-17,2026-08-17
900000000010573,1007,SH02,80201,2026-07-27,2026-10-31
900000000010574,1001,SH02,80201,2026-10-02,2026-11-24
900000000010575,1009,SH02,30301,2026-11-24,2026-06-10
900000000010576,1004,SH03,14201,2026-06-10,2026-11-05
900000000010577,1004,SH01,33101,2026-05-07,2026-11-23
900000000010578,1004,SH03,10001,2026-11-23,2026-08-16
900000000010579,1010,SH02,33101,2026-10-26,2026-11-05
900000000010580,1004,SH03,80201,2026-09-21,2026-06-26
900000000010581,1006,SH02,75201,2026-05-08,2026-05-08
900000000010582,1007,SH02,30301,2026-10-31,2026-08-16
900000000010583,1005,SH01,30301,2026-06-29,2026-05-02
900000000010584,1005,SH01,60601,2026-05-24,2026-08-16
900000000010585,1005,SH02,60652,2026-10-14,2026-11-23
900000000010586,1006,SH01,10001,2026-07-11,2026-05-09
900000000010587,1008,SH01,30301,2026-11-05,2026-05-07
900000000010588,1006,SH02,10001,2026-10-14,2026-05-24
900000000010589,1010,SH02,30301,2026-05-24,2026-06-26
900000000010590,1008,SH02,90210,2026-11-05,2026-05-09
900000000010591,1009,SH03,75201,2026-05-24,2026-08-16
900000000010592,1001,SH02,60652,2026-09-28,2026-10-14
900000000010593,1009,SH03,30301,2026-07-02,2026-08-16
900000000010594,1003,SH01,10001,2026-09-28,2026-11-05
900000000010595,1008,SH02,60652,2026-05-02,2026-06-29
900000000010596,1010,SH03,60601,2026-09-29,2026-06-27
900000000010597,1005,SH01,60652,2026-09-21,2026-08-16
900000000010598,1004,SH03,33101,2026-06-27,2026-07-02
900000000010599,1004,SH01,75201,2026-06-10,2026-09-29
900000000010600,1003,SH02,75201,2026-10-31,2026-07-11
900000000010601,1001,SH01,60601,2026-05-24,2026-11-24
900000000010602,1004,SH02,60601,2026-05-07,2026-10-26
900000000010603,1010,SH01,60601,2026-10-11,2026-07-27
900000000010604,1002,SH03,14201,2026-10-27,2026-06-27
900000000010605,1006,SH03,60601,2026-10-31,2026-10-14
900000000010606,1008,SH01,90210,2026-05-08,2026-05-08
900000000010607,1006,SH01,60652,2026-05-07,2026-10-27
900000000010608,1005,SH02,10001,2026-07-02,2026-09-21
900000000010609,1005,SH02,60601,2026-05-24,2026-09-21
900000000010610,1002,SH03,60652,2026-09-28,2026-09-29
900000000010611,1001,SH02,80201,2026-06-26,2026-05-24
900000000010612,1009,SH01,98101,2026-08-17,2026-10-31
900000000010613,1001,SH02,98101,2026-07-02,2026-06-27
900000000010614,1001,SH02,80201,2026-08-16,2026-06-29
900000000010615,1003,SH01,80201,2026-10-26,2026-10-26
900000000010616,1009,SH02,60652,2026-08-17,2026-09-28
900000000010617,1005,SH03,60601,2026-07-10,2026-05-24
900000000010618,1009,SH02,98101,2026-07-27,2026-11-23
900000000010619,1008,SH01,33101,2026-05-09,2026-10-27
900000000010620,1001,SH02,60601,2026-08-16,2026-11-24
900000000010621,1003,SH01,90210,2026-09-21,2026-09-29
900000000010622,1007,SH03,60652,2026-06-29,2026-10-21
900000000010623,1004,SH02,80201,2026-11-24,2026-06-27
900000000010624,1008,SH03,98101,2026-06-09,2026-09-29
900000000010625,1005,SH02,80201,2026-08-17,2026-05-07
900000000010626,1005,SH02,75201,2026-11-24,2026-10-02
900000000010627,1008,SH03,98101,2026-06-26,2026-06-09
900000000010628,1002,SH02,80201,2026-10-31,2026-05-08
900000000010629,1010,SH02,80201,2026-09-29,2026-10-27
900000000010630,1002,SH01,75201,2026-11-05,2026-06-26
900000000010631,1001,SH03,80201,2026-07-10,2026-05-02
900000000010632,1010,SH03,90210,2026-10-11,2026-06-29
900000000010633,1005,SH02,75201,2026-10-26,2026-05-09
900000000010634,1005,SH03,30301,2026-11-24,2026-05-08
900000000010635,1004,SH02,75201,2026-07-10,2026-10-14
900000000010636,1006,SH02,60652,2026-06-27,2026-07-02
900000000010637,1007,SH01,80201,2026-10-11,2026-05-09
900000000010638,1009,SH02,10001,2026-07-11,2026-11-24
900000000010639,1005,SH03,30301,2026-06-10,2026-11-05
900000000010640,1007,SH03,60652,2026-05-02,2026-07-10
900000000010641,1009,SH01,80201,2026-06-27,2026-10-11
900000000010642,1009,SH02,14201,2026-06-27,2026-06-26
900000000010643,1008,SH02,10001,2026-11-11,2026-05-07
900000000010644,1005,SH01,90210,2026-05-08,2026-09-28
900000000010645,1007,SH03,33101,2026-06-26,2026-06-09
900000000010646,1010,SH01,10001,2026-08-16,2026-08-17
900000000010647,1005,SH02,60601,2026-05-08,2026-10-27
900000000010648,1009,SH03,60601,2026-10-27,2026-10-21
900000000010649,1007,SH01,60601,2026-11-24,2026-08-16
900000000010650,1008,SH02,90210,2026-07-11,2026-11-11
900000000010651,1004,SH03,98101,2026-06-26,2026-11-05
900000000010652,1010,SH03,10001,2026-08-16,2026-10-26
900000000010653,1009,SH02,60601,2026-11-24,2026-06-09
900000000010654,1006,SH01,30301,2026-09-28,2026-10-11
900000000010655,1001,SH02,60601,2026-05-24,2026-05-24
900000000010656,1006,SH02,14201,2026-06-27,2026-10-14
900000000010657,1009,SH01,98101,2026-09-28,2026-11-23
900000000010658,1010,SH01,14201,2026-05-24,2026-06-26
900000000010659,1002,SH02,10001,2026-06-26,2026-07-11
900000000010660,1007,SH01,60652,2026-06-27,2026-07-02
900000000010661,1007,SH02,80201,2026-11-24,2026-05-02
900000000010662,1006,SH03,75201,2026-06-29,2026-09-29
900000000010663,1006,SH01,98101,2026-10-14,2026-06-29
900000000010664,1007,SH01,60601,2026-09-29,2026-09-28
900000000010665,1005,SH02,30301,2026-05-24,2026-11-11
900000000010666,1002,SH01,14201,2026-10-21,2026-08-17
900000000010667,1007,SH03,60652,2026-08-17,2026-10-27
900000000010668,1008,SH03,90210,2026-11-24,2026-05-09
900000000010669,1002,SH03,80201,2026-10-27,2026-10-14
900000000010670,1004,SH02,10001,2026-05-24,2026-11-24
900000000010671,1005,SH02,80201,2026-10-26,2026-09-29
900000000010672,1001,SH01,75201,2026-06-27,2026-11-05
900000000010673,1009,SH01,90210,2026-05-09,2026-10-14
900000000010674,1004,SH03,75201,2026-08-17,2026-10-14
900000000010675,1009,SH02,30301,2026-11-11,2026-10-02
900000000010676,1009,SH02,30301,2026-06-10,2026-07-02
900000000010677,1008,SH01,80201,2026-11-11,2026-11-05
900000000010678,1009,SH03,80201,2026-10-11,2026-11-24
900000000010679,1008,SH01,10001,2026-06-26,2026-05-09
900000000010680,1009,SH03,90210,2026-10-21,2026-10-02
900000000010681,1008,SH02,98101,2026-09-29,2026-10-27
900000000010682,1004,SH02,60601,2026-08-17,2026-10-26
900000000010683,1009,SH02,10001,2026-09-21,2026-08-17
900000000010684,1008,SH03,75201,2026-08-17,2026-05-24
900000000010685,1009,SH01,30301,2026-08-17,2026-05-24
900000000010686,1007,SH03,30301,2026-11-05,2026-05-02
900000000010687,1006,SH01,60601,2026-07-27,2026-10-21
900000000010688,1007,SH03,10001,2026-08-16,2026-07-02
900000000010689,1003,SH03,30301,2026-11-05,2026-11-05
900000000010690,1004,SH01,98101,2026-11-23,2026-08-16
900000000010691,1001,SH02,98101,2026-10-14,2026-08-17
900000000010692,1008,SH03,90210,2026-06-29,2026-10-14
900000000010693,1007,SH02,80201,2026-07-10,2026-05-08
900000000010694,1002,SH01,80201,2026-10-11,2026-07-10
900000000010695,1002,SH02,98101,2026-11-23,2026-06-26
900000000010696,1009,SH03,60652,2026-06-10,2026-06-10
900000000010697,1010,SH01,90210,2026-06-27,2026-06-10
900000000010698,1010,SH02,75201,2026-11-23,2026-05-07
900000000010699,1008,SH03,10001,2026-07-11,2026-11-05
900000000010700,1009,SH03,10001,2026-10-02,2026-10-02
900000000010701,1010,SH02,98101,2026-10-31,2026-06-10
900000000010702,1004,SH03,30301,2026-05-07,2026-07-11
900000000010703,1008,SH02,98101,2026-09-28,2026-05-02
900000000010704,1002,SH03,60652,2026-06-27,2026-09-28
900000000010705,1007,SH02,98101,2026-05-08,2026-07-11
900000000010706,1003,SH02,33101,2026-06-26,2026-05-24
900000000010707,1006,SH01,60652,2026-10-11,2026-10-21
900000000010708,1003,SH02,90210,2026-10-27,2026-06-10
900000000010709,1010,SH02,90210,2026-11-24,2026-05-09
900000000010710,1006,SH01,98101,2026-10-21,2026-06-29
900000000010711,1004,SH02,33101,2026-11-11,2026-10-26
900000000010712,1008,SH01,90210,2026-10-27,2026-06-09
900000000010713,1005,SH03,98101,2026-05-09,2026-10-26
900000000010714,1002,SH02,60652,2026-06-29,2026-05-08
900000000010715,1001,SH03,10001,2026-05-24,2026-05-24
900000000010716,1008,SH01,10001,2026-06-27,2026-05-07
900000000010717,1008,SH01,33101,2026-09-29,2026-09-29
900000000010718,1006,SH02,30301,2026-11-23,2026-06-09
900000000010719,1002,SH03,30301,2026-05-07,2026-07-11
900000000010720,1010,SH01,10001,2026-08-16,2026-05-24
900000000010721,1009,SH03,30301,2026-06-27,2026-10-31
900000000010722,1003,SH01,14201,2026-07-11,2026-05-07
900000000010723,1001,SH01,90210,2026-10-14,2026-09-28
900000000010724,1006,SH01,60652,2026-10-02,2026-06-09
900000000010725,1006,SH01,75201,2026-06-26,2026-05-07
900000000010726,1002,SH01,90210,2026-06-29,2026-10-02
900000000010727,1005,SH01,33101,2026-05-08,2026-09-29
900000000010728,1006,SH01,14201,2026-07-02,2026-08-16
900000000010729,1007,SH02,80201,2026-10-02,2026-06-10
900000000010730,1006,SH03,10001,2026-06-09,2026-10-14
900000000010731,1003,SH01,60652,2026-08-17,2026-08-16
900000000010732,1007,SH02,60601,2026-07-10,2026-10-02
900000000010733,1004,SH03,33101,2026-09-21,2026-05-24
900000000010734,1008,SH02,98101,2026-07-10,2026-05-08
900000000010735,1009,SH03,60601,2026-05-09,2026-08-16
900000000010736,1007,SH02,30301,2026-10-27,2026-10-27
900000000010737,1002,SH02,10001,2026-10-14,2026-06-27
900000000010738,1001,SH01,14201,2026-07-11,2026-07-11
900000000010739,1005,SH01,90210,2026-08-17,2026-06-29
900000000010740,1003,SH03,80201,2026-10-31,2026-10-11
900000000010741,1008,SH03,10001,2026-10-14,2026-10-11
900000000010742,1001,SH03,60652,2026-10-02,2026-05-07
900000000010743,1005,SH03,10001,2026-10-31,2026-05-02
900000000010744,1009,SH02,60652,2026-10-31,2026-10-14
900000000010745,1006,SH02,80201,2026-07-10,2026-05-02
900000000010746,1008,SH03,98101,2026-07-02,2026-06-09
900000000010747,1003,SH02,60652,2026-11-23,2026-08-17
900000000010748,1007,SH01,80201,2026-10-26,2026-07-10
900000000010749,1003,SH01,80201,2026-05-09,2026-11-23
900000000010750,1001,SH02,90210,2026-10-14,2026-07-11
900000000010751,1002,SH03,98101,2026-07-27,2026-11-23
900000000010752,1010,SH03,30301,2026-05-24,2026-05-08
900000000010753,1010,SH03,80201,2026-05-02,2026-08-16
900000000010754,1007,SH02,33101,2026-10-21,2026-10-27
900000000010755,1008,SH02,98101,2026-05-09,2026-06-27
900000000010756,1002,SH01,75201,2026-06-10,2026-06-27
900000000010757,1002,SH03,98101,2026-09-28,2026-09-29
900000000010758,1003,SH01,14201,2026-11-05,2026-05-07
900000000010759,1001,SH03,10001,2026-08-17,2026-08-16
900000000010760,1002,SH02,98101,2026-06-27,2026-09-28
900000000010761,1002,SH03,90210,2026-05-07,2026-05-09
900000000010762,1003,SH01,10001,2026-07-10,2026-10-11
900000000010763,1006,SH01,33101,2026-07-27,2026-10-27
900000000010764,1005,SH03,90210,2026-11-11,2026-07-27
900000000010765,1008,SH02,90210,2026-05-02,2026-10-02
900000000010766,1006,SH02,80201,2026-06-29,2026-06-10
900000000010767,1007,SH02,30301,2026-06-29,2026-11-11
900000000010768,1008,SH01,30301,2026-05-09,2026-11-24
900000000010769,1002,SH02,60652,2026-07-02,2026-11-24
900000000010770,1001,SH03,30301,2026-06-27,2026-09-21
900000000010771,1002,SH01,33101,2026-05-08,2026-08-17
900000000010772,1007,SH02,33101,2026-06-10,2026-10-02
900000000010773,1003,SH01,60652,2026-06-26,2026-09-28
900000000010774,1003,SH02,90210,2026-08-17,2026-07-02
900000000010775,1006,SH03,33101,2026-11-05,2026-10-26
900000000010776,1002,SH01,80201,2026-05-02,2026-11-11
900000000010777,1003,SH02,14201,2026-11-11,2026-05-09
900000000010778,1005,SH03,90210,2026-06-26,2026-09-28
900000000010779,1006,SH01,60601,2026-06-09,2026-06-29
900000000010780,1007,SH02,33101,2026-10-26,2026-10-27
900000000010781,1002,SH02,60601,2026-06-29,2026-11-11
900000000010782,1001,SH01,98101,2026-09-29,2026-05-02
900000000010783,1001,SH02,80201,2026-10-02,2026-07-10
900000000010784,1007,SH03,14201,2026-07-11,2026-11-23
900000000010785,1005,SH03,33101,2026-08-16,2026-06-10
900000000010786,1005,SH01,33101,2026-10-02,2026-06-27
900000000010787,1005,SH03,10001,2026-11-23,2026-11-24
900000000010788,1001,SH02,75201,2026-05-24,2026-07-02
900000000010789,1004,SH02,98101,2026-10-14,2026-06-09
900000000010790,1003,SH01,75201,2026-05-02,2026-07-02
900000000010791,1009,SH03,60601,2026-07-27,2026-05-08
900000000010792,1003,SH01,30301,2026-09-28,2026-06-26
900000000010793,1001,SH03,33101,2026-06-10,2026-06-29
900000000010794,1008,SH02,10001,2026-09-29,2026-06-10
900000000010795,1002,SH01,90210,2026-11-23,2026-09-29
900000000010796,1009,SH02,33101,2026-09-28,2026-08-16
900000000010797,1002,SH02,30301,2026-07-11,2026-11-23
900000000010798,1009,SH01,14201,2026-09-28,2026-07-11
900000000010799,1006,SH01,30301,2026-06-27,2026-10-26
900000000010800,1008,SH03,75201,2026-10-14,2026-05-07
900000000010801,1004,SH02,60652,2026-06-10,2026-05-09
900000000010802,1005,SH01,90210,2026-09-29,2026-10-31
900000000010803,1008,SH02,80201,2026-07-27,2026-05-07
900000000010804,1003,SH02,33101,2026-10-27,2026-07-11
900000000010805,1001,SH01,75201,2026-10-26,2026-08-16
900000000010806,1010,SH02,75201,2026-07-27,2026-05-08
900000000010807,1008,SH01,14201,2026-10-11,2026-09-29
900000000010808,1008,SH02,60601,2026-05-07,2026-10-26
900000000010809,1007,SH01,98101,2026-06-26,2026-06-27
900000000010810,1010,SH03,90210,2026-07-11,2026-10-31
900000000010811,1010,SH01,33101,2026-10-26,2026-10-26
900000000010812,1006,SH03,10001,2026-08-17,2026-07-11
900000000010813,1010,SH01,60652,2026-07-11,2026-06-29
900000000010814,1010,SH03,33101,2026-05-02,2026-10-21
900000000010815,1003,SH02,90210,2026-08-17,2026-10-02
900000000010816,1002,SH02,14201,2026-09-21,2026-08-16
900000000010817,1009,SH03,75201,2026-10-02,2026-07-27
900000000010818,1004,SH01,60652,2026-05-02,2026-06-09
900000000010819,1004,SH03,98101,2026-05-24,2026-06-10
900000000010820,1009,SH02,14201,2026-10-02,2026-09-28
900000000010821,1008,SH03,14201,2026-11-11,2026-10-11
900000000010822,1002,SH01,75201,2026-05-08,2026-08-16
900000000010823,1006,SH03,33101,2026-09-28,2026-11-05
900000000010824,1009,SH03,98101,2026-06-09,2026-05-24
900000000010825,1009,SH01,10001,2026-08-16,2026-10-26
900000000010826,1003,SH01,60601,2026-07-27,2026-06-26
900000000010827,1003,SH01,10001,2026-07-27,2026-05-02
900000000010828,1001,SH01,10001,2026-05-02,2026-10-11
900000000010829,1004,SH02,30301,2026-07-02,2026-11-11
900000000010830,1007,SH01,60652,2026-11-11,2026-05-02
900000000010831,1002,SH01,98101,2026-06-27,2026-10-02
900000000010832,1004,SH03,60652,2026-05-24,2026-06-26
900000000010833,1005,SH03,90210,2026-10-02,2026-09-29
900000000010834,1007,SH01,98101,2026-08-16,2026-06-09
900000000010835,1009,SH02,75201,2026-11-23,2026-10-21
900000000010836,1007,SH03,14201,2026-10-26,2026-06-26
900000000010837,1009,SH01,33101,2026-06-09,2026-10-02
900000000010838,1008,SH03,75201,2026-10-02,2026-07-10
900000000010839,1002,SH03,30301,2026-08-16,2026-11-24
900000000010840,1009,SH03,75201,2026-10-31,2026-06-29
900000000010841,1009,SH03,30301,2026-05-02,2026-10-14
900000000010842,1004,SH01,98101,2026-08-17,2026-11-24
900000000010843,1008,SH01,33101,2026-06-10,2026-06-10
900000000010844,1010,SH01,14201,2026-10-26,2026-05-07
900000000010845,1002,SH01,60652,2026-06-09,2026-10-02
900000000010846,1007,SH02,90210,2026-08-16,2026-07-27
900000000010847,1002,SH01,90210,2026-07-02,2026-10-02
900000000010848,1007,SH03,80201,2026-09-28,2026-05-08
900000000010849,1005,SH01,75201,2026-11-05,2026-07-02
900000000010850,1002,SH02,80201,2026-07-11,2026-10-21
900000000010851,1002,SH01,60652,2026-09-28,2026-06-10
900000000010852,1008,SH01,98101,2026-05-02,2026-10-11
900000000010853,1007,SH02,75201,2026-11-05,2026-07-27
900000000010854,1008,SH02,80201,2026-09-28,2026-11-11
900000000010855,1003,SH02,98101,2026-06-09,2026-11-05
900000000010856,1007,SH02,10001,2026-11-11,2026-11-23
900000000010857,1004,SH03,90210,2026-10-02,2026-10-14
900000000010858,1010,SH03,60601,2026-11-05,2026-07-10
900000000010859,1008,SH01,10001,2026-07-27,2026-11-24
900000000010860,1006,SH02,90210,2026-06-10,2026-07-11
900000000010861,1010,SH02,60652,2026-08-16,2026-07-27
900000000010862,1008,SH03,14201,2026-09-28,2026-09-29
900000000010863,1010,SH03,10001,2026-11-11,2026-10-27
900000000010864,1008,SH02,60652,2026-08-16,2026-07-11
900000000010865,1002,SH03,98101,2026-11-05,2026-06-29
900000000010866,1007,SH03,30301,2026-06-29,2026-07-10
900000000010867,1009,SH03,14201,2026-07-11,2026-05-24
900000000010868,1006,SH02,33101,2026-06-09,2026-06-27
900000000010869,1006,SH03,14201,2026-11-05,2026-06-29
900000000010870,1002,SH02,90210,2026-08-16,2026-05-09
900000000010871,1001,SH01,80201,2026-06-09,2026-10-02
900000000010872,1005,SH01,90210,2026-11-11,2026-07-10
900000000010873,1008,SH02,30301,2026-05-09,2026-09-21
900000000010874,1009,SH02,33101,2026-06-27,2026-07-27
900000000010875,1008,SH01,60652,2026-09-29,2026-09-28
900000000010876,1001,SH02,33101,2026-05-02,2026-09-28
900000000010877,1004,SH02,14201,2026-08-16,2026-10-27
900000000010878,1008,SH01,90210,2026-10-11,2026-10-11
900000000010879,1008,SH02,60601,2026-06-29,2026-06-10
900000000010880,1007,SH03,30301,2026-06-10,2026-11-24
900000000010881,1009,SH03,14201,2026-05-24,2026-10-31
900000000010882,1008,SH01,90210,2026-10-02,2026-11-24
900000000010883,1009,SH03,98101,2026-10-11,2026-07-27
900000000010884,1004,SH02,10001,2026-08-16,2026-11-24
900000000010885,1006,SH02,90210,2026-06-26,2026-11-24
900000000010886,1010,SH02,60601,2026-10-11,2026-07-10
900000000010887,1007,SH03,75201,2026-06-26,2026-05-09
900000000010888,1004,SH03,14201,2026-07-11,2026-10-27
900000000010889,1007,SH01,30301,2026-11-11,2026-10-11
900000000010890,1002,SH02,60601,2026-07-27,2026-06-10
900000000010891,1008,SH03,98101,2026-06-29,2026-09-29
900000000010892,1003,SH03,60601,2026-10-21,2026-10-31
900000000010893,1001,SH02,60652,2026-07-02,2026-07-27
900000000010894,1002,SH03,75201,2026-05-24,2026-10-31
900000000010895,1009,SH01,60652,2026-05-02,2026-07-10
900000000010896,1010,SH03,30301,2026-06-09,2026-08-17
900000000010897,1010,SH01,33101,2026-07-10,2026-05-07
900000000010898,1006,SH02,90210,2026-06-26,2026-10-02
900000000010899,1009,SH03,75201,2026-07-11,2026-06-09
900000000010900,1005,SH01,30301,2026-06-09,2026-07-02
900000000010901,1002,SH03,60601,2026-09-21,2026-10-21
900000000010902,1004,SH02,98101,2026-10-14,2026-07-10
900000000010903,1010,SH01,30301,2026-10-31,2026-07-11
900000000010904,1007,SH02,60601,2026-06-27,2026-10-26
900000000010905,1005,SH02,10001,2026-05-07,2026-11-23
900000000010906,1001,SH03,75201,2026-07-11,2026-06-27
900000000010907,1001,SH03,80201,2026-07-11,2026-05-24
900000000010908,1009,SH02,10001,2026-06-27,2026-06-26
900000000010909,1010,SH02,98101,2026-09-21,2026-10-27
900000000010910,1004,SH03,33101,2026-06-10,2026-06-10
900000000010911,1010,SH02,90210,2026-09-28,2026-06-10
900000000010912,1002,SH03,14201,2026-11-11,2026-08-16
900000000010913,1005,SH01,90210,2026-09-28,2026-05-02
900000000010914,1004,SH01,60652,2026-09-29,2026-11-24
900000000010915,1007,SH01,80201,2026-05-24,2026-10-21
900000000010916,1008,SH01,75201,2026-10-21,2026-06-09
900000000010917,1004,SH02,10001,2026-11-11,2026-05-08
900000000010918,1008,SH01,10001,2026-10-27,2026-07-27
900000000010919,1005,SH02,10001,2026-10-27,2026-10-26
900000000010920,1006,SH01,60601,2026-05-08,2026-10-26
900000000010921,1006,SH01,30301,2026-07-27,2026-09-29
900000000010922,1004,SH03,10001,2026-06-29,2026-05-07
900000000010923,1006,SH01,98101,2026-08-17,2026-07-10
900000000010924,1010,SH01,98101,2026-07-11,2026-05-08
900000000010925,1009,SH03,80201,2026-11-23,2026-06-26
900000000010926,1007,SH03,60652,2026-10-21,2026-06-09
900000000010927,1002,SH03,33101,2026-08-16,2026-08-17
900000000010928,1009,SH01,98101,2026-10-27,2026-11-23
900000000010929,1005,SH03,14201,2026-10-14,2026-05-09
900000000010930,1002,SH03,33101,2026-11-23,2026-11-11
900000000010931,1006,SH03,75201,2026-10-11,2026-07-27
900000000010932,1002,SH03,30301,2026-11-11,2026-11-11
900000000010933,1007,SH03,60601,2026-11-05,2026-11-24
900000000010934,1003,SH01,30301,2026-10-02,2026-08-16
900000000010935,1004,SH03,90210,2026-10-31,2026-05-09
900000000010936,1006,SH01,60601,2026-08-17,2026-11-11
900000000010937,1007,SH02,75201,2026-10-14,2026-09-29
900000000010938,1010,SH02,90210,2026-10-27,2026-06-09
900000000010939,1001,SH03,60652,2026-08-17,2026-07-11
900000000010940,1008,SH01,90210,2026-06-29,2026-09-28
900000000010941,1002,SH01,80201,2026-05-07,2026-10-11
900000000010942,1007,SH02,60601,2026-05-02,2026-05-09
900000000010943,1010,SH02,14201,2026-06-10,2026-07-27
900000000010944,1002,SH02,60601,2026-07-10,2026-10-02
900000000010945,1002,SH02,14201,2026-05-24,2026-05-09
900000000010946,1005,SH01,75201,2026-06-09,2026-06-29
900000000010947,1004,SH01,80201,2026-06-27,2026-09-28
900000000010948,1003,SH02,60601,2026-11-05,2026-06-10
900000000010949,1005,SH01,10001,2026-09-28,2026-10-21
900000000010950,1004,SH01,98101,2026-09-21,2026-10-31
900000000010951,1010,SH01,60601,2026-09-21,2026-11-05
900000000010952,1005,SH02,10001,2026-10-02,2026-05-09
900000000010953,1005,SH03,33101,2026-05-09,2026-09-29
900000000010954,1004,SH03,60652,2026-11-05,2026-05-09
900000000010955,1001,SH03,10001,2026-07-10,2026-11-11
900000000010956,1004,SH02,80201,2026-05-08,2026-09-29
900000000010957,1004,SH02,10001,2026-10-26,2026-06-27
900000000010958,1004,SH03,10001,2026-11-23,2026-06-09
900000000010959,1004,SH01,90210,2026-06-27,2026-11-11
900000000010960,1007,SH02,30301,2026-07-27,2026-11-11
900000000010961,1010,SH01,80201,2026-06-10,2026-09-21
900000000010962,1007,SH03,80201,2026-10-02,2026-06-10
900000000010963,1005,SH02,80201,2026-06-27,2026-11-24
900000000010964,1005,SH03,60601,2026-09-21,2026-11-11
900000000010965,1009,SH02,60601,2026-06-26,2026-10-11
900000000010966,1009,SH03,90210,2026-11-05,2026-10-02
900000000010967,1002,SH02,10001,2026-07-27,2026-09-28
900000000010968,1005,SH01,30301,2026-09-28,2026-10-21
900000000010969,1010,SH01,60601,2026-05-24,2026-06-27
900000000010970,1004,SH02,80201,2026-11-23,2026-05-08
900000000010971,1006,SH01,30301,2026-10-14,2026-11-23
900000000010972,1004,SH02,98101,2026-09-21,2026-11-11
900000000010973,1007,SH02,60652,2026-08-17,2026-06-26
900000000010974,1007,SH03,33101,2026-06-27,2026-08-17
900000000010975,1010,SH03,60652,2026-07-11,2026-10-14
900000000010976,1003,SH03,33101,2026-11-05,2026-10-27
900000000010977,1003,SH03,60652,2026-11-05,2026-06-10
900000000010978,1005,SH01,10001,2026-07-02,2026-10-31
900000000010979,1001,SH02,75201,2026-10-02,2026-10-11
900000000010980,1010,SH02,90210,2026-05-24,2026-06-29
900000000010981,1005,SH03,75201,2026-10-21,2026-11-05
900000000010982,1004,SH03,30301,2026-10-02,2026-10-14
900000000010983,1006,SH03,75201,2026-05-08,2026-08-17
900000000010984,1001,SH03,98101,2026-05-24,2026-11-24
900000000010985,1002,SH01,90210,2026-10-31,2026-07-02
900000000010986,1007,SH01,98101,2026-06-09,2026-10-11
900000000010987,1008,SH01,30301,2026-06-09,2026-11-23
900000000010988,1004,SH01,14201,2026-10-31,2026-11-24
900000000010989,1001,SH01,10001,2026-09-21,2026-10-21
900000000010990,1005,SH02,33101,2026-11-23,2026-11-24
900000000010991,1004,SH03,90210,2026-06-29,2026-11-05
900000000010992,1002,SH02,10001,2026-07-02,2026-11-24
900000000010993,1004,SH01,60652,2026-10-14,2026-05-08
900000000010994,1004,SH01,75201,2026-11-24,2026-10-02
900000000010995,1007,SH03,30301,2026-11-05,2026-07-02
900000000010996,1009,SH02,90210,2026-06-29,2026-10-11
900000000010997,1003,SH03,14201,2026-05-02,2026-10-27
900000000010998,1008,SH02,30301,2026-11-05,2026-05-09
900000000010999,1010,SH02,80201,2026-05-08,2026-11-11
900000000011000,1009,SH01,80201,2026-10-14,2026-06-10
900000000011001,1001,SH01,14201,2026-07-10,2026-07-27
900000000011002,1003,SH03,14201,2026-09-29,2026-08-17
900000000011003,1005,SH01,98101,2026-10-31,2026-10-21
900000000011004,1007,SH01,30301,2026-10-31,2026-10-11
900000000011005,1008,SH01,33101,2026-09-21,2026-06-09
900000000011006,1003,SH01,60652,2026-06-09,2026-11-23
900000000011007,1003,SH02,14201,2026-09-29,2026-11-05
900000000011008,1010,SH01,80201,2026-05-08,2026-10-11
900000000011009,1001,SH02,33101,2026-10-11,2026-11-05
900000000011010,1003,SH02,10001,2026-09-21,2026-10-11
900000000011011,1008,SH03,60601,2026-09-29,2026-08-17
900000000011012,1002,SH03,30301,2026-11-24,2026-06-10
900000000011013,1002,SH01,90210,2026-07-11,2026-07-27
900000000011014,1004,SH03,98101,2026-06-26,2026-05-09
900000000011015,1008,SH03,10001,2026-06-09,2026-06-10
900000000011016,1004,SH03,80201,2026-05-02,2026-10-21
900000000011017,1002,SH02,30301,2026-07-10,2026-09-28
900000000011018,1002,SH01,30301,2026-07-02,2026-10-02
900000000011019,1003,SH03,14201,2026-11-24,2026-05-07
900000000011020,1005,SH03,75201,2026-11-24,2026-10-26
900000000011021,1004,SH01,30301,2026-05-07,2026-10-27
900000000011022,1009,SH01,60601,2026-09-29,2026-06-26
900000000011023,1008,SH02,33101,2026-05-09,2026-09-29
900000000011024,1006,SH02,90210,2026-07-27,2026-06-09
900000000011025,1003,SH03,30301,2026-10-21,2026-10-14
900000000011026,1003,SH01,60601,2026-06-29,2026-11-11
900000000011027,1004,SH02,33101,2026-11-23,2026-10-11
900000000011028,1006,SH01,14201,2026-05-09,2026-06-27
900000000011029,1007,SH02,30301,2026-10-31,2026-07-27
900000000011030,1009,SH03,14201,2026-10-02,2026-09-21
900000000011031,1005,SH03,14201,2026-10-27,2026-06-10
900000000011032,1003,SH01,60652,2026-10-02,2026-10-26
900000000011033,1004,SH01,80201,2026-09-21,2026-05-24
900000000011034,1007,SH02,80201,2026-07-10,2026-07-10
900000000011035,1009,SH01,90210,2026-06-26,2026-07-11
900000000011036,1008,SH01,98101,2026-09-21,2026-06-27
900000000011037,1002,SH03,90210,2026-06-27,2026-06-10
900000000011038,1002,SH01,80201,2026-10-27,2026-08-16
900000000011039,1006,SH03,33101,2026-10-11,2026-07-11
900000000011040,1010,SH01,98101,2026-10-14,2026-05-09
900000000011041,1001,SH01,60601,2026-10-26,2026-05-02
900000000011042,1003,SH03,60652,2026-09-29,2026-11-05
900000000011043,1001,SH03,60601,2026-10-14,2026-05-09
900000000011044,1008,SH02,98101,2026-06-09,2026-10-21
900000000011045,1006,SH01,75201,2026-05-24,2026-09-28
900000000011046,1010,SH03,60652,2026-05-07,2026-06-29
900000000011047,1007,SH02,90210,2026-10-26,2026-10-21
900000000011048,1010,SH03,14201,2026-10-14,2026-06-26
900000000011049,1004,SH02,30301,2026-10-31,2026-06-10
900000000011050,1010,SH03,33101,2026-06-09,2026-07-11
900000000011051,1002,SH02,75201,2026-07-27,2026-07-27
900000000011052,1007,SH02,98101,2026-11-24,2026-08-17
900000000011053,1006,SH01,80201,2026-06-26,2026-10-02
900000000011054,1010,SH03,60652,2026-11-05,2026-05-07
900000000011055,1005,SH01,60601,2026-11-05,2026-09-28
900000000011056,1004,SH01,60601,2026-11-05,2026-07-27
900000000011057,1001,SH03,60601,2026-06-09,2026-10-27
900000000011058,1003,SH01,14201,2026-06-09,2026-05-09
900000000011059,1007,SH03,60601,2026-11-24,2026-09-29
900000000011060,1010,SH03,98101,2026-08-17,2026-10-02
900000000011061,1005,SH02,60601,2026-10-27,2026-10-21
900000000011062,1006,SH01,30301,2026-07-10,2026-09-28
900000000011063,1010,SH01,14201,2026-09-29,2026-10-21
900000000011064,1006,SH01,98101,2026-09-28,2026-11-23
900000000011065,1006,SH03,14201,2026-07-10,2026-05-09
900000000011066,1001,SH02,75201,2026-07-11,2026-11-24
900000000011067,1001,SH03,10001,2026-05-24,2026-08-17
900000000011068,1004,SH01,80201,2026-10-26,2026-05-08
900000000011069,1005,SH02,14201,2026-08-17,2026-05-02
900000000011070,1002,SH01,90210,2026-11-05,2026-10-14
900000000011071,1003,SH02,80201,2026-07-11,2026-10-26
900000000011072,1003,SH02,75201,2026-08-16,2026-11-05
900000000011073,1004,SH02,60601,2026-11-05,2026-07-27
900000000011074,1004,SH03,60601,2026-11-11,2026-10-02
900000000011075,1006,SH02,80201,2026-05-08,2026-05-07
900000000011076,1002,SH01,90210,2026-07-10,2026-05-09
900000000011077,1003,SH01,33101,2026-10-11,2026-09-21
900000000011078,1002,SH03,10001,2026-10-11,2026-09-21
900000000011079,1004,SH01,75201,2026-06-27,2026-10-31
900000000011080,1002,SH03,80201,2026-08-17,2026-05-24
900000000011081,1003,SH01,33101,2026-07-02,2026-07-10
900000000011082,1001,SH01,14201,2026-10-11,2026-10-02
900000000011083,1004,SH01,30301,2026-07-27,2026-09-28
900000000011084,1003,SH03,10001,2026-10-14,2026-09-28
900000000011085,1009,SH03,10001,2026-06-26,2026-10-21
900000000011086,1001,SH01,60601,2026-06-29,2026-05-24
900000000011087,1005,SH01,30301,2026-06-29,2026-11-24
900000000011088,1006,SH01,60601,2026-07-11,2026-08-17
900000000011089,1001,SH03,90210,2026-06-26,2026-10-11
900000000011090,1003,SH02,98101,2026-10-26,2026-10-11
900000000011091,1005,SH02,33101,2026-05-02,2026-05-02
900000000011092,1007,SH03,75201,2026-11-05,2026-05-09
900000000011093,1002,SH02,60652,2026-08-17,2026-10-02
900000000011094,1002,SH01,75201,2026-06-29,2026-06-10
900000000011095,1005,SH01,98101,2026-05-08,2026-11-11
900000000011096,1002,SH01,98101,2026-06-27,2026-10-11
900000000011097,1010,SH02,80201,2026-11-23,2026-10-27
900000000011098,1008,SH01,98101,2026-10-27,2026-06-29
900000000011099,1003,SH03,33101,2026-10-02,2026-10-02
900000000011100,1002,SH03,30301,2026-10-26,2026-06-10
900000000011101,1006,SH03,80201,2026-08-17,2026-11-23
900000000011102,1002,SH01,75201,2026-10-27,2026-09-28
900000000011103,1008,SH03,10001,2026-07-02,2026-08-17
900000000011104,1008,SH01,60652,2026-07-02,2026-07-11
900000000011105,1004,SH02,30301,2026-06-27,2026-09-21
900000000011106,1005,SH01,60652,2026-10-14,2026-06-29
900000000011107,1009,SH03,80201,2026-11-23,2026-05-07
900000000011108,1006,SH01,75201,2026-06-26,2026-06-09
900000000011109,1005,SH01,60652,2026-09-28,2026-07-11
900000000011110,1007,SH02,14201,2026-08-16,2026-09-28
900000000011111,1009,SH02,60601,2026-05-09,2026-10-02
900000000011112,1008,SH02,98101,2026-07-02,2026-05-07
900000000011113,1001,SH01,90210,2026-11-24,2026-10-14
900000000011114,1001,SH02,14201,2026-05-09,2026-10-31
900000000011115,1006,SH03,14201,2026-10-26,2026-08-16
900000000011116,1007,SH03,33101,2026-10-02,2026-08-17
900000000011117,1001,SH01,80201,2026-08-17,2026-05-07
900000000011118,1001,SH02,60652,2026-10-27,2026-11-23
900000000011119,1005,SH02,80201,2026-10-11,2026-10-21
900000000011120,1004,SH02,10001,2026-06-27,2026-08-17
900000000011121,1002,SH02,10001,2026-07-11,2026-07-10
900000000011122,1002,SH01,30301,2026-10-27,2026-09-21
900000000011123,1007,SH02,75201,2026-05-07,2026-11-24
900000000011124,1007,SH01,60652,2026-10-02,2026-05-07
900000000011125,1010,SH02,75201,2026-07-27,2026-06-26
900000000011126,1001,SH03,30301,2026-08-17,2026-06-27
900000000011127,1007,SH03,33101,2026-05-07,2026-06-26
900000000011128,1009,SH02,75201,2026-10-02,2026-11-24
900000000011129,1002,SH02,30301,2026-10-31,2026-10-02
900000000011130,1008,SH01,98101,2026-07-11,2026-08-16
900000000011131,1005,SH03,14201,2026-06-27,2026-05-24
900000000011132,1004,SH03,33101,2026-07-11,2026-10-31
900000000011133,1005,SH02,30301,2026-07-11,2026-08-17
900000000011134,1010,SH01,75201,2026-05-02,2026-07-02
900000000011135,1009,SH01,90210,2026-05-09,2026-11-23
900000000011136,1006,SH03,14201,2026-05-02,2026-09-21
900000000011137,1001,SH03,98101,2026-05-09,2026-06-09
900000000011138,1007,SH01,80201,2026-10-27,2026-11-24
900000000011139,1001,SH03,14201,2026-10-27,2026-10-11
900000000011140,1009,SH01,14201,2026-05-09,2026-06-09
900000000011141,1009,SH02,14201,2026-07-02,2026-10-11
900000000011142,1009,SH01,80201,2026-07-10,2026-07-27
900000000011143,1009,SH01,14201,2026-10-31,2026-09-21
900000000011144,1004,SH01,80201,2026-06-10,2026-10-02
900000000011145,1003,SH01,60601,2026-05-09,2026-05-09
900000000011146,1009,SH02,33101,2026-10-27,2026-06-26
900000000011147,1001,SH01,60601,2026-10-27,2026-11-24
900000000011148,1001,SH01,14201,2026-10-26,2026-07-02
900000000011149,1005,SH01,60652,2026-07-02,2026-10-11
900000000011150,1005,SH01,60652,2026-11-05,2026-10-02
900000000011151,1010,SH03,30301,2026-11-05,2026-10-11
900000000011152,1006,SH02,14201,2026-10-27,2026-11-23
900000000011153,1009,SH02,33101,2026-11-11,2026-10-02
900000000011154,1003,SH02,80201,2026-05-09,2026-11-11
900000000011155,1009,SH01,14201,2026-06-27,2026-07-10
900000000011156,1010,SH02,98101,2026-10-27,2026-06-10
900000000011157,1007,SH02,60652,2026-05-09,2026-09-28
900000000011158,1002,SH01,60652,2026-06-09,2026-07-11
900000000011159,1008,SH02,75201,2026-10-31,2026-06-29
900000000011160,1001,SH03,60601,2026-05-07,2026-09-29
900000000011161,1001,SH01,10001,2026-05-08,2026-05-09
900000000011162,1008,SH01,10001,2026-05-24,2026-06-27
900000000011163,1008,SH01,60652,2026-06-27,2026-11-11
900000000011164,1006,SH03,98101,2026-09-21,2026-05-09
900000000011165,1007,SH01,75201,2026-10-14,2026-10-31
900000000011166,1003,SH03,60652,2026-07-27,2026-07-02
900000000011167,1007,SH03,98101,2026-09-29,2026-07-10
900000000011168,1009,SH02,33101,2026-07-10,2026-11-24
900000000011169,1007,SH03,60652,2026-10-02,2026-07-11
900000000011170,1006,SH01,60601,2026-07-02,2026-05-07
900000000011171,1003,SH01,80201,2026-10-31,2026-11-05
900000000011172,1010,SH03,14201,2026-07-27,2026-05-24
900000000011173,1001,SH03,60601,2026-09-29,2026-05-09
900000000011174,1007,SH01,90210,2026-08-16,2026-10-02
900000000011175,1003,SH01,60652,2026-06-27,2026-11-24
900000000011176,1003,SH02,33101,2026-11-23,2026-11-24
900000000011177,1010,SH01,30301,2026-08-17,2026-09-28
900000000011178,1003,SH03,75201,2026-10-26,2026-09-21
900000000011179,1004,SH02,60652,2026-10-26,2026-10-26
900000000011180,1008,SH02,33101,2026-10-27,2026-09-28
900000000011181,1003,SH03,14201,2026-08-16,2026-06-29
900000000011182,1007,SH02,75201,2026-10-11,2026-08-17
900000000011183,1003,SH01,98101,2026-05-07,2026-09-28
900000000011184,1005,SH01,75201,2026-10-14,2026-09-21
900000000011185,1002,SH01,30301,2026-11-23,2026-05-07
900000000011186,1007,SH02,14201,2026-07-11,2026-09-29
900000000011187,1008,SH01,90210,2026-10-02,2026-11-11
900000000011188,1003,SH03,14201,2026-05-09,2026-05-07
900000000011189,1003,SH03,90210,2026-05-02,2026-10-26
900000000011190,1010,SH03,60652,2026-09-28,2026-10-14
900000000011191,1006,SH03,30301,2026-07-11,2026-07-10
900000000011192,1009,SH02,60652,2026-09-29,2026-09-29
900000000011193,1001,SH01,75201,2026-06-26,2026-09-28
900000000011194,1005,SH03,90210,2026-10-26,2026-07-10
900000000011195,1006,SH01,10001,2026-10-14,2026-05-08
900000000011196,1001,SH01,60652,2026-11-11,2026-11-05
900000000011197,1004,SH02,75201,2026-07-27,2026-06-10
900000000011198,1009,SH01,10001,2026-11-05,2026-10-14
900000000011199,1003,SH02,90210,2026-08-17,2026-09-21
900000000011200,1007,SH02,33101,2026-07-10,2026-06-27
900000000011201,1009,SH03,80201,2026-07-27,2026-08-16
900000000011202,1009,SH03,90210,2026-08-16,2026-06-10
900000000011203,1005,SH01,33101,2026-11-24,2026-07-02
900000000011204,1009,SH03,90210,2026-08-17,2026-06-29
900000000011205,1006,SH02,60601,2026-06-27,2026-06-27
900000000011206,1008,SH03,10001,2026-10-11,2026-05-02
900000000011207,1010,SH01,75201,2026-05-09,2026-07-11
900000000011208,1007,SH01,33101,2026-08-16,2026-05-08
900000000011209,1006,SH03,60652,2026-10-02,2026-09-28
900000000011210,1010,SH01,60652,2026-10-31,2026-08-16
900000000011211,1001,SH03,60601,2026-10-26,2026-11-23
900000000011212,1002,SH03,14201,2026-07-11,2026-07-11
900000000011213,1010,SH01,80201,2026-06-10,2026-08-16
900000000011214,1008,SH03,14201,2026-10-11,2026-10-11
900000000011215,1006,SH03,33101,2026-10-02,2026-05-07
900000000011216,1005,SH03,80201,2026-10-26,2026-08-17
900000000011217,1010,SH02,10001,2026-06-10,2026-11-23
900000000011218,1008,SH02,14201,2026-05-02,2026-06-26
900000000011219,1001,SH01,33101,2026-10-14,2026-07-27
900000000011220,1004,SH02,30301,2026-08-17,2026-10-31
900000000011221,1002,SH01,10001,2026-06-10,2026-06-10
900000000011222,1009,SH02,80201,2026-10-02,2026-05-08
900000000011223,1003,SH01,30301,2026-09-21,2026-09-21
900000000011224,1009,SH03,33101,2026-09-21,2026-05-07
900000000011225,1004,SH02,60601,2026-10-26,2026-10-27
900000000011226,1002,SH01,90210,2026-06-10,2026-05-08
900000000011227,1010,SH02,80201,2026-05-09,2026-06-10
900000000011228,1008,SH01,33101,2026-08-16,2026-05-08
900000000011229,1005,SH01,98101,2026-06-09,2026-05-24
900000000011230,1009,SH03,60652,2026-06-29,2026-07-02
900000000011231,1007,SH01,10001,2026-07-02,2026-07-11
900000000011232,1008,SH01,75201,2026-05-08,2026-06-27
900000000011233,1003,SH02,98101,2026-05-09,2026-11-11
900000000011234,1008,SH03,60652,2026-10-11,2026-10-14
900000000011235,1006,SH01,10001,2026-05-09,2026-10-14
900000000011236,1006,SH02,60601,2026-08-16,2026-06-26
900000000011237,1004,SH02,80201,2026-07-27,2026-10-27
900000000011238,1003,SH03,10001,2026-10-11,2026-07-10
900000000011239,1002,SH02,30301,2026-06-10,2026-07-27
900000000011240,1008,SH03,90210,2026-10-11,2026-10-31
900000000011241,1006,SH01,80201,2026-06-09,2026-09-29
900000000011242,1004,SH01,80201,2026-10-11,2026-06-26
900000000011243,1009,SH02,10001,2026-11-23,2026-08-16
900000000011244,1004,SH02,75201,2026-06-27,2026-10-11
900000000011245,1005,SH02,10001,2026-11-24,2026-05-08
900000000011246,1008,SH02,98101,2026-08-17,2026-10-26
900000000011247,1010,SH03,75201,2026-09-28,2026-10-21
900000000011248,1006,SH03,75201,2026-09-21,2026-06-26
900000000011249,1002,SH01,14201,2026-06-27,2026-11-23
900000000011250,1003,SH03,90210,2026-07-02,2026-10-11
900000000011251,1003,SH01,60652,2026-07-02,2026-10-02
900000000011252,1001,SH01,90210,2026-06-09,2026-11-23
900000000011253,1009,SH03,75201,2026-06-09,2026-09-29
900000000011254,1008,SH01,14201,2026-07-27,2026-10-27
900000000011255,1006,SH01,80201,2026-09-29,2026-05-07
900000000011256,1002,SH03,14201,2026-05-02,2026-11-11
900000000011257,1002,SH03,98101,2026-05-08,2026-10-27
900000000011258,1008,SH02,10001,2026-09-21,2026-06-26
900000000011259,1005,SH01,10001,2026-10-31,2026-07-11
900000000011260,1008,SH02,60652,2026-05-07,2026-11-05
900000000011261,1010,SH01,60652,2026-07-27,2026-11-11
900000000011262,1001,SH03,33101,2026-07-27,2026-10-14
900000000011263,1003,SH03,75201,2026-05-02,2026-08-16
900000000011264,1006,SH02,33101,2026-10-02,2026-10-31
900000000011265,1003,SH03,33101,2026-07-10,2026-11-24
900000000011266,1005,SH03,33101,2026-07-11,2026-05-09
900000000011267,1010,SH03,80201,2026-11-11,2026-06-10
900000000011268,1001,SH02,14201,2026-10-11,2026-08-16
900000000011269,1003,SH02,75201,2026-06-29,2026-11-11
900000000011270,1008,SH02,14201,2026-10-27,2026-06-27
900000000011271,1003,SH02,90210,2026-10-11,2026-05-02
900000000011272,1001,SH01,60652,2026-10-11,2026-07-27
900000000011273,1006,SH03,98101,2026-10-02,2026-09-29
900000000011274,1003,SH03,30301,2026-09-21,2026-10-11
900000000011275,1006,SH03,80201,2026-11-05,2026-06-26
900000000011276,1007,SH02,33101,2026-11-24,2026-11-05
900000000011277,1005,SH03,90210,2026-11-11,2026-08-16
900000000011278,1006,SH02,14201,2026-10-27,2026-07-11
900000000011279,1001,SH02,60652,2026-11-05,2026-06-10
900000000011280,1004,SH02,80201,2026-09-28,2026-06-27
900000000011281,1004,SH03,33101,2026-10-02,2026-05-07
900000000011282,1002,SH03,60601,2026-05-02,2026-11-05
900000000011283,1004,SH02,60601,2026-10-11,2026-09-28
900000000011284,1003,SH01,30301,2026-06-27,2026-06-26
900000000011285,1009,SH03,10001,2026-08-16,2026-08-17
900000000011286,1009,SH03,10001,2026-08-16,2026-06-26
900000000011287,1008,SH02,75201,2026-11-24,2026-10-21
900000000011288,1006,SH02,14201,2026-10-14,2026-05-08
900000000011289,1006,SH01,33101,2026-10-31,2026-08-16
900000000011290,1006,SH01,60601,2026-10-14,2026-10-26
900000000011291,1007,SH01,80201,2026-09-28,2026-10-02
900000000011292,1004,SH01,98101,2026-11-24,2026-08-17
900000000011293,1010,SH03,75201,2026-10-21,2026-10-11
900000000011294,1006,SH03,33101,2026-05-09,2026-06-29
900000000011295,1009,SH02,14201,2026-05-07,2026-09-21
900000000011296,1005,SH02,80201,2026-05-09,2026-10-27
900000000011297,1001,SH03,80201,2026-07-27,2026-05-07
900000000011298,1009,SH01,80201,2026-11-24,2026-07-27
900000000011299,1008,SH02,90210,2026-05-08,2026-05-02
900000000011300,1002,SH01,33101,2026-11-05,2026-09-28
900000000011301,1008,SH01,60601,2026-06-09,2026-10-11
900000000011302,1002,SH03,60601,2026-05-24,2026-05-07
900000000011303,1007,SH03,10001,2026-06-09,2026-10-31
900000000011304,1006,SH03,80201,2026-09-29,2026-09-28
900000000011305,1001,SH03,60652,2026-10-14,2026-06-27
900000000011306,1010,SH01,98101,2026-11-05,2026-06-26
900000000011307,1008,SH03,33101,2026-11-24,2026-06-09
900000000011308,1008,SH02,10001,2026-06-09,2026-09-29
900000000011309,1002,SH02,33101,2026-05-09,2026-08-16
900000000011310,1010,SH03,33101,2026-07-11,2026-08-16
900000000011311,1008,SH01,75201,2026-06-10,2026-07-27
900000000011312,1003,SH02,75201,2026-06-10,2026-10-11
900000000011313,1001,SH01,75201,2026-06-09,2026-06-10
900000000011314,1005,SH01,14201,2026-10-14,2026-05-02
900000000011315,1009,SH02,10001,2026-10-02,2026-07-11
900000000011316,1004,SH01,98101,2026-10-27,2026-11-05
900000000011317,1004,SH01,30301,2026-09-29,2026-06-27
900000000011318,1004,SH01,60601,2026-07-11,2026-06-09
900000000011319,1008,SH03,75201,2026-11-05,2026-06-27
900000000011320,1004,SH02,60652,2026-10-21,2026-06-10
900000000011321,1008,SH01,60601,2026-10-14,2026-07-11
900000000011322,1010,SH01,90210,2026-08-17,2026-07-02
900000000011323,1007,SH02,80201,2026-07-02,2026-10-14
900000000011324,1007,SH02,90210,2026-06-09,2026-07-10
900000000011325,1008,SH02,14201,2026-06-29,2026-10-21
900000000011326,1010,SH01,30301,2026-06-10,2026-10-31
900000000011327,1001,SH03,75201,2026-07-27,2026-10-31
900000000011328,1007,SH02,14201,2026-09-21,2026-09-28
900000000011329,1004,SH03,90210,2026-11-11,2026-07-10
900000000011330,1002,SH02,80201,2026-08-16,2026-10-26
900000000011331,1005,SH01,14201,2026-10-02,2026-10-21
900000000011332,1001,SH01,80201,2026-07-11,2026-05-07
900000000011333,1006,SH03,10001,2026-07-10,2026-11-11
900000000011334,1010,SH02,14201,2026-10-11,2026-09-29
900000000011335,1002,SH03,30301,2026-11-05,2026-07-27
900000000011336,1008,SH02,90210,2026-10-27,2026-07-02
900000000011337,1003,SH01,80201,2026-10-11,2026-07-11
900000000011338,1003,SH03,90210,2026-07-27,2026-05-09
900000000011339,1007,SH01,60652,2026-07-27,2026-11-05
900000000011340,1006,SH01,75201,2026-06-27,2026-10-14
900000000011341,1008,SH02,33101,2026-11-24,2026-10-02
900000000011342,1008,SH02,98101,2026-11-23,2026-05-08
900000000011343,1005,SH03,30301,2026-10-31,2026-07-27
900000000011344,1007,SH03,10001,2026-10-27,2026-07-27
900000000011345,1006,SH02,14201,2026-06-27,2026-07-11
900000000011346,1002,SH01,30301,2026-10-11,2026-10-11
900000000011347,1006,SH01,60652,2026-09-29,2026-10-02
900000000011348,1007,SH02,60652,2026-05-09,2026-05-08
900000000011349,1008,SH03,75201,2026-08-17,2026-05-07
900000000011350,1002,SH01,10001,2026-07-11,2026-11-23
900000000011351,1007,SH01,60601,2026-09-29,2026-11-05
900000000011352,1007,SH01,30301,2026-10-21,2026-10-02
900000000011353,1007,SH01,90210,2026-05-07,2026-06-29
900000000011354,1007,SH03,33101,2026-11-24,2026-05-09
900000000011355,1002,SH02,60601,2026-07-11,2026-06-10
900000000011356,1002,SH03,10001,2026-06-26,2026-06-27
900000000011357,1002,SH02,10001,2026-09-21,2026-11-23
900000000011358,1007,SH01,33101,2026-11-11,2026-07-11
900000000011359,1007,SH03,80201,2026-09-28,2026-10-26
900000000011360,1008,SH02,75201,2026-10-02,2026-11-05
900000000011361,1008,SH01,75201,2026-06-09,2026-09-21
900000000011362,1003,SH03,80201,2026-09-28,2026-10-26
900000000011363,1004,SH03,10001,2026-07-11,2026-10-31
900000000011364,1001,SH02,14201,2026-07-10,2026-05-02
900000000011365,1005,SH03,80201,2026-11-23,2026-05-24
900000000011366,1004,SH01,60601,2026-06-10,2026-09-21
900000000011367,1007,SH02,75201,2026-07-10,2026-11-05
900000000011368,1009,SH01,98101,2026-09-21,2026-09-28
900000000011369,1008,SH02,75201,2026-05-08,2026-05-09
900000000011370,1009,SH02,10001,2026-08-17,2026-11-23
900000000011371,1005,SH02,60652,2026-06-27,2026-05-02
900000000011372,1001,SH02,33101,2026-10-26,2026-06-27
900000000011373,1006,SH03,80201,2026-07-11,2026-10-26
900000000011374,1007,SH01,90210,2026-05-07,2026-11-11
900000000011375,1001,SH03,14201,2026-06-09,2026-07-10
900000000011376,1004,SH02,98101,2026-10-14,2026-05-02
900000000011377,1005,SH01,80201,2026-09-21,2026-10-21
900000000011378,1001,SH02,33101,2026-05-24,2026-10-02
900000000011379,1008,SH03,90210,2026-05-07,2026-09-28
900000000011380,1006,SH02,98101,2026-09-28,2026-11-24
900000000011381,1007,SH02,60652,2026-10-02,2026-08-16
900000000011382,1008,SH02,33101,2026-06-10,2026-08-16
900000000011383,1001,SH01,80201,2026-11-23,2026-06-27
900000000011384,1005,SH02,90210,2026-07-10,2026-06-27
900000000011385,1007,SH03,33101,2026-05-08,2026-06-10
900000000011386,1006,SH02,30301,2026-11-05,2026-07-27
900000000011387,1001,SH01,10001,2026-06-10,2026-08-17
900000000011388,1001,SH03,75201,2026-10-02,2026-06-27
900000000011389,1008,SH03,10001,2026-09-21,2026-10-31
900000000011390,1003,SH03,98101,2026-05-02,2026-08-16
900000000011391,1004,SH02,14201,2026-11-23,2026-11-11
900000000011392,1002,SH02,75201,2026-09-28,2026-08-16
900000000011393,1001,SH02,30301,2026-10-02,2026-09-29
900000000011394,1004,SH02,75201,2026-09-29,2026-10-31
900000000011395,1007,SH01,80201,2026-11-23,2026-08-17
900000000011396,1009,SH01,33101,2026-07-27,2026-06-09
900000000011397,1003,SH03,75201,2026-07-11,2026-06-10
900000000011398,1005,SH03,60601,2026-05-08,2026-09-21
900000000011399,1006,SH03,30301,2026-05-02,2026-10-26
900000000011400,1006,SH02,30301,2026-08-17,2026-07-10
900000000011401,1007,SH01,80201,2026-05-09,2026-11-23
900000000011402,1009,SH02,60601,2026-06-26,2026-05-08
900000000011403,1010,SH03,10001,2026-10-21,2026-11-05
900000000011404,1010,SH03,30301,2026-11-05,2026-11-05
900000000011405,1007,SH01,60601,2026-10-26,2026-09-28
900000000011406,1008,SH03,14201,2026-05-24,2026-05-09
900000000011407,1006,SH01,33101,2026-07-02,2026-08-17
900000000011408,1001,SH01,14201,2026-08-16,2026-06-09
900000000011409,1003,SH01,30301,2026-10-11,2026-06-10
900000000011410,1004,SH03,10001,2026-05-08,2026-10-27
900000000011411,1010,SH02,98101,2026-10-26,2026-11-24
900000000011412,1004,SH02,10001,2026-09-28,2026-06-27
900000000011413,1003,SH01,80201,2026-05-02,2026-06-26
900000000011414,1007,SH01,60652,2026-05-09,2026-09-21
900000000011415,1006,SH03,98101,2026-06-27,2026-06-26
900000000011416,1003,SH03,30301,2026-08-16,2026-06-26
900000000011417,1010,SH01,75201,2026-10-11,2026-07-11
900000000011418,1001,SH02,60601,2026-11-11,2026-06-09
900000000011419,1004,SH02,14201,2026-06-27,2026-09-21
900000000011420,1005,SH03,60652,2026-11-05,2026-10-26
900000000011421,1005,SH02,80201,2026-05-24,2026-11-23
900000000011422,1005,SH03,75201,2026-11-23,2026-10-27
900000000011423,1008,SH03,14201,2026-10-27,2026-11-24
900000000011424,1006,SH01,98101,2026-08-16,2026-05-07
900000000011425,1008,SH02,60652,2026-10-14,2026-09-28
900000000011426,1004,SH02,98101,2026-10-27,2026-06-09
900000000011427,1003,SH03,30301,2026-09-21,2026-05-07
900000000011428,1001,SH01,98101,2026-06-27,2026-09-28
900000000011429,1003,SH03,60601,2026-06-27,2026-11-24
900000000011430,1002,SH01,75201,2026-05-07,2026-06-27
900000000011431,1004,SH02,10001,2026-11-11,2026-09-21
900000000011432,1008,SH03,60601,2026-06-09,2026-07-11
900000000011433,1003,SH03,30301,2026-09-28,2026-07-10
900000000011434,1002,SH02,90210,2026-05-07,2026-11-05
900000000011435,1005,SH02,33101,2026-08-17,2026-10-11
900000000011436,1004,SH01,10001,2026-05-07,2026-09-29
900000000011437,1002,SH02,75201,2026-07-10,2026-05-24
900000000011438,1008,SH01,60601,2026-07-27,2026-05-08
900000000011439,1009,SH01,60652,2026-09-29,2026-05-09
900000000011440,1010,SH01,10001,2026-10-26,2026-09-28
900000000011441,1009,SH02,80201,2026-09-21,2026-11-05
900000000011442,1003,SH01,98101,2026-05-07,2026-10-21
900000000011443,1009,SH03,80201,2026-06-29,2026-06-10
900000000011444,1004,SH02,33101,2026-08-16,2026-10-31
900000000011445,1007,SH01,80201,2026-05-08,2026-11-24
900000000011446,1003,SH02,80201,2026-08-16,2026-07-27
900000000011447,1006,SH02,90210,2026-06-29,2026-05-07
900000000011448,1005,SH02,90210,2026-05-02,2026-10-14
900000000011449,1008,SH03,10001,2026-10-02,2026-11-23
900000000011450,1009,SH02,90210,2026-11-05,2026-10-31
900000000011451,1004,SH01,90210,2026-05-09,2026-07-11
900000000011452,1010,SH02,80201,2026-05-24,2026-08-16
900000000011453,1002,SH01,33101,2026-11-05,2026-11-23
900000000011454,1005,SH02,60601,2026-05-24,2026-09-28
900000000011455,1003,SH01,80201,2026-06-09,2026-09-29
900000000011456,1004,SH02,98101,2026-10-21,2026-11-11
900000000011457,1007,SH02,90210,2026-06-27,2026-06-27
900000000011458,1004,SH02,80201,2026-07-27,2026-11-05
900000000011459,1008,SH03,30301,2026-11-11,2026-05-24
900000000011460,1006,SH02,30301,2026-07-27,2026-10-26
900000000011461,1009,SH02,33101,2026-06-26,2026-10-11
900000000011462,1010,SH03,98101,2026-09-29,2026-05-24
900000000011463,1003,SH03,14201,2026-08-17,2026-06-29
900000000011464,1004,SH01,90210,2026-06-29,2026-11-11
900000000011465,1004,SH03,60652,2026-07-02,2026-08-17
900000000011466,1008,SH03,30301,2026-05-08,2026-10-21
900000000011467,1008,SH03,75201,2026-10-26,2026-10-14
900000000011468,1009,SH01,10001,2026-05-02,2026-11-23
900000000011469,1005,SH02,60601,2026-07-11,2026-05-08
900000000011470,1002,SH01,98101,2026-10-14,2026-09-29
900000000011471,1007,SH03,60601,2026-06-29,2026-05-08
900000000011472,1007,SH02,60652,2026-05-02,2026-11-11
900000000011473,1003,SH03,75201,2026-07-11,2026-07-27
900000000011474,1007,SH01,60652,2026-10-31,2026-09-21
900000000011475,1010,SH01,10001,2026-10-26,2026-10-02
900000000011476,1002,SH01,60601,2026-11-11,2026-08-17
900000000011477,1003,SH01,60601,2026-11-11,2026-07-11
900000000011478,1006,SH03,98101,2026-09-21,2026-05-09
900000000011479,1008,SH03,60601,2026-06-09,2026-10-27
900000000011480,1007,SH03,10001,2026-10-26,2026-11-11
900000000011481,1002,SH02,14201,2026-06-29,2026-06-27
900000000011482,1006,SH03,60601,2026-07-10,2026-05-24
900000000011483,1004,SH03,14201,2026-09-28,2026-07-27
900000000011484,1007,SH01,33101,2026-06-09,2026-06-10
900000000011485,1003,SH01,60601,2026-10-02,2026-06-09
900000000011486,1008,SH01,90210,2026-05-08,2026-05-24
900000000011487,1004,SH02,33101,2026-09-29,2026-06-10
900000000011488,1010,SH01,90210,2026-05-08,2026-10-14
900000000011489,1010,SH02,60601,2026-07-27,2026-06-29
900000000011490,1005,SH03,80201,2026-05-09,2026-06-09
900000000011491,1009,SH01,98101,2026-05-24,2026-11-05
900000000011492,1003,SH02,80201,2026-10-11,2026-06-09
900000000011493,1005,SH01,80201,2026-05-08,2026-07-02
900000000011494,1005,SH03,33101,2026-11-05,2026-10-11
900000000011495,1009,SH03,60601,2026-06-10,2026-06-26
900000000011496,1007,SH03,60601,2026-11-24,2026-11-05
900000000011497,1003,SH02,33101,2026-07-02,2026-10-21
900000000011498,1009,SH02,90210,2026-06-10,2026-06-09
900000000011499,1002,SH03,30301,2026-10-26,2026-08-17
900000000011500,1002,SH01,98101,2026-05-07,2026-11-23
900000000011501,1001,SH03,14201,2026-05-09,2026-11-23
900000000011502,1003,SH01,30301,2026-11-24,2026-09-28
900000000011503,1007,SH02,98101,2026-09-29,2026-10-02
900000000011504,1008,SH02,60652,2026-05-07,2026-05-07
900000000011505,1005,SH03,30301,2026-06-26,2026-10-26
900000000011506,1009,SH02,75201,2026-10-02,2026-05-08
900000000011507,1010,SH01,98101,2026-10-21,2026-07-11
900000000011508,1003,SH01,10001,2026-06-27,2026-09-21
900000000011509,1007,SH02,98101,2026-05-07,2026-06-27
900000000011510,1004,SH02,30301,2026-08-16,2026-10-27
900000000011511,1003,SH03,10001,2026-11-05,2026-11-23
900000000011512,1003,SH02,90210,2026-10-14,2026-09-28
900000000011513,1006,SH03,80201,2026-09-21,2026-05-07
900000000011514,1001,SH01,60652,2026-11-23,2026-06-27
900000000011515,1008,SH01,14201,2026-05-02,2026-06-10
900000000011516,1008,SH03,98101,2026-10-21,2026-05-24
900000000011517,1002,SH03,60601,2026-10-14,2026-05-02
900000000011518,1003,SH01,90210,2026-06-09,2026-08-16
900000000011519,1009,SH01,98101,2026-05-07,2026-10-26
900000000011520,1010,SH01,10001,2026-10-02,2026-09-29
900000000011521,1007,SH02,33101,2026-07-02,2026-08-16
900000000011522,1004,SH03,75201,2026-10-14,2026-08-17
900000000011523,1005,SH01,90210,2026-05-08,2026-07-02
900000000011524,1006,SH03,14201,2026-06-09,2026-06-09
900000000011525,1001,SH03,80201,2026-11-23,2026-06-26
900000000011526,1008,SH02,33101,2026-05-24,2026-07-27
900000000011527,1002,SH01,80201,2026-05-09,2026-08-17
900000000011528,1007,SH01,90210,2026-05-24,2026-10-02
900000000011529,1002,SH03,60601,2026-05-24,2026-11-05
900000000011530,1004,SH02,30301,2026-08-17,2026-10-27
900000000011531,1007,SH02,60652,2026-10-21,2026-07-11
900000000011532,1006,SH02,90210,2026-06-10,2026-09-21
900000000011533,1008,SH03,30301,2026-10-11,2026-07-11
900000000011534,1005,SH02,60601,2026-10-02,2026-09-28
900000000011535,1008,SH03,60601,2026-05-07,2026-10-02
900000000011536,1009,SH02,30301,2026-05-09,2026-07-27
900000000011537,1008,SH01,33101,2026-11-23,2026-05-08
900000000011538,1009,SH01,80201,2026-06-10,2026-09-21
900000000011539,1003,SH02,90210,2026-10-02,2026-07-02
900000000011540,1007,SH01,60601,2026-09-21,2026-10-27
900000000011541,1004,SH01,30301,2026-07-10,2026-10-21
900000000011542,1006,SH01,30301,2026-05-07,2026-07-02
900000000011543,1007,SH03,60601,2026-07-10,2026-06-27
900000000011544,1007,SH02,98101,2026-07-27,2026-07-02
900000000011545,1005,SH01,75201,2026-05-09,2026-06-26
900000000011546,1008,SH02,33101,2026-10-14,2026-11-23
900000000011547,1008,SH01,33101,2026-07-27,2026-06-10
900000000011548,1010,SH03,33101,2026-09-29,2026-08-17
900000000011549,1004,SH02,90210,2026-11-23,2026-07-10
900000000011550,1006,SH02,10001,2026-11-05,2026-06-09
900000000011551,1002,SH01,60652,2026-06-29,2026-05-08
900000000011552,1003,SH03,98101,2026-08-16,2026-10-26
900000000011553,1008,SH02,90210,2026-09-29,2026-11-23
900000000011554,1009,SH02,33101,2026-05-24,2026-10-21
900000000011555,1006,SH01,80201,2026-10-14,2026-11-23
900000000011556,1009,SH03,75201,2026-11-05,2026-11-24
900000000011557,1009,SH02,80201,2026-11-11,2026-11-11
900000000011558,1010,SH02,60652,2026-10-21,2026-09-21
900000000011559,1001,SH01,60652,2026-10-31,2026-05-02
900000000011560,1010,SH03,14201,2026-08-17,2026-10-11
900000000011561,1010,SH03,80201,2026-06-29,2026-10-11
900000000011562,1001,SH03,90210,2026-09-29,2026-06-09
900000000011563,1008,SH01,98101,2026-09-28,2026-06-29
900000000011564,1005,SH02,98101,2026-10-31,2026-06-29
900000000011565,1010,SH02,75201,2026-10-21,2026-07-10
900000000011566,1008,SH02,75201,2026-10-31,2026-06-27
900000000011567,1006,SH02,75201,2026-07-10,2026-06-10
900000000011568,1003,SH01,60601,2026-07-10,2026-11-11
900000000011569,1010,SH03,90210,2026-07-10,2026-10-26
900000000011570,1007,SH03,60601,2026-11-24,2026-10-14
900000000011571,1008,SH02,80201,2026-11-24,2026-05-24
900000000011572,1010,SH01,80201,2026-10-02,2026-10-27
900000000011573,1006,SH01,10001,2026-06-10,2026-11-05
900000000011574,1009,SH02,98101,2026-10-21,2026-05-09
900000000011575,1008,SH02,75201,2026-06-27,2026-07-10
900000000011576,1006,SH03,60601,2026-05-09,2026-08-16
900000000011577,1006,SH01,75201,2026-11-23,2026-06-27
900000000011578,1009,SH03,75201,2026-10-11,2026-10-31
900000000011579,1005,SH03,14201,2026-10-31,2026-10-27
900000000011580,1002,SH03,98101,2026-09-29,2026-08-16
900000000011581,1007,SH02,33101,2026-07-27,2026-05-24
900000000011582,1002,SH02,60652,2026-10-27,2026-06-29
900000000011583,1004,SH02,30301,2026-06-26,2026-06-10
900000000011584,1003,SH01,10001,2026-08-17,2026-06-29
900000000011585,1004,SH01,14201,2026-10-02,2026-10-26
900000000011586,1003,SH02,14201,2026-10-14,2026-06-26
900000000011587,1006,SH03,30301,2026-07-11,2026-09-21
900000000011588,1010,SH02,14201,2026-11-23,2026-09-29
900000000011589,1001,SH03,14201,2026-06-10,2026-09-21
900000000011590,1001,SH03,75201,2026-11-11,2026-06-27
900000000011591,1005,SH01,60601,2026-06-27,2026-07-02
900000000011592,1010,SH01,60601,2026-10-11,2026-05-07
900000000011593,1002,SH03,14201,2026-06-29,2026-11-11
900000000011594,1005,SH03,33101,2026-05-07,2026-11-23
900000000011595,1009,SH03,33101,2026-05-08,2026-05-08
900000000011596,1010,SH02,30301,2026-10-27,2026-05-24
900000000011597,1007,SH01,60652,2026-07-02,2026-10-21
900000000011598,1009,SH03,75201,2026-11-05,2026-05-02
900000000011599,1008,SH02,60601,2026-10-21,2026-07-27
900000000011600,1001,SH03,33101,2026-07-27,2026-10-14
900000000011601,1008,SH03,33101,2026-05-02,2026-08-16
900000000011602,1004,SH03,90210,2026-05-02,2026-09-28
900000000011603,1006,SH01,30301,2026-07-02,2026-09-29
900000000011604,1005,SH02,75201,2026-07-10,2026-05-07
900000000011605,1006,SH02,80201,2026-06-09,2026-10-27
900000000011606,1009,SH03,14201,2026-08-17,2026-10-21
900000000011607,1008,SH02,60652,2026-10-27,2026-07-10
900000000011608,1007,SH02,98101,2026-09-29,2026-06-09
900000000011609,1004,SH01,10001,2026-10-21,2026-05-24
900000000011610,1001,SH02,90210,2026-07-02,2026-07-10
900000000011611,1010,SH01,80201,2026-07-10,2026-08-16
900000000011612,1005,SH02,30301,2026-08-16,2026-09-21
900000000011613,1010,SH03,90210,2026-10-02,2026-05-02
900000000011614,1003,SH03,80201,2026-10-21,2026-10-21
900000000011615,1009,SH03,98101,2026-07-11,2026-05-24
900000000011616,1002,SH01,60652,2026-10-26,2026-11-24
900000000011617,1001,SH01,60652,2026-06-10,2026-10-31
900000000011618,1001,SH01,14201,2026-11-23,2026-05-09
900000000011619,1003,SH02,60601,2026-08-17,2026-08-16
900000000011620,1008,SH03,10001,2026-10-26,2026-10-31
900000000011621,1001,SH03,98101,2026-11-24,2026-11-11
900000000011622,1005,SH01,33101,2026-06-10,2026-05-24
900000000011623,1009,SH01,90210,2026-08-17,2026-08-16
900000000011624,1010,SH03,75201,2026-05-24,2026-09-29
900000000011625,1008,SH02,75201,2026-10-11,2026-05-07
900000000011626,1001,SH02,60601,2026-05-07,2026-11-24
900000000011627,1009,SH01,33101,2026-06-29,2026-05-08
900000000011628,1007,SH03,60601,2026-05-02,2026-05-24
900000000011629,1003,SH02,60601,2026-08-16,2026-05-24
900000000011630,1002,SH02,30301,2026-06-29,2026-10-02
900000000011631,1008,SH01,30301,2026-09-28,2026-08-16
900000000011632,1002,SH02,80201,2026-10-26,2026-11-24
900000000011633,1008,SH03,98101,2026-09-28,2026-10-14
900000000011634,1010,SH03,60652,2026-06-10,2026-08-16
900000000011635,1005,SH01,30301,2026-10-21,2026-10-02
900000000011636,1007,SH03,60652,2026-10-14,2026-11-24
900000000011637,1002,SH02,10001,2026-06-09,2026-10-26
900000000011638,1010,SH02,10001,2026-11-24,2026-09-21
900000000011639,1009,SH01,60601,2026-10-21,2026-10-26
900000000011640,1008,SH03,60601,2026-10-27,2026-10-11
900000000011641,1004,SH01,75201,2026-08-16,2026-05-08
900000000011642,1004,SH03,80201,2026-11-23,2026-09-29
900000000011643,1008,SH03,75201,2026-11-05,2026-06-10
900000000011644,1010,SH02,60652,2026-06-29,2026-05-07
900000000011645,1006,SH01,33101,2026-05-02,2026-10-27
900000000011646,1008,SH01,80201,2026-10-02,2026-07-27
900000000011647,1003,SH01,80201,2026-09-21,2026-10-31
900000000011648,1009,SH03,10001,2026-08-16,2026-11-23
900000000011649,1007,SH01,80201,2026-10-26,2026-07-10
900000000011650,1010,SH03,30301,2026-06-27,2026-10-14
900000000011651,1006,SH01,80201,2026-06-09,2026-06-26
900000000011652,1010,SH01,14201,2026-10-21,2026-07-02
900000000011653,1005,SH01,98101,2026-07-10,2026-06-10
900000000011654,1001,SH02,60601,2026-11-05,2026-07-27
900000000011655,1002,SH01,30301,2026-07-10,2026-11-24
900000000011656,1008,SH03,98101,2026-11-11,2026-07-27
900000000011657,1009,SH02,10001,2026-06-27,2026-07-02
900000000011658,1007,SH02,30301,2026-05-02,2026-10-21
900000000011659,1003,SH02,90210,2026-10-21,2026-05-24
900000000011660,1006,SH01,14201,2026-10-14,2026-10-11
900000000011661,1004,SH03,30301,2026-08-16,2026-08-16
900000000011662,1006,SH03,14201,2026-06-26,2026-10-11
900000000011663,1006,SH03,14201,2026-10-31,2026-07-10
900000000011664,1006,SH02,30301,2026-06-26,2026-05-09
900000000011665,1001,SH02,75201,2026-06-26,2026-11-05
900000000011666,1006,SH01,98101,2026-11-23,2026-06-29
900000000011667,1010,SH02,33101,2026-07-10,2026-10-21
900000000011668,1005,SH01,14201,2026-08-16,2026-11-05
900000000011669,1010,SH02,33101,2026-05-08,2026-05-09
900000000011670,1002,SH01,80201,2026-08-17,2026-11-11
900000000011671,1005,SH01,98101,2026-09-21,2026-09-28
900000000011672,1008,SH02,75201,2026-10-31,2026-10-31
900000000011673,1006,SH01,60652,2026-06-10,2026-07-10
900000000011674,1010,SH02,33101,2026-09-29,2026-05-09
900000000011675,1007,SH02,33101,2026-11-11,2026-09-21
900000000011676,1010,SH01,98101,2026-05-08,2026-11-24
900000000011677,1004,SH02,90210,2026-11-23,2026-10-26
900000000011678,1008,SH01,60652,2026-09-28,2026-08-17
900000000011679,1003,SH03,33101,2026-05-24,2026-06-09
900000000011680,1006,SH03,98101,2026-07-27,2026-06-27
900000000011681,1003,SH03,60601,2026-07-02,2026-09-21
900000000011682,1002,SH01,60652,2026-07-10,2026-06-09
900000000011683,1009,SH03,98101,2026-07-11,2026-11-05
900000000011684,1006,SH01,90210,2026-07-27,2026-07-27
900000000011685,1002,SH02,60601,2026-05-07,2026-11-23
900000000011686,1003,SH03,10001,2026-05-02,2026-11-05
900000000011687,1006,SH02,90210,2026-07-02,2026-10-11
900000000011688,1002,SH02,80201,2026-08-17,2026-05-07
900000000011689,1004,SH02,33101,2026-07-27,2026-06-09
900000000011690,1006,SH02,10001,2026-05-09,2026-07-02
900000000011691,1003,SH02,33101,2026-05-02,2026-06-27
900000000011692,1002,SH03,90210,2026-10-31,2026-11-05
900000000011693,1008,SH02,14201,2026-05-08,2026-06-09
900000000011694,1007,SH02,10001,2026-09-21,2026-06-26
900000000011695,1001,SH03,33101,2026-05-24,2026-09-28
900000000011696,1008,SH02,98101,2026-10-11,2026-09-28
900000000011697,1004,SH03,33101,2026-05-02,2026-08-17
900000000011698,1005,SH01,90210,2026-06-10,2026-10-11
900000000011699,1002,SH01,90210,2026-07-02,2026-10-11
900000000011700,1001,SH01,75201,2026-09-21,2026-08-16
900000000011701,1006,SH02,60652,2026-08-17,2026-06-10
900000000011702,1006,SH02,60601,2026-06-27,2026-09-29
900000000011703,1010,SH03,10001,2026-08-17,2026-05-08
900000000011704,1003,SH02,98101,2026-09-29,2026-11-24
900000000011705,1004,SH02,98101,2026-10-21,2026-05-24
900000000011706,1008,SH03,60652,2026-07-27,2026-06-09
900000000011707,1005,SH01,60601,2026-06-29,2026-05-02
900000000011708,1006,SH01,33101,2026-08-16,2026-10-14
900000000011709,1005,SH03,60652,2026-05-09,2026-10-14
900000000011710,1009,SH02,75201,2026-09-29,2026-11-05
900000000011711,1009,SH01,10001,2026-05-24,2026-06-29
900000000011712,1001,SH01,75201,2026-06-10,2026-07-10
900000000011713,1008,SH01,33101,2026-10-11,2026-11-05
900000000011714,1007,SH01,80201,2026-08-17,2026-05-09
900000000011715,1002,SH01,10001,2026-05-09,2026-05-02
900000000011716,1005,SH01,75201,2026-11-23,2026-08-16
900000000011717,1004,SH01,98101,2026-06-09,2026-06-10
900000000011718,1009,SH03,60652,2026-11-23,2026-10-11
900000000011719,1007,SH03,90210,2026-06-29,2026-08-16
900000000011720,1001,SH03,98101,2026-11-11,2026-05-02
900000000011721,1001,SH03,75201,2026-08-16,2026-10-11
900000000011722,1005,SH03,14201,2026-10-27,2026-07-11
900000000011723,1004,SH02,30301,2026-08-17,2026-08-16
900000000011724,1004,SH02,10001,2026-10-31,2026-08-16
900000000011725,1009,SH03,60652,2026-09-28,2026-09-28
900000000011726,1009,SH01,90210,2026-08-17,2026-05-08
900000000011727,1009,SH01,33101,2026-08-16,2026-05-09
900000000011728,1001,SH02,60601,2026-06-27,2026-10-27
900000000011729,1006,SH02,60652,2026-06-10,2026-05-08
900000000011730,1002,SH02,30301,2026-09-29,2026-07-11
900000000011731,1007,SH01,90210,2026-10-14,2026-05-24
900000000011732,1004,SH01,60652,2026-09-29,2026-05-24
900000000011733,1005,SH03,98101,2026-05-07,2026-05-24
900000000011734,1005,SH02,75201,2026-05-09,2026-10-14
900000000011735,1001,SH01,75201,2026-08-17,2026-07-27
900000000011736,1001,SH03,60652,2026-10-26,2026-06-10
900000000011737,1006,SH02,10001,2026-05-08,2026-10-31
900000000011738,1004,SH01,90210,2026-05-08,2026-05-09
900000000011739,1004,SH02,33101,2026-11-11,2026-09-29
900000000011740,1010,SH02,60601,2026-05-24,2026-06-27
900000000011741,1004,SH02,75201,2026-09-21,2026-08-17
900000000011742,1009,SH02,98101,2026-10-21,2026-10-31
900000000011743,1006,SH03,75201,2026-09-21,2026-10-31
900000000011744,1010,SH02,33101,2026-11-23,2026-10-11
900000000011745,1008,SH03,30301,2026-06-29,2026-10-11
900000000011746,1001,SH03,33101,2026-10-14,2026-09-28
900000000011747,1004,SH03,90210,2026-05-08,2026-09-21
900000000011748,1003,SH02,33101,2026-05-08,2026-09-28
900000000011749,1003,SH02,98101,2026-06-26,2026-09-28
900000000011750,1007,SH03,60652,2026-11-24,2026-05-07
900000000011751,1004,SH02,80201,2026-11-05,2026-10-27
900000000011752,1005,SH01,60601,2026-10-11,2026-09-21
900000000011753,1004,SH03,10001,2026-09-28,2026-11-23
900000000011754,1008,SH03,90210,2026-05-09,2026-11-23
900000000011755,1003,SH01,80201,2026-07-27,2026-10-11
900000000011756,1004,SH01,33101,2026-10-31,2026-05-24
900000000011757,1005,SH01,80201,2026-11-24,2026-11-11
900000000011758,1003,SH02,14201,2026-06-26,2026-07-02
900000000011759,1002,SH03,80201,2026-10-14,2026-10-11
900000000011760,1006,SH01,33101,2026-05-08,2026-10-11
900000000011761,1004,SH03,33101,2026-08-16,2026-11-24
900000000011762,1010,SH02,90210,2026-05-07,2026-08-16
900000000011763,1008,SH01,33101,2026-05-08,2026-11-24
900000000011764,1003,SH01,33101,2026-05-07,2026-10-11
900000000011765,1001,SH02,60601,2026-05-02,2026-11-11
900000000011766,1007,SH01,10001,2026-10-11,2026-11-24
900000000011767,1003,SH01,90210,2026-05-07,2026-08-16
900000000011768,1001,SH03,80201,2026-06-26,2026-09-28
900000000011769,1009,SH01,33101,2026-10-14,2026-10-02
900000000011770,1004,SH01,90210,2026-11-24,2026-06-09
900000000011771,1001,SH03,30301,2026-06-27,2026-10-31
900000000011772,1004,SH01,10001,2026-06-09,2026-11-23
900000000011773,1010,SH01,10001,2026-07-11,2026-07-02
900000000011774,1005,SH02,75201,2026-10-02,2026-09-21
900000000011775,1007,SH02,30301,2026-10-21,2026-10-26
900000000011776,1005,SH01,98101,2026-05-09,2026-10-21
900000000011777,1008,SH01,75201,2026-05-09,2026-11-24
900000000011778,1005,SH01,80201,2026-08-17,2026-10-02
900000000011779,1003,SH01,14201,2026-09-28,2026-05-02
900000000011780,1003,SH02,60601,2026-09-21,2026-05-07
900000000011781,1001,SH01,14201,2026-06-10,2026-05-24
900000000011782,1002,SH03,10001,2026-10-27,2026-07-02
900000000011783,1007,SH02,10001,2026-05-08,2026-06-09
900000000011784,1010,SH02,80201,2026-06-09,2026-07-02
900000000011785,1004,SH01,60601,2026-10-26,2026-06-09
900000000011786,1006,SH02,14201,2026-05-07,2026-06-27
900000000011787,1008,SH01,33101,2026-11-11,2026-11-05
900000000011788,1008,SH03,30301,2026-06-10,2026-06-27
900000000011789,1004,SH03,10001,2026-06-29,2026-10-11
900000000011790,1005,SH03,33101,2026-05-07,2026-05-02
900000000011791,1010,SH03,30301,2026-06-27,2026-10-21
900000000011792,1007,SH02,30301,2026-08-16,2026-11-05
900000000011793,1008,SH02,10001,2026-06-10,2026-10-26
900000000011794,1008,SH02,30301,2026-06-10,2026-05-08
900000000011795,1006,SH01,33101,2026-05-09,2026-06-27
900000000011796,1010,SH01,80201,2026-10-31,2026-06-29
900000000011797,1002,SH01,14201,2026-09-21,2026-05-09
900000000011798,1008,SH02,60652,2026-08-16,2026-06-10
900000000011799,1004,SH03,90210,2026-08-16,2026-06-26
900000000011800,1008,SH02,33101,2026-08-17,2026-10-21
900000000011801,1003,SH02,98101,2026-11-11,2026-07-02
900000000011802,1006,SH02,98101,2026-05-02,2026-06-10
900000000011803,1009,SH01,80201,2026-05-24,2026-10-27
900000000011804,1009,SH03,98101,2026-05-09,2026-10-11
900000000011805,1007,SH02,75201,2026-08-16,2026-05-02
900000000011806,1008,SH03,98101,2026-05-08,2026-10-21
900000000011807,1008,SH01,98101,2026-11-24,2026-11-23
900000000011808,1002,SH03,14201,2026-06-26,2026-07-11
900000000011809,1003,SH02,30301,2026-09-21,2026-07-27
900000000011810,1002,SH01,30301,2026-10-02,2026-06-29
900000000011811,1001,SH03,80201,2026-10-21,2026-05-07
900000000011812,1006,SH02,60601,2026-06-10,2026-10-21
900000000011813,1010,SH03,60601,2026-07-02,2026-06-26
900000000011814,1006,SH02,75201,2026-06-26,2026-06-27
900000000011815,1001,SH03,60652,2026-09-21,2026-07-27
900000000011816,1009,SH02,60601,2026-11-23,2026-09-21
900000000011817,1003,SH03,98101,2026-05-02,2026-06-26
900000000011818,1010,SH03,80201,2026-11-24,2026-10-31
900000000011819,1006,SH03,33101,2026-10-14,2026-05-07
900000000011820,1005,SH01,14201,2026-06-27,2026-06-10
900000000011821,1002,SH02,75201,2026-11-24,2026-07-10
900000000011822,1004,SH03,80201,2026-08-17,2026-10-27
900000000011823,1007,SH03,90210,2026-09-28,2026-06-26
900000000011824,1001,SH01,98101,2026-10-14,2026-10-21
900000000011825,1007,SH01,60601,2026-06-27,2026-06-29
900000000011826,1003,SH03,90210,2026-06-09,2026-08-17
900000000011827,1006,SH02,33101,2026-09-28,2026-10-27
900000000011828,1008,SH03,60601,2026-11-05,2026-11-23
900000000011829,1005,SH02,33101,2026-10-27,2026-10-26
900000000011830,1010,SH02,75201,2026-07-27,2026-06-26
900000000011831,1004,SH01,75201,2026-10-02,2026-06-10
900000000011832,1010,SH01,30301,2026-09-28,2026-09-29
900000000011833,1003,SH03,90210,2026-07-02,2026-10-27
900000000011834,1003,SH01,14201,2026-07-27,2026-05-09
900000000011835,1006,SH03,90210,2026-06-10,2026-10-11
900000000011836,1005,SH03,80201,2026-09-28,2026-11-23
900000000011837,1006,SH03,33101,2026-06-27,2026-10-02
900000000011838,1004,SH02,60652,2026-07-10,2026-10-31
900000000011839,1005,SH02,90210,2026-05-07,2026-10-14
900000000011840,1006,SH03,33101,2026-06-27,2026-10-14
900000000011841,1003,SH03,33101,2026-10-26,2026-05-09
900000000011842,1010,SH03,33101,2026-07-02,2026-09-29
900000000011843,1008,SH03,90210,2026-08-16,2026-07-11
900000000011844,1007,SH03,30301,2026-06-10,2026-09-29
900000000011845,1010,SH01,14201,2026-08-17,2026-10-11
900000000011846,1003,SH03,75201,2026-10-21,2026-07-27
900000000011847,1010,SH03,10001,2026-09-28,2026-11-11
900000000011848,1004,SH02,80201,2026-10-02,2026-06-10
900000000011849,1001,SH03,30301,2026-05-24,2026-06-10
900000000011850,1004,SH02,10001,2026-10-11,2026-05-07
900000000011851,1003,SH01,10001,2026-10-21,2026-07-10
900000000011852,1003,SH02,75201,2026-06-10,2026-07-11
900000000011853,1005,SH01,98101,2026-06-26,2026-08-16
900000000011854,1006,SH01,33101,2026-11-05,2026-11-11
900000000011855,1001,SH02,33101,2026-05-24,2026-06-29
900000000011856,1001,SH02,75201,2026-10-11,2026-09-28
900000000011857,1008,SH01,30301,2026-10-11,2026-06-26
900000000011858,1003,SH02,75201,2026-11-05,2026-05-07
900000000011859,1008,SH01,30301,2026-08-16,2026-05-07
900000000011860,1010,SH03,10001,2026-11-23,2026-10-26
900000000011861,1001,SH03,30301,2026-05-02,2026-07-10
900000000011862,1001,SH02,60652,2026-11-11,2026-10-21
900000000011863,1003,SH01,90210,2026-10-02,2026-11-05
900000000011864,1010,SH03,80201,2026-08-17,2026-05-24
900000000011865,1005,SH01,80201,2026-05-07,2026-11-11
900000000011866,1008,SH02,60652,2026-10-11,2026-06-26
900000000011867,1010,SH01,80201,2026-06-27,2026-09-29
900000000011868,1010,SH02,80201,2026-07-27,2026-10-26
900000000011869,1003,SH01,60652,2026-11-05,2026-06-10
900000000011870,1007,SH03,30301,2026-10-27,2026-08-17
900000000011871,1003,SH01,60601,2026-10-31,2026-10-14
900000000011872,1010,SH02,60601,2026-05-08,2026-07-10
900000000011873,1003,SH01,90210,2026-10-02,2026-05-09
900000000011874,1007,SH03,75201,2026-10-11,2026-11-05
900000000011875,1010,SH03,60652,2026-09-28,2026-10-31
900000000011876,1002,SH03,90210,2026-06-27,2026-05-08
900000000011877,1010,SH03,75201,2026-10-21,2026-09-28
900000000011878,1008,SH03,60652,2026-11-11,2026-11-24
900000000011879,1006,SH03,90210,2026-07-10,2026-11-11
900000000011880,1002,SH02,90210,2026-10-02,2026-07-27
900000000011881,1004,SH03,33101,2026-10-21,2026-05-07
900000000011882,1001,SH02,14201,2026-08-17,2026-10-27
900000000011883,1002,SH03,80201,2026-09-28,2026-10-02
900000000011884,1008,SH01,33101,2026-05-08,2026-11-11
900000000011885,1006,SH01,60652,2026-06-26,2026-06-29
900000000011886,1003,SH03,60652,2026-11-24,2026-06-27
900000000011887,1005,SH01,80201,2026-06-27,2026-10-27
900000000011888,1009,SH02,60601,2026-08-16,2026-07-27
900000000011889,1006,SH03,60601,2026-10-31,2026-11-11
900000000011890,1004,SH03,30301,2026-11-05,2026-10-31
900000000011891,1006,SH01,10001,2026-05-24,2026-10-02
900000000011892,1004,SH03,60652,2026-07-11,2026-07-02
900000000011893,1001,SH03,14201,2026-10-11,2026-09-21
900000000011894,1007,SH01,60652,2026-10-21,2026-10-27
900000000011895,1001,SH03,60601,2026-10-31,2026-06-29
900000000011896,1005,SH02,60601,2026-05-09,2026-09-28
900000000011897,1010,SH02,60652,2026-10-31,2026-06-27
900000000011898,1006,SH02,14201,2026-09-28,2026-07-02
900000000011899,1003,SH03,75201,2026-07-10,2026-10-14
900000000011900,1007,SH02,80201,2026-05-08,2026-10-27
900000000011901,1009,SH01,30301,2026-06-29,2026-10-14
900000000011902,1007,SH03,30301,2026-06-29,2026-09-28
900000000011903,1006,SH03,14201,2026-11-11,2026-10-21
900000000011904,1001,SH01,80201,2026-10-14,2026-05-09
900000000011905,1010,SH01,33101,2026-10-02,2026-10-14
900000000011906,1008,SH02,80201,2026-05-24,2026-11-11
900000000011907,1003,SH03,60652,2026-08-17,2026-07-10
900000000011908,1001,SH01,60601,2026-05-07,2026-06-10
900000000011909,1007,SH03,98101,2026-08-16,2026-10-02
900000000011910,1002,SH03,75201,2026-06-09,2026-11-11
900000000011911,1008,SH03,75201,2026-11-23,2026-09-21
900000000011912,1003,SH01,33101,2026-10-27,2026-10-11
900000000011913,1010,SH03,60652,2026-06-26,2026-07-02
900000000011914,1001,SH02,10001,2026-07-27,2026-06-26
900000000011915,1006,SH03,98101,2026-07-27,2026-05-07
900000000011916,1008,SH01,98101,2026-07-10,2026-10-14
900000000011917,1006,SH02,80201,2026-05-08,2026-11-05
900000000011918,1008,SH01,80201,2026-06-09,2026-11-11
900000000011919,1004,SH01,90210,2026-06-10,2026-09-21
900000000011920,1005,SH03,80201,2026-06-26,2026-09-21
900000000011921,1006,SH03,98101,2026-10-14,2026-10-14
900000000011922,1006,SH01,33101,2026-10-26,2026-10-27
900000000011923,1007,SH03,60601,2026-10-11,2026-09-28
900000000011924,1006,SH01,60652,2026-10-11,2026-05-08
900000000011925,1010,SH02,30301,2026-09-29,2026-11-23
900000000011926,1003,SH03,80201,2026-10-27,2026-11-05
900000000011927,1005,SH03,80201,2026-05-09,2026-10-02
900000000011928,1006,SH01,14201,2026-08-17,2026-09-29
900000000011929,1008,SH02,30301,2026-05-02,2026-10-26
900000000011930,1009,SH01,90210,2026-08-16,2026-10-11
900000000011931,1005,SH03,90210,2026-10-14,2026-07-27
900000000011932,1003,SH01,14201,2026-05-07,2026-09-21
900000000011933,1010,SH01,98101,2026-05-07,2026-11-23
900000000011934,1004,SH01,30301,2026-06-26,2026-06-27
900000000011935,1004,SH01,60601,2026-10-02,2026-05-02
900000000011936,1009,SH01,80201,2026-10-02,2026-06-29
900000000011937,1010,SH03,10001,2026-07-10,2026-10-26
900000000011938,1002,SH02,33101,2026-07-11,2026-09-29
900000000011939,1005,SH02,60601,2026-06-27,2026-06-26
900000000011940,1005,SH03,90210,2026-10-26,2026-08-17
900000000011941,1010,SH03,33101,2026-05-09,2026-07-10
900000000011942,1010,SH01,10001,2026-10-14,2026-10-14
900000000011943,1002,SH01,90210,2026-10-02,2026-10-14
900000000011944,1002,SH03,60652,2026-10-21,2026-05-02
900000000011945,1010,SH02,80201,2026-07-10,2026-10-02
900000000011946,1005,SH02,14201,2026-06-27,2026-10-31
900000000011947,1009,SH02,60652,2026-07-10,2026-05-02
900000000011948,1009,SH02,30301,2026-06-09,2026-05-02
900000000011949,1004,SH03,14201,2026-07-02,2026-07-02
900000000011950,1003,SH02,33101,2026-06-27,2026-10-14
900000000011951,1004,SH03,98101,2026-06-29,2026-07-10
900000000011952,1003,SH02,10001,2026-11-24,2026-05-24
900000000011953,1010,SH02,80201,2026-07-11,2026-08-17
900000000011954,1005,SH02,60652,2026-10-02,2026-06-09
900000000011955,1007,SH03,60652,2026-09-29,2026-05-08
900000000011956,1001,SH01,98101,2026-09-28,2026-11-05
900000000011957,1009,SH01,30301,2026-09-28,2026-06-27
900000000011958,1007,SH02,33101,2026-09-21,2026-07-02
900000000011959,1010,SH01,60652,2026-11-23,2026-06-27
900000000011960,1009,SH01,75201,2026-06-27,2026-09-21
900000000011961,1007,SH02,33101,2026-11-11,2026-10-26
900000000011962,1001,SH03,30301,2026-05-24,2026-07-02
900000000011963,1010,SH01,75201,2026-06-10,2026-10-11
900000000011964,1008,SH02,33101,2026-07-02,2026-10-31
900000000011965,1005,SH03,60652,2026-06-29,2026-11-11
900000000011966,1006,SH03,10001,2026-05-07,2026-10-26
900000000011967,1005,SH03,80201,2026-06-27,2026-08-17
900000000011968,1003,SH03,60652,2026-08-17,2026-11-05
900000000011969,1004,SH03,80201,2026-07-02,2026-11-05
900000000011970,1005,SH03,75201,2026-10-14,2026-10-02
900000000011971,1009,SH01,98101,2026-11-11,2026-10-27
900000000011972,1007,SH01,60652,2026-09-29,2026-06-27
900000000011973,1006,SH01,14201,2026-05-09,2026-05-09
900000000011974,1001,SH02,98101,2026-10-31,2026-09-28
900000000011975,1002,SH02,98101,2026-07-27,2026-06-29
900000000011976,1004,SH02,14201,2026-10-27,2026-10-21
900000000011977,1009,SH01,60652,2026-06-29,2026-10-26
900000000011978,1004,SH03,30301,2026-06-10,2026-05-07
900000000011979,1005,SH01,60652,2026-06-09,2026-10-27
900000000011980,1001,SH01,75201,2026-06-29,2026-06-10
900000000011981,1005,SH03,14201,2026-11-05,2026-07-02
900000000011982,1003,SH02,75201,2026-06-09,2026-05-08
900000000011983,1006,SH01,75201,2026-09-29,2026-07-11
900000000011984,1003,SH03,60601,2026-07-11,2026-06-09
900000000011985,1010,SH03,80201,2026-07-27,2026-09-29
900000000011986,1003,SH02,33101,2026-11-05,2026-10-21
900000000011987,1002,SH02,98101,2026-10-11,2026-10-27
900000000011988,1008,SH02,80201,2026-07-02,2026-10-11
900000000011989,1007,SH01,60652,2026-11-23,2026-11-24
900000000011990,1002,SH02,80201,2026-10-02,2026-07-02
900000000011991,1001,SH01,98101,2026-09-29,2026-06-26
900000000011992,1005,SH02,14201,2026-09-21,2026-06-09
900000000011993,1007,SH01,98101,2026-09-28,2026-05-24
900000000011994,1010,SH03,10001,2026-07-10,2026-06-10
900000000011995,1009,SH03,60601,2026-09-21,2026-05-08
900000000011996,1001,SH01,14201,2026-08-17,2026-08-17
900000000011997,1005,SH01,10001,2026-09-21,2026-11-24
900000000011998,1002,SH01,75201,2026-07-11,2026-10-27
900000000011999,1009,SH01,75201,2026-07-02,2026-10-26
900000000012000,1005,SH03,60652,2026-06-29,2026-09-28
900000000012001,1002,SH03,60601,2026-06-10,2026-10-14
900000000012002,1003,SH03,75201,2026-06-09,2026-07-10
900000000012003,1005,SH02,33101,2026-06-27,2026-05-08
900000000012004,1010,SH03,10001,2026-07-27,2026-09-21
900000000012005,1002,SH03,30301,2026-10-02,2026-05-07
900000000012006,1006,SH02,90210,2026-06-26,2026-06-29
900000000012007,1010,SH02,10001,2026-06-10,2026-08-16
900000000012008,1009,SH02,60652,2026-11-11,2026-08-17
900000000012009,1009,SH03,80201,2026-07-11,2026-05-08
900000000012010,1005,SH02,10001,2026-10-21,2026-10-02
900000000012011,1004,SH01,60601,2026-07-02,2026-11-23
900000000012012,1001,SH03,14201,2026-05-07,2026-05-24
900000000012013,1004,SH02,14201,2026-10-26,2026-11-23
900000000012014,1008,SH01,80201,2026-09-21,2026-09-28
900000000012015,1008,SH03,60601,2026-07-02,2026-07-27
900000000012016,1007,SH01,60652,2026-11-05,2026-05-07
900000000012017,1002,SH03,60652,2026-08-16,2026-07-11
900000000012018,1008,SH02,60652,2026-09-29,2026-07-02
900000000012019,1007,SH03,75201,2026-07-10,2026-10-02
900000000012020,1009,SH02,98101,2026-05-08,2026-10-11
900000000012021,1004,SH02,60652,2026-11-24,2026-10-26
900000000012022,1010,SH03,14201,2026-05-08,2026-06-26
900000000012023,1010,SH02,80201,2026-06-26,2026-07-10
900000000012024,1004,SH03,60601,2026-07-10,2026-06-27
900000000012025,1004,SH02,80201,2026-07-27,2026-05-08
900000000012026,1008,SH02,60652,2026-08-17,2026-10-14
900000000012027,1003,SH01,75201,2026-07-10,2026-05-24
900000000012028,1004,SH01,30301,2026-10-02,2026-10-14
900000000012029,1004,SH03,30301,2026-05-02,2026-06-10
900000000012030,1004,SH02,14201,2026-09-28,2026-08-17
900000000012031,1010,SH01,90210,2026-07-10,2026-05-09
900000000012032,1003,SH02,10001,2026-08-16,2026-09-29
900000000012033,1007,SH03,30301,2026-05-09,2026-07-11
900000000012034,1001,SH01,10001,2026-06-27,2026-11-24
900000000012035,1005,SH02,80201,2026-10-21,2026-09-28
900000000012036,1005,SH02,60652,2026-11-05,2026-05-07
900000000012037,1007,SH02,60601,2026-08-17,2026-10-14
900000000012038,1005,SH02,33101,2026-09-29,2026-10-02
900000000012039,1006,SH01,80201,2026-05-07,2026-06-09
900000000012040,1003,SH01,90210,2026-06-09,2026-07-10
900000000012041,1004,SH01,90210,2026-07-02,2026-08-17
900000000012042,1005,SH02,90210,2026-07-27,2026-10-26
900000000012043,1010,SH02,33101,2026-11-05,2026-10-21
900000000012044,1002,SH01,10001,2026-07-27,2026-08-17
900000000012045,1006,SH01,60601,2026-09-21,2026-10-02
900000000012046,1002,SH02,90210,2026-11-05,2026-09-29
900000000012047,1010,SH02,60601,2026-05-02,2026-05-02
900000000012048,1007,SH02,98101,2026-07-11,2026-06-26
900000000012049,1001,SH03,60652,2026-09-29,2026-08-17
900000000012050,1005,SH02,60652,2026-06-09,2026-06-29
900000000012051,1003,SH01,75201,2026-10-31,2026-10-14
900000000012052,1003,SH03,33101,2026-07-02,2026-10-26
900000000012053,1009,SH03,33101,2026-05-07,2026-07-27
900000000012054,1004,SH03,30301,2026-06-29,2026-07-10
900000000012055,1010,SH02,14201,2026-05-24,2026-10-02
900000000012056,1004,SH03,60601,2026-06-27,2026-06-26
900000000012057,1001,SH01,33101,2026-11-11,2026-08-16
900000000012058,1006,SH03,10001,2026-08-17,2026-05-24
900000000012059,1008,SH01,30301,2026-07-27,2026-11-05
900000000012060,1003,SH02,60652,2026-11-24,2026-05-24
900000000012061,1001,SH03,90210,2026-10-27,2026-08-16
900000000012062,1003,SH03,30301,2026-08-17,2026-10-27
900000000012063,1005,SH02,10001,2026-11-11,2026-11-24
900000000012064,1003,SH03,90210,2026-09-21,2026-05-09
900000000012065,1006,SH03,60601,2026-10-02,2026-05-09
900000000012066,1010,SH02,98101,2026-09-29,2026-10-21
900000000012067,1004,SH03,60601,2026-10-26,2026-10-31
900000000012068,1010,SH01,80201,2026-10-02,2026-10-31
900000000012069,1009,SH01,33101,2026-11-23,2026-10-21
900000000012070,1002,SH02,60652,2026-09-28,2026-09-29
900000000012071,1001,SH02,98101,2026-09-28,2026-07-11
900000000012072,1004,SH03,90210,2026-10-27,2026-07-11
900000000012073,1006,SH01,33101,2026-05-09,2026-06-26
900000000012074,1004,SH02,30301,2026-06-10,2026-07-02
900000000012075,1009,SH01,60652,2026-11-23,2026-08-17
900000000012076,1005,SH03,60601,2026-09-29,2026-11-23
900000000012077,1001,SH01,10001,2026-08-16,2026-05-09
900000000012078,1001,SH02,80201,2026-06-27,2026-11-11
900000000012079,1002,SH02,90210,2026-06-27,2026-05-07
900000000012080,1009,SH03,10001,2026-05-24,2026-05-09
900000000012081,1007,SH03,10001,2026-05-09,2026-10-14
900000000012082,1005,SH03,10001,2026-08-17,2026-09-28
900000000012083,1003,SH01,10001,2026-05-09,2026-07-27
900000000012084,1010,SH03,33101,2026-11-11,2026-06-10
900000000012085,1008,SH01,90210,2026-07-27,2026-06-29
900000000012086,1005,SH03,14201,2026-10-27,2026-05-24
900000000012087,1008,SH02,14201,2026-11-24,2026-08-16
900000000012088,1003,SH03,98101,2026-08-16,2026-10-02
900000000012089,1004,SH02,75201,2026-07-27,2026-10-31
900000000012090,1002,SH02,30301,2026-09-21,2026-11-23
900000000012091,1002,SH03,10001,2026-07-02,2026-10-11
900000000012092,1009,SH03,75201,2026-09-29,2026-05-02
900000000012093,1004,SH03,75201,2026-10-02,2026-11-11
900000000012094,1008,SH01,30301,2026-10-11,2026-05-07
900000000012095,1005,SH02,60652,2026-05-09,2026-06-26
900000000012096,1003,SH01,80201,2026-10-11,2026-07-11
900000000012097,1006,SH03,33101,2026-09-28,2026-11-11
900000000012098,1002,SH01,90210,2026-07-27,2026-11-05
900000000012099,1003,SH01,10001,2026-11-11,2026-10-21
900000000012100,1007,SH02,90210,2026-10-11,2026-09-21
900000000012101,1005,SH03,30301,2026-09-21,2026-10-21
900000000012102,1008,SH02,90210,2026-05-09,2026-06-26
900000000012103,1007,SH03,14201,2026-07-02,2026-07-10
900000000012104,1006,SH03,60652,2026-05-07,2026-11-24
900000000012105,1010,SH03,10001,2026-07-10,2026-09-21
900000000012106,1008,SH02,60601,2026-10-27,2026-11-11
900000000012107,1004,SH02,60652,2026-05-09,2026-10-14
900000000012108,1005,SH02,10001,2026-11-11,2026-10-02
900000000012109,1010,SH02,80201,2026-06-29,2026-05-08
900000000012110,1001,SH01,75201,2026-11-24,2026-11-24
900000000012111,1009,SH03,30301,2026-11-05,2026-11-23
900000000012112,1009,SH02,60601,2026-10-11,2026-05-02
900000000012113,1003,SH01,33101,2026-05-24,2026-10-27
900000000012114,1005,SH01,80201,2026-05-09,2026-05-24
900000000012115,1005,SH01,14201,2026-10-31,2026-10-02
900000000012116,1008,SH01,33101,2026-09-28,2026-09-28
900000000012117,1004,SH03,33101,2026-09-29,2026-06-27
900000000012118,1003,SH01,30301,2026-10-27,2026-10-02
900000000012119,1003,SH03,30301,2026-06-27,2026-11-05
900000000012120,1006,SH01,10001,2026-07-27,2026-06-10
900000000012121,1007,SH01,60601,2026-07-10,2026-08-16
900000000012122,1010,SH01,90210,2026-07-10,2026-05-08
900000000012123,1006,SH03,60601,2026-07-02,2026-10-27
900000000012124,1008,SH02,80201,2026-07-27,2026-06-26
900000000012125,1009,SH03,33101,2026-06-27,2026-08-17
900000000012126,1010,SH02,33101,2026-06-10,2026-06-29
900000000012127,1005,SH03,60652,2026-06-10,2026-10-14
900000000012128,1007,SH02,98101,2026-10-11,2026-06-26
900000000012129,1006,SH02,90210,2026-10-02,2026-11-24
900000000012130,1002,SH03,30301,2026-06-10,2026-07-27
900000000012131,1009,SH01,60652,2026-08-16,2026-11-24
900000000012132,1009,SH03,75201,2026-08-16,2026-06-09
900000000012133,1007,SH03,14201,2026-10-27,2026-09-28
900000000012134,1007,SH01,30301,2026-10-21,2026-05-24
900000000012135,1003,SH01,30301,2026-10-14,2026-10-27
900000000012136,1007,SH02,60652,2026-05-07,2026-07-11
900000000012137,1001,SH02,60652,2026-10-21,2026-06-27
900000000012138,1001,SH03,75201,2026-08-17,2026-06-09
900000000012139,1004,SH03,14201,2026-06-29,2026-11-11
900000000012140,1002,SH03,98101,2026-10-14,2026-10-02
900000000012141,1008,SH01,30301,2026-11-05,2026-05-07
900000000012142,1006,SH01,60601,2026-11-11,2026-06-29
900000000012143,1008,SH03,10001,2026-09-21,2026-10-27
900000000012144,1001,SH02,10001,2026-06-09,2026-06-26
900000000012145,1002,SH01,10001,2026-07-02,2026-10-27
900000000012146,1005,SH03,60601,2026-06-29,2026-11-05
900000000012147,1001,SH02,90210,2026-10-21,2026-06-29
900000000012148,1009,SH03,30301,2026-06-10,2026-11-23
900000000012149,1009,SH03,75201,2026-09-29,2026-05-24
900000000012150,1003,SH02,75201,2026-05-07,2026-11-11
900000000012151,1002,SH03,75201,2026-10-11,2026-07-02
900000000012152,1003,SH01,60601,2026-09-21,2026-10-26
900000000012153,1008,SH01,30301,2026-07-27,2026-09-21
900000000012154,1004,SH02,33101,2026-11-23,2026-11-23
900000000012155,1005,SH03,33101,2026-05-08,2026-09-21
900000000012156,1007,SH03,10001,2026-06-29,2026-10-21
900000000012157,1008,SH02,90210,2026-09-21,2026-10-26
900000000012158,1008,SH03,98101,2026-09-28,2026-11-05
900000000012159,1007,SH02,98101,2026-07-27,2026-06-26
900000000012160,1001,SH03,98101,2026-07-02,2026-10-31
900000000012161,1010,SH03,33101,2026-08-16,2026-09-29
900000000012162,1010,SH03,60601,2026-06-29,2026-10-27
900000000012163,1001,SH02,90210,2026-06-10,2026-10-14
900000000012164,1008,SH02,60601,2026-11-11,2026-11-05
900000000012165,1008,SH03,33101,2026-11-23,2026-06-29
900000000012166,1009,SH03,90210,2026-11-05,2026-10-11
900000000012167,1008,SH01,60652,2026-11-11,2026-06-09
900000000012168,1006,SH02,98101,2026-07-11,2026-11-24
900000000012169,1003,SH03,60652,2026-11-24,2026-05-24
900000000012170,1008,SH02,30301,2026-11-23,2026-09-21
900000000012171,1010,SH01,90210,2026-06-10,2026-07-02
900000000012172,1006,SH02,60652,2026-11-23,2026-05-02
900000000012173,1001,SH01,10001,2026-07-11,2026-10-02
900000000012174,1003,SH03,98101,2026-05-24,2026-11-23
900000000012175,1007,SH01,90210,2026-05-09,2026-09-29
900000000012176,1002,SH03,14201,2026-06-29,2026-10-11
900000000012177,1004,SH03,10001,2026-11-05,2026-10-31
900000000012178,1010,SH02,90210,2026-06-09,2026-06-10
900000000012179,1008,SH01,10001,2026-10-14,2026-11-23
900000000012180,1002,SH03,10001,2026-11-05,2026-06-09
900000000012181,1010,SH03,80201,2026-10-27,2026-05-02
900000000012182,1002,SH01,60652,2026-10-21,2026-05-07
900000000012183,1010,SH02,60601,2026-06-26,2026-08-16
900000000012184,1003,SH03,14201,2026-06-10,2026-11-05
900000000012185,1004,SH01,30301,2026-06-27,2026-10-27
900000000012186,1002,SH03,75201,2026-05-02,2026-10-14
900000000012187,1007,SH03,60601,2026-11-24,2026-07-27
900000000012188,1008,SH02,60652,2026-09-28,2026-09-28
900000000012189,1004,SH03,30301,2026-09-21,2026-07-27
900000000012190,1007,SH02,80201,2026-08-17,2026-09-29
900000000012191,1002,SH03,33101,2026-11-05,2026-07-11
900000000012192,1001,SH02,60652,2026-10-14,2026-11-23
900000000012193,1004,SH01,98101,2026-10-21,2026-08-17
900000000012194,1004,SH01,14201,2026-10-26,2026-05-07
900000000012195,1007,SH01,30301,2026-10-11,2026-10-02
900000000012196,1008,SH02,60601,2026-06-09,2026-07-27
900000000012197,1007,SH03,10001,2026-09-28,2026-05-08
900000000012198,1003,SH03,10001,2026-11-23,2026-09-21
900000000012199,1010,SH02,80201,2026-10-21,2026-06-29
900000000012200,1001,SH03,33101,2026-08-16,2026-09-21
900000000012201,1005,SH03,30301,2026-07-11,2026-11-23
900000000012202,1004,SH02,10001,2026-10-26,2026-06-29
900000000012203,1008,SH02,98101,2026-10-14,2026-05-09
900000000012204,1003,SH03,10001,2026-10-02,2026-07-11
900000000012205,1010,SH01,75201,2026-05-02,2026-11-23
900000000012206,1009,SH01,10001,2026-07-27,2026-06-10
900000000012207,1009,SH03,10001,2026-07-11,2026-10-31
900000000012208,1006,SH01,60601,2026-10-02,2026-11-24
900000000012209,1007,SH03,10001,2026-10-02,2026-07-10
900000000012210,1007,SH01,80201,2026-06-10,2026-07-10
900000000012211,1001,SH01,60652,2026-06-27,2026-11-05
900000000012212,1005,SH02,33101,2026-07-27,2026-09-28
900000000012213,1004,SH01,90210,2026-06-26,2026-07-10
900000000012214,1010,SH01,33101,2026-10-27,2026-09-21
900000000012215,1008,SH03,90210,2026-10-11,2026-05-07
900000000012216,1009,SH02,14201,2026-05-02,2026-05-07
900000000012217,1010,SH01,90210,2026-11-24,2026-07-27
900000000012218,1010,SH02,14201,2026-05-08,2026-10-27
900000000012219,1007,SH01,90210,2026-05-07,2026-06-10
900000000012220,1002,SH03,98101,2026-05-24,2026-05-02
900000000012221,1002,SH03,80201,2026-07-27,2026-06-26
900000000012222,1007,SH01,33101,2026-06-27,2026-05-24
900000000012223,1008,SH02,80201,2026-07-27,2026-11-23
900000000012224,1003,SH01,30301,2026-10-26,2026-09-29
900000000012225,1004,SH03,98101,2026-10-26,2026-07-11
900000000012226,1005,SH03,75201,2026-06-29,2026-08-16
900000000012227,1004,SH03,10001,2026-07-02,2026-05-09
900000000012228,1005,SH02,90210,2026-11-11,2026-10-11
900000000012229,1006,SH01,60652,2026-07-02,2026-05-09
900000000012230,1008,SH01,90210,2026-06-26,2026-08-17
900000000012231,1001,SH01,33101,2026-09-21,2026-08-17
900000000012232,1004,SH02,14201,2026-10-27,2026-10-14
900000000012233,1010,SH02,10001,2026-10-02,2026-06-10
900000000012234,1010,SH03,60652,2026-11-11,2026-06-29
900000000012235,1004,SH02,60652,2026-05-07,2026-08-17
900000000012236,1004,SH01,80201,2026-05-09,2026-05-08
900000000012237,1005,SH01,60652,2026-05-08,2026-09-28
900000000012238,1010,SH01,60601,2026-10-11,2026-05-08
900000000012239,1010,SH01,98101,2026-10-27,2026-08-16
900000000012240,1001,SH02,33101,2026-07-11,2026-10-31
900000000012241,1006,SH01,60652,2026-11-24,2026-11-05
900000000012242,1004,SH02,14201,2026-10-02,2026-08-16
900000000012243,1005,SH02,60601,2026-05-24,2026-10-31
900000000012244,1003,SH02,75201,2026-10-11,2026-06-09
900000000012245,1003,SH01,60601,2026-09-29,2026-11-24
900000000012246,1002,SH01,75201,2026-09-21,2026-05-24
900000000012247,1010,SH03,33101,2026-05-09,2026-10-11
900000000012248,1001,SH01,14201,2026-10-26,2026-05-07
900000000012249,1005,SH03,80201,2026-10-21,2026-08-17
900000000012250,1009,SH03,80201,2026-06-29,2026-05-02
900000000012251,1004,SH01,30301,2026-05-09,2026-10-21
900000000012252,1010,SH03,33101,2026-09-28,2026-07-11
900000000012253,1009,SH03,33101,2026-11-11,2026-06-26
900000000012254,1005,SH03,90210,2026-05-24,2026-05-08
900000000012255,1006,SH02,30301,2026-06-27,2026-10-31
900000000012256,1005,SH03,33101,2026-07-11,2026-06-09
900000000012257,1003,SH01,60601,2026-10-31,2026-10-31
900000000012258,1008,SH02,80201,2026-11-11,2026-11-11
900000000012259,1007,SH03,60652,2026-05-02,2026-11-05
900000000012260,1001,SH02,90210,2026-05-08,2026-07-10
900000000012261,1005,SH03,98101,2026-09-28,2026-08-17
900000000012262,1005,SH01,10001,2026-09-21,2026-09-28
900000000012263,1004,SH01,98101,2026-07-11,2026-09-28
900000000012264,1008,SH02,14201,2026-10-11,2026-05-09
900000000012265,1003,SH01,33101,2026-07-02,2026-10-31
900000000012266,1005,SH03,60601,2026-10-31,2026-07-27
900000000012267,1005,SH01,60601,2026-05-24,2026-08-17
900000000012268,1006,SH03,33101,2026-07-10,2026-09-29
900000000012269,1006,SH01,80201,2026-06-09,2026-10-31
900000000012270,1010,SH01,33101,2026-06-26,2026-06-29
900000000012271,1004,SH01,30301,2026-07-10,2026-05-24
900000000012272,1008,SH03,98101,2026-10-21,2026-10-11
900000000012273,1002,SH03,14201,2026-09-28,2026-06-09
900000000012274,1009,SH02,10001,2026-05-24,2026-06-27
900000000012275,1003,SH02,80201,2026-06-10,2026-10-21
900000000012276,1009,SH03,10001,2026-10-31,2026-05-24
900000000012277,1009,SH03,14201,2026-05-09,2026-11-05
900000000012278,1004,SH02,33101,2026-11-24,2026-10-21
900000000012279,1007,SH03,98101,2026-10-31,2026-05-08
900000000012280,1004,SH03,80201,2026-06-26,2026-09-21
900000000012281,1006,SH03,80201,2026-06-10,2026-10-26
900000000012282,1004,SH03,80201,2026-07-10,2026-06-10
900000000012283,1004,SH02,80201,2026-11-05,2026-11-24
900000000012284,1009,SH03,33101,2026-07-27,2026-06-09
900000000012285,1007,SH01,98101,2026-05-08,2026-11-24
900000000012286,1007,SH01,80201,2026-10-11,2026-05-08
900000000012287,1009,SH03,10001,2026-10-26,2026-07-02
900000000012288,1002,SH02,75201,2026-06-27,2026-07-27
900000000012289,1006,SH02,60601,2026-10-26,2026-07-02
900000000012290,1008,SH02,60652,2026-10-11,2026-05-07
900000000012291,1009,SH02,90210,2026-07-27,2026-10-02
900000000012292,1010,SH03,98101,2026-05-09,2026-10-27
900000000012293,1007,SH03,60652,2026-06-29,2026-10-26
900000000012294,1006,SH02,98101,2026-10-31,2026-11-11
900000000012295,1001,SH02,10001,2026-11-24,2026-05-02
900000000012296,1007,SH01,98101,2026-11-05,2026-05-09
900000000012297,1008,SH02,80201,2026-05-24,2026-07-10
900000000012298,1007,SH03,14201,2026-05-02,2026-11-24
900000000012299,1010,SH03,30301,2026-11-24,2026-10-31
900000000012300,1008,SH01,98101,2026-05-24,2026-05-09
900000000012301,1005,SH03,90210,2026-11-24,2026-06-09
900000000012302,1007,SH02,80201,2026-10-14,2026-10-26
900000000012303,1003,SH01,14201,2026-09-29,2026-09-28
900000000012304,1010,SH01,98101,2026-11-11,2026-10-27
900000000012305,1004,SH01,14201,2026-10-27,2026-09-21
900000000012306,1003,SH03,98101,2026-06-09,2026-06-27
900000000012307,1010,SH02,80201,2026-10-14,2026-11-23
900000000012308,1001,SH03,14201,2026-05-09,2026-06-29
900000000012309,1004,SH03,33101,2026-05-09,2026-07-27
900000000012310,1005,SH03,30301,2026-11-24,2026-09-29
900000000012311,1007,SH01,10001,2026-10-11,2026-06-09
900000000012312,1001,SH02,10001,2026-10-14,2026-10-26
900000000012313,1001,SH03,10001,2026-10-14,2026-10-14
900000000012314,1006,SH02,60601,2026-10-14,2026-10-31
900000000012315,1010,SH01,10001,2026-10-14,2026-10-26
900000000012316,1005,SH02,33101,2026-06-26,2026-05-02
900000000012317,1004,SH02,30301,2026-09-29,2026-10-11
900000000012318,1004,SH02,14201,2026-07-27,2026-11-24
900000000012319,1002,SH02,30301,2026-08-17,2026-10-02
900000000012320,1007,SH01,80201,2026-07-11,2026-09-29
900000000012321,1008,SH03,30301,2026-07-10,2026-10-14
900000000012322,1008,SH03,75201,2026-11-05,2026-07-10
900000000012323,1008,SH02,14201,2026-05-07,2026-06-26
900000000012324,1007,SH01,75201,2026-10-26,2026-05-24
900000000012325,1010,SH02,10001,2026-10-27,2026-05-09
900000000012326,1004,SH03,60652,2026-10-26,2026-10-26
900000000012327,1008,SH03,10001,2026-06-29,2026-07-10
900000000012328,1010,SH03,80201,2026-10-27,2026-07-10
900000000012329,1008,SH02,60652,2026-09-28,2026-10-14
900000000012330,1007,SH03,14201,2026-06-27,2026-08-17
900000000012331,1001,SH03,98101,2026-10-27,2026-10-02
900000000012332,1009,SH01,30301,2026-05-09,2026-05-09
900000000012333,1006,SH03,98101,2026-08-17,2026-10-11
900000000012334,1007,SH01,80201,2026-06-10,2026-10-26
900000000012335,1010,SH01,90210,2026-09-21,2026-06-27
900000000012336,1010,SH03,98101,2026-07-27,2026-06-09
900000000012337,1010,SH02,30301,2026-10-21,2026-10-21
900000000012338,1010,SH01,75201,2026-10-27,2026-07-11
900000000012339,1003,SH02,98101,2026-05-07,2026-10-02
900000000012340,1003,SH01,60652,2026-05-24,2026-11-05
900000000012341,1003,SH01,98101,2026-11-11,2026-10-31
900000000012342,1007,SH03,30301,2026-11-24,2026-11-05
900000000012343,1002,SH03,98101,2026-07-02,2026-06-26
900000000012344,1004,SH01,90210,2026-10-11,2026-08-16
900000000012345,1004,SH01,33101,2026-08-16,2026-07-11
900000000012346,1004,SH03,10001,2026-07-11,2026-08-16
900000000012347,1009,SH02,75201,2026-10-31,2026-07-10
900000000012348,1009,SH01,75201,2026-09-21,2026-07-11
900000000012349,1010,SH02,60652,2026-05-02,2026-08-17
900000000012350,1007,SH02,75201,2026-08-17,2026-09-28
900000000012351,1003,SH03,60652,2026-07-10,2026-10-14
900000000012352,1003,SH02,60601,2026-06-09,2026-06-26
900000000012353,1003,SH03,98101,2026-10-11,2026-10-14
900000000012354,1002,SH02,90210,2026-11-05,2026-11-23
900000000012355,1009,SH03,75201,2026-05-24,2026-09-29
900000000012356,1004,SH01,33101,2026-10-14,2026-09-21
900000000012357,1001,SH02,90210,2026-09-28,2026-06-10
900000000012358,1006,SH01,14201,2026-06-29,2026-05-07
900000000012359,1009,SH03,60652,2026-06-09,2026-07-02
900000000012360,1007,SH03,10001,2026-07-02,2026-08-17
900000000012361,1002,SH03,75201,2026-07-11,2026-10-14
900000000012362,1003,SH03,90210,2026-10-11,2026-11-05
900000000012363,1008,SH01,30301,2026-06-26,2026-09-29
900000000012364,1006,SH03,90210,2026-10-27,2026-11-11
900000000012365,1003,SH03,14201,2026-09-29,2026-09-29
900000000012366,1002,SH02,75201,2026-09-28,2026-11-05
900000000012367,1009,SH01,60652,2026-11-23,2026-06-29
900000000012368,1001,SH01,30301,2026-06-27,2026-06-10
900000000012369,1007,SH02,80201,2026-05-08,2026-07-11
900000000012370,1005,SH03,75201,2026-10-27,2026-05-24
900000000012371,1006,SH03,30301,2026-08-16,2026-09-29
900000000012372,1010,SH01,60652,2026-06-29,2026-09-21
900000000012373,1001,SH02,98101,2026-05-07,2026-06-26
900000000012374,1008,SH01,33101,2026-06-29,2026-07-10
900000000012375,1007,SH02,80201,2026-11-05,2026-10-02
900000000012376,1002,SH02,10001,2026-07-02,2026-09-21
900000000012377,1004,SH02,60652,2026-10-14,2026-11-05
900000000012378,1008,SH03,30301,2026-06-10,2026-07-10
900000000012379,1010,SH01,80201,2026-11-23,2026-05-24
900000000012380,1001,SH02,33101,2026-06-27,2026-06-27
900000000012381,1003,SH02,14201,2026-11-24,2026-10-21
900000000012382,1002,SH02,75201,2026-06-10,2026-11-11
900000000012383,1005,SH01,75201,2026-10-14,2026-11-11
900000000012384,1010,SH03,33101,2026-10-21,2026-05-24
900000000012385,1010,SH02,90210,2026-10-14,2026-05-02
900000000012386,1005,SH03,60601,2026-07-27,2026-06-10
900000000012387,1008,SH02,60652,2026-11-11,2026-06-10
900000000012388,1009,SH02,60652,2026-10-21,2026-05-09
900000000012389,1008,SH01,90210,2026-08-16,2026-05-24
900000000012390,1009,SH01,60601,2026-10-11,2026-06-10
900000000012391,1004,SH02,60601,2026-07-27,2026-10-27
900000000012392,1007,SH01,98101,2026-06-27,2026-10-27
900000000012393,1009,SH01,98101,2026-09-29,2026-08-17
900000000012394,1006,SH02,75201,2026-07-10,2026-09-28
900000000012395,1005,SH03,33101,2026-06-10,2026-10-26
900000000012396,1007,SH01,75201,2026-10-11,2026-09-21
900000000012397,1002,SH01,60601,2026-10-31,2026-06-26
900000000012398,1001,SH03,30301,2026-07-10,2026-05-07
900000000012399,1009,SH03,75201,2026-05-08,2026-07-11
900000000012400,1008,SH02,60652,2026-10-31,2026-06-27
900000000012401,1008,SH03,60652,2026-10-02,2026-10-11
900000000012402,1001,SH01,98101,2026-05-07,2026-05-08
900000000012403,1003,SH03,75201,2026-10-14,2026-07-10
900000000012404,1003,SH02,75201,2026-07-11,2026-05-02
900000000012405,1005,SH03,10001,2026-10-31,2026-09-21
900000000012406,1004,SH01,33101,2026-11-23,2026-06-29
900000000012407,1005,SH03,75201,2026-05-24,2026-05-07
900000000012408,1006,SH03,14201,2026-09-29,2026-06-29
900000000012409,1002,SH02,30301,2026-06-26,2026-11-23
900000000012410,1002,SH01,60601,2026-05-08,2026-09-28
900000000012411,1006,SH01,14201,2026-08-16,2026-06-29
900000000012412,1003,SH03,75201,2026-08-17,2026-07-10
900000000012413,1001,SH03,10001,2026-05-09,2026-10-21
900000000012414,1003,SH01,60601,2026-06-10,2026-06-10
900000000012415,1003,SH02,30301,2026-05-24,2026-07-10
900000000012416,1004,SH02,90210,2026-09-21,2026-05-08
900000000012417,1008,SH03,10001,2026-09-29,2026-08-16
900000000012418,1010,SH01,30301,2026-09-28,2026-10-02
900000000012419,1008,SH01,60652,2026-11-05,2026-11-05
900000000012420,1010,SH03,33101,2026-09-28,2026-05-02
900000000012421,1007,SH03,75201,2026-10-26,2026-07-11
900000000012422,1008,SH01,80201,2026-10-21,2026-11-23
900000000012423,1005,SH02,10001,2026-09-28,2026-09-28
900000000012424,1002,SH03,98101,2026-10-27,2026-09-29
900000000012425,1010,SH03,80201,2026-08-16,2026-05-08
900000000012426,1007,SH02,75201,2026-11-05,2026-06-26
900000000012427,1001,SH02,14201,2026-11-24,2026-11-24
900000000012428,1008,SH03,75201,2026-05-09,2026-11-11
900000000012429,1004,SH03,75201,2026-08-16,2026-07-27
900000000012430,1007,SH03,75201,2026-11-24,2026-09-29
900000000012431,1001,SH01,33101,2026-07-10,2026-06-29
900000000012432,1001,SH03,80201,2026-11-05,2026-09-29
900000000012433,1006,SH01,98101,2026-10-27,2026-09-21
900000000012434,1005,SH03,30301,2026-06-09,2026-06-09
900000000012435,1003,SH01,90210,2026-05-08,2026-09-21
900000000012436,1001,SH01,75201,2026-08-16,2026-07-11
900000000012437,1004,SH02,60601,2026-08-16,2026-08-16
900000000012438,1007,SH02,14201,2026-06-09,2026-05-08
900000000012439,1009,SH02,90210,2026-10-14,2026-11-24
900000000012440,1006,SH02,30301,2026-10-11,2026-07-10
900000000012441,1009,SH01,10001,2026-06-09,2026-09-28
900000000012442,1003,SH02,10001,2026-06-29,2026-11-11
900000000012443,1008,SH03,60601,2026-05-08,2026-05-09
900000000012444,1001,SH03,30301,2026-09-29,2026-09-29
900000000012445,1006,SH01,33101,2026-06-29,2026-06-09
900000000012446,1009,SH01,80201,2026-06-09,2026-08-16
900000000012447,1008,SH02,14201,2026-10-26,2026-06-10
900000000012448,1001,SH02,33101,2026-06-29,2026-06-26
900000000012449,1003,SH01,98101,2026-06-26,2026-10-31
900000000012450,1010,SH01,60652,2026-11-23,2026-07-11
900000000012451,1003,SH03,60601,2026-10-31,2026-05-07
900000000012452,1007,SH03,10001,2026-05-02,2026-10-02
900000000012453,1002,SH02,80201,2026-05-09,2026-05-08
900000000012454,1010,SH02,80201,2026-08-17,2026-08-17
900000000012455,1007,SH02,60601,2026-05-07,2026-09-21
900000000012456,1006,SH03,80201,2026-07-27,2026-10-14
900000000012457,1003,SH02,10001,2026-07-11,2026-06-27
900000000012458,1006,SH03,60652,2026-10-27,2026-05-09
900000000012459,1003,SH01,98101,2026-08-17,2026-09-28
900000000012460,1009,SH01,10001,2026-11-24,2026-10-27
900000000012461,1005,SH01,30301,2026-05-02,2026-09-29
900000000012462,1002,SH02,75201,2026-05-08,2026-05-09
900000000012463,1002,SH02,90210,2026-05-24,2026-05-09
900000000012464,1010,SH01,60652,2026-11-11,2026-10-02
900000000012465,1003,SH03,14201,2026-05-07,2026-11-24
900000000012466,1002,SH03,10001,2026-10-21,2026-05-02
900000000012467,1004,SH03,33101,2026-07-27,2026-10-31
900000000012468,1002,SH01,30301,2026-08-16,2026-11-23
900000000012469,1010,SH03,80201,2026-11-23,2026-06-27
900000000012470,1005,SH02,33101,2026-06-09,2026-05-07
900000000012471,1009,SH03,60652,2026-11-23,2026-10-26
900000000012472,1008,SH03,60601,2026-09-29,2026-11-23
900000000012473,1006,SH01,98101,2026-10-02,2026-05-09
900000000012474,1004,SH03,60652,2026-10-21,2026-05-07
900000000012475,1007,SH01,98101,2026-07-10,2026-09-29
900000000012476,1007,SH03,80201,2026-10-11,2026-06-27
900000000012477,1002,SH03,98101,2026-06-27,2026-09-21
900000000012478,1010,SH01,33101,2026-06-29,2026-05-24
900000000012479,1009,SH03,75201,2026-10-11,2026-11-23
900000000012480,1002,SH01,60601,2026-11-11,2026-11-05
900000000012481,1001,SH01,33101,2026-08-17,2026-10-11
900000000012482,1007,SH02,30301,2026-10-02,2026-05-07
900000000012483,1010,SH02,30301,2026-10-02,2026-07-02
900000000012484,1004,SH01,60652,2026-10-26,2026-10-27
900000000012485,1009,SH01,14201,2026-07-27,2026-11-24
900000000012486,1002,SH03,90210,2026-05-08,2026-10-31
900000000012487,1002,SH02,14201,2026-06-29,2026-10-26
900000000012488,1010,SH01,10001,2026-08-17,2026-10-31
900000000012489,1007,SH01,90210,2026-09-21,2026-11-23
900000000012490,1007,SH02,80201,2026-08-16,2026-06-09
900000000012491,1002,SH03,60652,2026-09-21,2026-10-26
900000000012492,1005,SH03,60601,2026-06-09,2026-06-10
900000000012493,1009,SH01,33101,2026-08-16,2026-06-10
900000000012494,1008,SH03,75201,2026-07-02,2026-05-24
900000000012495,1004,SH02,98101,2026-05-02,2026-06-29
900000000012496,1006,SH03,30301,2026-07-02,2026-10-14
900000000012497,1007,SH02,98101,2026-06-27,2026-10-27
900000000012498,1004,SH01,10001,2026-10-11,2026-10-21
900000000012499,1008,SH03,30301,2026-05-08,2026-05-08
900000000012500,1007,SH03,80201,2026-06-09,2026-07-02
900000000012501,1004,SH03,98101,2026-06-09,2026-07-27
900000000012502,1007,SH03,75201,2026-10-14,2026-11-23
900000000012503,1003,SH01,60652,2026-06-27,2026-11-24
900000000012504,1007,SH01,30301,2026-05-02,2026-05-02
900000000012505,1005,SH01,60652,2026-09-21,2026-10-11
900000000012506,1009,SH03,80201,2026-10-27,2026-09-21
900000000012507,1004,SH02,33101,2026-08-17,2026-06-09
900000000012508,1008,SH02,30301,2026-09-21,2026-05-24
900000000012509,1007,SH01,98101,2026-06-10,2026-10-27
900000000012510,1007,SH01,98101,2026-05-09,2026-08-17
900000000012511,1002,SH03,33101,2026-07-11,2026-11-24
900000000012512,1009,SH02,60652,2026-11-24,2026-06-29
900000000012513,1001,SH01,75201,2026-07-11,2026-10-31
900000000012514,1001,SH03,80201,2026-08-17,2026-11-23
900000000012515,1005,SH02,33101,2026-08-16,2026-05-02
900000000012516,1001,SH01,33101,2026-11-05,2026-10-14
900000000012517,1008,SH03,30301,2026-10-02,2026-06-27
900000000012518,1008,SH03,10001,2026-06-09,2026-10-14
900000000012519,1002,SH01,30301,2026-05-09,2026-06-26
900000000012520,1001,SH01,10001,2026-07-10,2026-06-26
900000000012521,1002,SH02,30301,2026-08-16,2026-07-02
900000000012522,1009,SH01,80201,2026-05-24,2026-11-23
900000000012523,1008,SH02,60652,2026-11-23,2026-08-16
900000000012524,1005,SH02,90210,2026-05-08,2026-06-26
900000000012525,1005,SH01,33101,2026-10-31,2026-06-26
900000000012526,1003,SH01,14201,2026-10-14,2026-10-31
900000000012527,1007,SH03,98101,2026-11-11,2026-11-11
900000000012528,1007,SH03,90210,2026-07-10,2026-10-14
900000000012529,1009,SH02,80201,2026-09-28,2026-11-23
900000000012530,1007,SH03,75201,2026-09-21,2026-09-29
900000000012531,1001,SH03,14201,2026-07-11,2026-10-11
900000000012532,1010,SH03,10001,2026-09-29,2026-06-26
900000000012533,1003,SH02,75201,2026-06-26,2026-11-24
900000000012534,1003,SH02,30301,2026-06-27,2026-09-21
900000000012535,1010,SH01,60601,2026-10-27,2026-11-24
900000000012536,1009,SH01,10001,2026-05-24,2026-10-14
900000000012537,1009,SH02,30301,2026-09-21,2026-06-26
900000000012538,1007,SH02,14201,2026-11-23,2026-09-28
900000000012539,1006,SH01,98101,2026-09-29,2026-11-23
900000000012540,1006,SH02,80201,2026-06-26,2026-11-23
900000000012541,1001,SH02,75201,2026-05-07,2026-10-21
900000000012542,1001,SH03,30301,2026-06-26,2026-11-05
900000000012543,1004,SH02,60601,2026-11-24,2026-10-11
900000000012544,1001,SH02,60601,2026-05-07,2026-08-17
900000000012545,1001,SH03,14201,2026-11-05,2026-10-26
900000000012546,1002,SH02,60652,2026-06-27,2026-05-09
900000000012547,1005,SH03,10001,2026-05-07,2026-06-29
900000000012548,1007,SH03,14201,2026-10-11,2026-07-27
900000000012549,1010,SH03,33101,2026-06-29,2026-09-21
900000000012550,1004,SH02,75201,2026-06-29,2026-05-08
900000000012551,1004,SH02,98101,2026-06-09,2026-10-11
900000000012552,1003,SH03,14201,2026-06-10,2026-06-26
900000000012553,1010,SH01,90210,2026-09-29,2026-09-28
900000000012554,1001,SH02,80201,2026-06-26,2026-08-17
900000000012555,1001,SH02,60652,2026-05-08,2026-05-02
900000000012556,1005,SH03,30301,2026-10-14,2026-10-31
900000000012557,1008,SH01,33101,2026-09-29,2026-05-02
900000000012558,1004,SH02,80201,2026-07-10,2026-10-27
900000000012559,1004,SH01,75201,2026-05-24,2026-07-02
900000000012560,1009,SH01,60601,2026-09-28,2026-07-27
900000000012561,1004,SH03,10001,2026-06-10,2026-10-31
900000000012562,1001,SH03,80201,2026-08-17,2026-10-26
900000000012563,1002,SH03,90210,2026-05-02,2026-06-10
900000000012564,1003,SH02,98101,2026-10-21,2026-07-11
900000000012565,1005,SH02,80201,2026-09-21,2026-08-17
900000000012566,1003,SH03,14201,2026-11-23,2026-10-27
900000000012567,1007,SH02,14201,2026-10-02,2026-10-14
900000000012568,1008,SH01,90210,2026-07-10,2026-09-29
900000000012569,1007,SH03,33101,2026-06-10,2026-07-27
900000000012570,1006,SH02,60601,2026-10-14,2026-07-10
900000000012571,1001,SH01,30301,2026-07-27,2026-06-29
900000000012572,1003,SH02,14201,2026-07-27,2026-06-09
900000000012573,1004,SH01,33101,2026-06-27,2026-11-05
900000000012574,1002,SH01,30301,2026-07-27,2026-11-05
900000000012575,1005,SH01,80201,2026-10-27,2026-10-14
900000000012576,1005,SH02,10001,2026-07-10,2026-11-11
900000000012577,1005,SH03,98101,2026-11-24,2026-08-16
900000000012578,1010,SH02,75201,2026-05-02,2026-07-27
900000000012579,1009,SH02,75201,2026-05-08,2026-05-02
900000000012580,1006,SH03,60601,2026-09-28,2026-06-26
900000000012581,1010,SH01,10001,2026-09-29,2026-06-10
900000000012582,1002,SH02,90210,2026-06-26,2026-06-26
900000000012583,1008,SH01,98101,2026-08-16,2026-07-02
900000000012584,1008,SH03,60601,2026-11-24,2026-10-11
900000000012585,1002,SH01,75201,2026-11-24,2026-11-05
900000000012586,1006,SH02,14201,2026-06-29,2026-06-09
900000000012587,1010,SH02,60601,2026-05-09,2026-10-11
900000000012588,1010,SH02,60652,2026-06-29,2026-11-05
900000000012589,1003,SH03,30301,2026-05-24,2026-06-09
900000000012590,1005,SH01,60601,2026-08-16,2026-09-29
900000000012591,1009,SH03,14201,2026-09-29,2026-09-29
900000000012592,1007,SH02,60652,2026-06-09,2026-09-29
900000000012593,1002,SH02,33101,2026-10-14,2026-09-29
900000000012594,1006,SH02,33101,2026-05-09,2026-06-10
900000000012595,1005,SH01,30301,2026-05-07,2026-05-09
900000000012596,1001,SH02,10001,2026-08-16,2026-07-27
900000000012597,1001,SH03,60652,2026-10-21,2026-07-02
900000000012598,1006,SH02,80201,2026-07-10,2026-11-24
900000000012599,1001,SH03,14201,2026-09-21,2026-06-26
900000000012600,1006,SH02,14201,2026-10-21,2026-10-11
900000000012601,1003,SH02,80201,2026-07-27,2026-06-26
900000000012602,1005,SH02,90210,2026-06-27,2026-10-11
900000000012603,1002,SH03,75201,2026-06-26,2026-11-23
900000000012604,1006,SH01,10001,2026-07-10,2026-11-24
900000000012605,1007,SH02,90210,2026-10-21,2026-05-24
900000000012606,1010,SH01,30301,2026-08-17,2026-05-09
900000000012607,1007,SH03,14201,2026-09-28,2026-05-08
900000000012608,1004,SH01,33101,2026-11-24,2026-11-11
900000000012609,1007,SH01,30301,2026-10-11,2026-09-29
900000000012610,1004,SH01,30301,2026-10-21,2026-07-11
900000000012611,1003,SH02,14201,2026-05-07,2026-09-28
900000000012612,1001,SH01,14201,2026-09-29,2026-10-26
900000000012613,1001,SH01,80201,2026-11-24,2026-06-26
900000000012614,1009,SH02,98101,2026-06-26,2026-08-17
900000000012615,1005,SH01,60601,2026-06-10,2026-05-08
900000000012616,1005,SH01,14201,2026-09-21,2026-05-08
900000000012617,1001,SH02,90210,2026-07-27,2026-06-26
900000000012618,1001,SH03,30301,2026-09-29,2026-10-21
900000000012619,1007,SH01,98101,2026-06-29,2026-06-10
900000000012620,1006,SH02,33101,2026-10-31,2026-06-29
900000000012621,1007,SH01,75201,2026-08-16,2026-05-07
900000000012622,1009,SH01,10001,2026-11-24,2026-11-11
900000000012623,1007,SH01,60652,2026-10-26,2026-06-10
900000000012624,1003,SH01,75201,2026-05-02,2026-10-31
900000000012625,1001,SH02,80201,2026-05-08,2026-05-07
900000000012626,1006,SH02,75201,2026-07-02,2026-06-09
900000000012627,1005,SH02,10001,2026-11-24,2026-10-21
900000000012628,1006,SH02,90210,2026-10-31,2026-06-10
900000000012629,1009,SH03,60601,2026-07-10,2026-10-27
900000000012630,1002,SH02,14201,2026-10-02,2026-10-21
900000000012631,1006,SH02,14201,2026-06-10,2026-11-23
900000000012632,1001,SH03,90210,2026-11-05,2026-06-10
900000000012633,1003,SH01,98101,2026-10-31,2026-05-24
900000000012634,1008,SH02,33101,2026-10-26,2026-10-21
900000000012635,1002,SH02,90210,2026-06-09,2026-11-24
900000000012636,1008,SH03,60601,2026-11-24,2026-05-09
900000000012637,1010,SH03,98101,2026-06-29,2026-06-26
900000000012638,1007,SH03,75201,2026-07-10,2026-10-02
900000000012639,1008,SH03,14201,2026-10-27,2026-11-23
900000000012640,1007,SH02,10001,2026-06-10,2026-07-11
900000000012641,1006,SH02,98101,2026-10-31,2026-10-21
900000000012642,1006,SH01,60652,2026-09-28,2026-11-05
900000000012643,1010,SH02,33101,2026-11-23,2026-07-27
900000000012644,1002,SH01,98101,2026-11-11,2026-05-07
900000000012645,1003,SH03,98101,2026-07-27,2026-10-21
900000000012646,1006,SH01,60652,2026-06-29,2026-09-21
900000000012647,1006,SH03,98101,2026-11-23,2026-06-27
900000000012648,1001,SH01,75201,2026-06-09,2026-05-07
900000000012649,1002,SH03,60601,2026-09-21,2026-10-02
900000000012650,1003,SH01,98101,2026-08-17,2026-10-27
900000000012651,1008,SH02,90210,2026-10-02,2026-10-11
900000000012652,1008,SH01,90210,2026-11-23,2026-05-02
900000000012653,1008,SH02,80201,2026-11-11,2026-08-16
900000000012654,1008,SH01,80201,2026-06-09,2026-05-02
900000000012655,1006,SH01,90210,2026-07-27,2026-05-24
900000000012656,1008,SH02,14201,2026-10-26,2026-07-11
900000000012657,1005,SH03,98101,2026-05-09,2026-06-27
900000000012658,1004,SH01,80201,2026-10-27,2026-10-21
900000000012659,1007,SH01,60652,2026-05-09,2026-05-08
900000000012660,1007,SH03,60652,2026-05-02,2026-06-29
900000000012661,1010,SH01,75201,2026-05-24,2026-06-27
900000000012662,1007,SH02,90210,2026-05-24,2026-05-08
900000000012663,1007,SH02,14201,2026-11-05,2026-10-26
900000000012664,1008,SH03,30301,2026-08-16,2026-10-14
900000000012665,1003,SH03,60601,2026-07-02,2026-07-27
900000000012666,1007,SH02,80201,2026-11-24,2026-06-26
900000000012667,1006,SH02,90210,2026-08-16,2026-06-26
900000000012668,1005,SH03,10001,2026-07-02,2026-10-26
900000000012669,1007,SH02,14201,2026-11-24,2026-06-27
900000000012670,1002,SH03,98101,2026-10-14,2026-08-16
900000000012671,1006,SH02,90210,2026-06-27,2026-07-02
900000000012672,1004,SH01,90210,2026-11-05,2026-10-02
900000000012673,1006,SH02,33101,2026-07-10,2026-05-07
900000000012674,1003,SH03,98101,2026-08-16,2026-10-26
900000000012675,1001,SH02,98101,2026-05-02,2026-06-26
900000000012676,1006,SH02,14201,2026-06-29,2026-07-02
900000000012677,1001,SH02,98101,2026-08-17,2026-06-10
900000000012678,1009,SH03,90210,2026-11-24,2026-07-10
900000000012679,1008,SH03,60601,2026-11-05,2026-06-10
900000000012680,1003,SH01,30301,2026-11-24,2026-05-09
900000000012681,1004,SH02,80201,2026-10-21,2026-06-10
900000000012682,1006,SH01,60601,2026-10-26,2026-05-07
900000000012683,1006,SH01,75201,2026-06-29,2026-11-11
900000000012684,1001,SH02,33101,2026-09-28,2026-07-11
900000000012685,1002,SH01,98101,2026-07-11,2026-09-28
900000000012686,1008,SH03,90210,2026-05-02,2026-10-31
900000000012687,1006,SH01,33101,2026-10-11,2026-07-10
900000000012688,1009,SH01,80201,2026-05-07,2026-05-24
900000000012689,1004,SH03,75201,2026-05-02,2026-06-26
900000000012690,1006,SH02,14201,2026-06-27,2026-08-16
900000000012691,1009,SH03,90210,2026-11-23,2026-07-27
900000000012692,1002,SH03,10001,2026-07-27,2026-08-16
900000000012693,1006,SH02,75201,2026-10-21,2026-06-09
900000000012694,1006,SH02,30301,2026-07-02,2026-05-24
900000000012695,1003,SH03,90210,2026-10-11,2026-06-29
900000000012696,1001,SH01,90210,2026-06-26,2026-10-02
900000000012697,1007,SH01,75201,2026-11-05,2026-05-07
900000000012698,1008,SH01,80201,2026-10-14,2026-06-26
900000000012699,1009,SH02,60652,2026-10-26,2026-06-29
900000000012700,1006,SH01,80201,2026-10-14,2026-10-31
900000000012701,1001,SH02,75201,2026-10-02,2026-08-16
900000000012702,1009,SH03,10001,2026-05-02,2026-11-23
900000000012703,1010,SH01,60652,2026-05-07,2026-06-27
900000000012704,1003,SH01,30301,2026-09-21,2026-10-21
900000000012705,1009,SH01,10001,2026-10-02,2026-10-14
900000000012706,1001,SH02,60652,2026-05-08,2026-08-17
900000000012707,1008,SH02,30301,2026-07-11,2026-09-29
900000000012708,1001,SH03,30301,2026-11-05,2026-05-24
900000000012709,1004,SH02,10001,2026-10-26,2026-10-26
900000000012710,1004,SH01,60652,2026-09-21,2026-05-08
900000000012711,1001,SH01,80201,2026-06-10,2026-05-09
900000000012712,1007,SH01,90210,2026-11-11,2026-06-10
900000000012713,1010,SH02,90210,2026-10-26,2026-09-21
900000000012714,1003,SH01,10001,2026-11-23,2026-07-02
900000000012715,1009,SH03,75201,2026-06-29,2026-06-29
900000000012716,1010,SH02,80201,2026-10-27,2026-06-27
900000000012717,1008,SH03,30301,2026-10-26,2026-08-16
900000000012718,1005,SH02,14201,2026-05-02,2026-06-29
900000000012719,1001,SH01,30301,2026-05-08,2026-05-08
900000000012720,1009,SH02,98101,2026-10-11,2026-07-11
900000000012721,1005,SH03,14201,2026-06-10,2026-08-16
900000000012722,1001,SH01,60652,2026-07-10,2026-11-11
900000000012723,1009,SH01,30301,2026-06-09,2026-05-08
900000000012724,1009,SH02,98101,2026-05-08,2026-07-27
900000000012725,1006,SH01,98101,2026-10-26,2026-05-08
900000000012726,1007,SH01,10001,2026-06-26,2026-07-02
900000000012727,1005,SH01,80201,2026-06-10,2026-05-07
900000000012728,1001,SH03,33101,2026-06-10,2026-06-27
900000000012729,1003,SH01,30301,2026-07-10,2026-11-11
900000000012730,1009,SH03,90210,2026-10-27,2026-11-05
900000000012731,1008,SH03,10001,2026-11-24,2026-06-26
900000000012732,1007,SH02,60652,2026-06-27,2026-09-21
900000000012733,1001,SH03,30301,2026-05-24,2026-06-09
900000000012734,1006,SH01,33101,2026-09-21,2026-10-11
900000000012735,1005,SH01,33101,2026-11-24,2026-10-11
900000000012736,1002,SH03,75201,2026-10-26,2026-09-21
900000000012737,1007,SH03,98101,2026-05-08,2026-08-16
900000000012738,1002,SH03,14201,2026-07-27,2026-05-02
900000000012739,1004,SH01,60652,2026-07-27,2026-06-09
900000000012740,1002,SH03,80201,2026-08-17,2026-11-11
900000000012741,1010,SH03,80201,2026-07-02,2026-07-11
900000000012742,1005,SH03,60601,2026-11-23,2026-10-11
900000000012743,1009,SH03,33101,2026-08-17,2026-06-09
900000000012744,1005,SH03,98101,2026-05-09,2026-05-09
900000000012745,1002,SH02,30301,2026-05-09,2026-05-09
900000000012746,1001,SH02,14201,2026-09-29,2026-05-09
900000000012747,1002,SH01,90210,2026-11-05,2026-10-26
900000000012748,1006,SH02,60652,2026-07-27,2026-10-02
900000000012749,1005,SH01,14201,2026-11-24,2026-11-23
900000000012750,1003,SH03,60652,2026-10-02,2026-10-31
900000000012751,1009,SH01,90210,2026-10-26,2026-10-21
900000000012752,1001,SH03,30301,2026-08-17,2026-06-26
900000000012753,1010,SH01,90210,2026-06-26,2026-05-07
900000000012754,1003,SH01,75201,2026-05-07,2026-11-05
900000000012755,1007,SH02,10001,2026-09-29,2026-05-08
900000000012756,1005,SH01,10001,2026-06-27,2026-09-29
900000000012757,1005,SH01,90210,2026-05-02,2026-10-02
900000000012758,1007,SH01,10001,2026-11-11,2026-10-11
900000000012759,1001,SH03,60652,2026-09-21,2026-11-11
900000000012760,1003,SH01,75201,2026-11-11,2026-07-10
900000000012761,1004,SH03,90210,2026-07-27,2026-09-29
900000000012762,1008,SH03,90210,2026-07-11,2026-05-09
900000000012763,1002,SH03,14201,2026-10-26,2026-07-02
900000000012764,1002,SH02,60601,2026-09-29,2026-11-24
900000000012765,1004,SH01,60601,2026-10-02,2026-09-21
900000000012766,1009,SH01,33101,2026-08-17,2026-11-24
900000000012767,1001,SH02,14201,2026-09-21,2026-07-10
900000000012768,1007,SH02,10001,2026-10-27,2026-11-11
900000000012769,1010,SH02,30301,2026-05-24,2026-05-07
900000000012770,1009,SH03,33101,2026-06-10,2026-11-05
900000000012771,1008,SH02,30301,2026-05-08,2026-11-23
900000000012772,1008,SH03,60652,2026-09-28,2026-08-17
900000000012773,1009,SH02,75201,2026-09-28,2026-06-10
900000000012774,1001,SH02,75201,2026-10-02,2026-10-31
900000000012775,1003,SH03,30301,2026-06-10,2026-10-02
900000000012776,1007,SH02,10001,2026-07-02,2026-07-02
900000000012777,1003,SH01,33101,2026-09-29,2026-08-16
900000000012778,1002,SH01,98101,2026-06-10,2026-05-09
900000000012779,1005,SH02,60601,2026-08-16,2026-10-14
900000000012780,1008,SH02,98101,2026-06-09,2026-06-29
900000000012781,1004,SH02,60601,2026-05-08,2026-05-09
900000000012782,1006,SH02,90210,2026-06-10,2026-05-07
900000000012783,1003,SH01,14201,2026-06-29,2026-06-09
900000000012784,1006,SH03,98101,2026-10-11,2026-10-02
900000000012785,1007,SH02,30301,2026-10-14,2026-10-21
900000000012786,1009,SH02,75201,2026-06-09,2026-07-27
900000000012787,1003,SH01,10001,2026-09-29,2026-07-27
900000000012788,1010,SH03,75201,2026-05-07,2026-11-23
900000000012789,1007,SH03,14201,2026-06-10,2026-06-10
900000000012790,1005,SH01,33101,2026-09-29,2026-05-07
900000000012791,1003,SH01,90210,2026-11-24,2026-06-29
900000000012792,1009,SH01,90210,2026-07-10,2026-05-24
900000000012793,1003,SH03,60652,2026-08-16,2026-11-05
900000000012794,1005,SH02,80201,2026-06-09,2026-09-29
900000000012795,1001,SH03,60601,2026-10-14,2026-10-11
900000000012796,1010,SH03,75201,2026-05-24,2026-05-07
900000000012797,1004,SH01,33101,2026-06-10,2026-11-05
900000000012798,1009,SH01,75201,2026-05-07,2026-07-11
900000000012799,1002,SH03,75201,2026-09-21,2026-06-10
900000000012800,1002,SH02,80201,2026-06-26,2026-11-05
900000000012801,1007,SH02,90210,2026-05-02,2026-10-31
900000000012802,1004,SH02,60601,2026-10-31,2026-07-11
900000000012803,1007,SH02,75201,2026-08-16,2026-09-21
900000000012804,1002,SH03,33101,2026-10-31,2026-06-26
900000000012805,1010,SH03,14201,2026-07-10,2026-11-11
900000000012806,1004,SH01,30301,2026-06-10,2026-05-07
900000000012807,1003,SH01,10001,2026-05-02,2026-05-02
900000000012808,1002,SH02,60601,2026-10-31,2026-11-11
900000000012809,1009,SH03,30301,2026-11-23,2026-06-29
900000000012810,1004,SH02,10001,2026-07-11,2026-07-10
900000000012811,1001,SH01,80201,2026-09-21,2026-10-11
900000000012812,1007,SH01,60652,2026-11-05,2026-09-28
900000000012813,1007,SH02,75201,2026-10-11,2026-10-11
900000000012814,1007,SH03,80201,2026-10-02,2026-06-26
900000000012815,1008,SH01,33101,2026-07-10,2026-06-26
900000000012816,1004,SH03,60652,2026-06-27,2026-06-09
900000000012817,1007,SH02,10001,2026-05-02,2026-07-10
900000000012818,1010,SH02,60601,2026-06-26,2026-07-02
900000000012819,1006,SH03,60601,2026-05-08,2026-07-27
900000000012820,1002,SH03,60601,2026-05-08,2026-05-02
900000000012821,1003,SH01,14201,2026-07-02,2026-11-23
900000000012822,1001,SH02,75201,2026-05-07,2026-05-02
900000000012823,1006,SH01,10001,2026-10-27,2026-08-16
900000000012824,1001,SH01,33101,2026-05-02,2026-11-11
900000000012825,1007,SH02,60601,2026-06-10,2026-07-02
900000000012826,1002,SH03,14201,2026-10-31,2026-05-02
900000000012827,1002,SH01,75201,2026-11-11,2026-05-24
900000000012828,1009,SH03,30301,2026-05-24,2026-05-02
900000000012829,1004,SH01,60652,2026-11-05,2026-10-27
900000000012830,1007,SH03,14201,2026-05-24,2026-10-02
900000000012831,1007,SH02,98101,2026-05-02,2026-06-10
900000000012832,1004,SH01,60601,2026-07-02,2026-10-26
900000000012833,1005,SH03,60652,2026-08-16,2026-07-02
900000000012834,1004,SH03,33101,2026-11-23,2026-06-10
900000000012835,1008,SH02,60601,2026-06-10,2026-09-29
900000000012836,1008,SH03,10001,2026-10-31,2026-11-23
900000000012837,1006,SH01,60652,2026-08-17,2026-08-17
900000000012838,1008,SH02,14201,2026-06-26,2026-10-27
900000000012839,1006,SH03,60601,2026-05-09,2026-11-24
900000000012840,1006,SH03,98101,2026-05-09,2026-09-29
900000000012841,1009,SH01,60652,2026-05-08,2026-09-28
900000000012842,1001,SH03,33101,2026-11-11,2026-10-21
900000000012843,1002,SH02,60652,2026-09-29,2026-10-27
900000000012844,1010,SH03,33101,2026-08-16,2026-07-02
900000000012845,1001,SH03,98101,2026-05-24,2026-11-11
900000000012846,1001,SH01,33101,2026-08-16,2026-06-26
900000000012847,1003,SH01,90210,2026-08-17,2026-11-23
900000000012848,1002,SH03,75201,2026-07-10,2026-06-27
900000000012849,1009,SH01,33101,2026-07-02,2026-05-07
900000000012850,1001,SH03,90210,2026-10-14,2026-10-27
900000000012851,1003,SH03,90210,2026-10-02,2026-11-11
900000000012852,1006,SH02,33101,2026-10-31,2026-05-09
900000000012853,1007,SH03,33101,2026-11-11,2026-05-07
900000000012854,1002,SH02,10001,2026-06-27,2026-10-11
900000000012855,1004,SH02,75201,2026-05-08,2026-11-23
900000000012856,1006,SH02,75201,2026-10-31,2026-05-07
900000000012857,1005,SH02,33101,2026-05-08,2026-06-29
900000000012858,1005,SH01,60652,2026-05-09,2026-10-26
900000000012859,1009,SH03,14201,2026-07-11,2026-09-28
900000000012860,1004,SH03,33101,2026-10-27,2026-06-09
900000000012861,1001,SH03,75201,2026-09-29,2026-06-29
900000000012862,1008,SH02,75201,2026-07-27,2026-08-16
900000000012863,1009,SH01,10001,2026-06-26,2026-10-02
900000000012864,1002,SH01,14201,2026-09-21,2026-07-10
900000000012865,1009,SH01,80201,2026-09-29,2026-06-26
900000000012866,1010,SH02,14201,2026-05-07,2026-07-10
900000000012867,1010,SH03,33101,2026-07-10,2026-09-21
900000000012868,1001,SH02,98101,2026-08-16,2026-10-26
900000000012869,1006,SH01,60601,2026-05-07,2026-11-24
900000000012870,1006,SH02,80201,2026-11-23,2026-05-24
900000000012871,1004,SH02,98101,2026-06-10,2026-06-29
900000000012872,1010,SH03,60601,2026-09-21,2026-11-05
900000000012873,1010,SH03,98101,2026-07-27,2026-11-24
900000000012874,1008,SH03,10001,2026-10-14,2026-10-21
900000000012875,1004,SH03,98101,2026-06-26,2026-05-08
900000000012876,1003,SH02,14201,2026-11-23,2026-05-08
900000000012877,1006,SH02,75201,2026-05-02,2026-10-11
900000000012878,1001,SH01,60601,2026-06-10,2026-08-17
900000000012879,1009,SH03,60601,2026-05-09,2026-09-21
900000000012880,1010,SH02,80201,2026-06-26,2026-11-05
900000000012881,1009,SH02,80201,2026-07-10,2026-05-02
900000000012882,1004,SH03,14201,2026-05-02,2026-05-24
900000000012883,1002,SH02,30301,2026-11-05,2026-09-28
900000000012884,1001,SH03,14201,2026-07-10,2026-06-26
900000000012885,1007,SH01,30301,2026-10-26,2026-10-26
900000000012886,1007,SH03,98101,2026-11-11,2026-10-26
900000000012887,1004,SH01,10001,2026-09-21,2026-06-09
900000000012888,1007,SH02,14201,2026-07-02,2026-07-10
900000000012889,1006,SH02,80201,2026-05-02,2026-07-02
900000000012890,1010,SH03,90210,2026-10-02,2026-08-16
900000000012891,1005,SH01,30301,2026-10-26,2026-06-27
900000000012892,1001,SH03,60652,2026-06-26,2026-09-28
900000000012893,1001,SH01,60652,2026-09-29,2026-07-27
900000000012894,1001,SH03,60652,2026-10-26,2026-09-21
900000000012895,1002,SH03,14201,2026-05-02,2026-11-23
900000000012896,1001,SH02,33101,2026-07-27,2026-09-21
900000000012897,1005,SH02,10001,2026-07-11,2026-06-10
900000000012898,1003,SH01,14201,2026-07-10,2026-05-24
900000000012899,1009,SH02,14201,2026-06-26,2026-05-08
900000000012900,1008,SH02,14201,2026-11-05,2026-05-02
900000000012901,1005,SH03,30301,2026-10-21,2026-06-10
900000000012902,1005,SH02,80201,2026-09-28,2026-07-27
900000000012903,1007,SH02,75201,2026-05-24,2026-07-02
900000000012904,1010,SH02,60652,2026-08-16,2026-10-31
900000000012905,1009,SH02,60652,2026-08-16,2026-11-24
900000000012906,1003,SH03,98101,2026-05-24,2026-05-24
900000000012907,1006,SH03,14201,2026-05-07,2026-08-17
900000000012908,1008,SH03,60652,2026-10-02,2026-05-08
900000000012909,1009,SH02,75201,2026-09-21,2026-06-27
900000000012910,1009,SH03,98101,2026-07-27,2026-11-24
900000000012911,1004,SH03,60601,2026-07-10,2026-10-26
900000000012912,1008,SH03,60652,2026-10-11,2026-05-02
900000000012913,1004,SH02,60601,2026-06-09,2026-06-10
900000000012914,1007,SH02,60652,2026-09-21,2026-10-31
900000000012915,1006,SH03,14201,2026-06-29,2026-09-21
900000000012916,1005,SH01,33101,2026-05-08,2026-10-21
900000000012917,1002,SH02,60601,2026-06-26,2026-05-02
900000000012918,1004,SH01,14201,2026-05-02,2026-11-23
900000000012919,1004,SH02,80201,2026-10-02,2026-05-09
900000000012920,1009,SH02,30301,2026-09-21,2026-10-11
900000000012921,1005,SH01,33101,2026-10-11,2026-06-10
900000000012922,1008,SH03,75201,2026-06-09,2026-07-11
900000000012923,1009,SH01,90210,2026-09-29,2026-11-05
900000000012924,1003,SH03,30301,2026-08-17,2026-10-26
900000000012925,1006,SH01,90210,2026-06-27,2026-09-21
900000000012926,1004,SH02,30301,2026-05-02,2026-08-17
900000000012927,1008,SH03,80201,2026-05-02,2026-06-26
900000000012928,1004,SH03,33101,2026-11-23,2026-11-05
900000000012929,1008,SH01,14201,2026-05-07,2026-05-09
900000000012930,1001,SH03,75201,2026-11-05,2026-05-07
900000000012931,1001,SH03,80201,2026-10-31,2026-10-14
900000000012932,1007,SH03,90210,2026-11-23,2026-05-02
900000000012933,1005,SH03,14201,2026-09-21,2026-05-07
900000000012934,1004,SH02,75201,2026-09-29,2026-09-28
900000000012935,1010,SH01,90210,2026-08-16,2026-05-02
900000000012936,1010,SH01,10001,2026-06-26,2026-11-24
900000000012937,1003,SH02,10001,2026-05-07,2026-07-11
900000000012938,1003,SH01,33101,2026-11-05,2026-10-14
900000000012939,1008,SH03,10001,2026-06-29,2026-08-17
900000000012940,1001,SH02,30301,2026-08-17,2026-09-28
900000000012941,1005,SH01,98101,2026-07-11,2026-10-26
900000000012942,1009,SH02,60601,2026-07-27,2026-11-11
900000000012943,1004,SH01,60652,2026-11-05,2026-09-29
900000000012944,1010,SH03,14201,2026-11-23,2026-06-09
900000000012945,1010,SH01,60601,2026-10-31,2026-06-27
900000000012946,1005,SH01,60652,2026-06-09,2026-08-17
900000000012947,1007,SH02,80201,2026-10-27,2026-07-11
900000000012948,1001,SH01,75201,2026-05-24,2026-09-28
900000000012949,1009,SH01,60652,2026-06-29,2026-06-29
900000000012950,1009,SH03,30301,2026-08-16,2026-11-23
900000000012951,1002,SH02,80201,2026-10-21,2026-11-11
900000000012952,1010,SH01,60601,2026-06-10,2026-06-26
900000000012953,1004,SH02,75201,2026-05-08,2026-11-24
900000000012954,1006,SH01,10001,2026-10-11,2026-10-27
900000000012955,1002,SH03,80201,2026-09-28,2026-09-29
900000000012956,1001,SH01,75201,2026-08-16,2026-06-10
900000000012957,1010,SH02,60652,2026-07-27,2026-10-31
900000000012958,1003,SH01,90210,2026-05-24,2026-11-05
900000000012959,1001,SH03,10001,2026-07-27,2026-07-11
900000000012960,1008,SH01,14201,2026-07-11,2026-06-27
900000000012961,1005,SH03,75201,2026-10-02,2026-09-29
900000000012962,1008,SH02,98101,2026-09-28,2026-05-08
900000000012963,1005,SH02,90210,2026-06-26,2026-09-21
900000000012964,1009,SH01,80201,2026-07-11,2026-07-02
900000000012965,1007,SH02,80201,2026-09-29,2026-09-29
900000000012966,1002,SH03,80201,2026-11-11,2026-11-11
900000000012967,1009,SH01,60601,2026-11-24,2026-10-31
900000000012968,1010,SH01,33101,2026-10-02,2026-09-29
900000000012969,1009,SH03,90210,2026-09-21,2026-07-11
900000000012970,1001,SH01,80201,2026-10-26,2026-06-09
900000000012971,1007,SH03,75201,2026-08-17,2026-07-27
900000000012972,1002,SH01,30301,2026-07-10,2026-10-14
900000000012973,1001,SH02,14201,2026-06-27,2026-10-21
900000000012974,1006,SH02,80201,2026-10-11,2026-09-29
900000000012975,1010,SH03,14201,2026-10-14,2026-06-29
900000000012976,1007,SH03,10001,2026-11-24,2026-10-11
900000000012977,1004,SH03,30301,2026-06-29,2026-09-29
900000000012978,1010,SH01,98101,2026-05-24,2026-08-17
900000000012979,1005,SH02,75201,2026-06-09,2026-10-11
900000000012980,1005,SH02,14201,2026-10-27,2026-11-23
900000000012981,1007,SH03,80201,2026-11-23,2026-06-09
900000000012982,1001,SH01,33101,2026-11-24,2026-10-11
900000000012983,1010,SH01,30301,2026-08-17,2026-07-02
900000000012984,1009,SH03,33101,2026-09-28,2026-06-29
900000000012985,1001,SH03,14201,2026-08-16,2026-11-05
900000000012986,1005,SH02,90210,2026-11-11,2026-10-21
900000000012987,1002,SH02,75201,2026-10-21,2026-11-24
900000000012988,1001,SH02,90210,2026-10-21,2026-11-24
900000000012989,1009,SH03,33101,2026-09-21,2026-09-29
900000000012990,1001,SH03,90210,2026-09-21,2026-06-27
900000000012991,1010,SH03,60601,2026-09-29,2026-11-11
900000000012992,1010,SH03,90210,2026-10-21,2026-06-27
900000000012993,1001,SH03,80201,2026-05-08,2026-05-09
900000000012994,1009,SH01,98101,2026-06-10,2026-06-27
900000000012995,1008,SH01,60601,2026-10-27,2026-06-10
900000000012996,1008,SH01,60601,2026-10-11,2026-11-23
900000000012997,1010,SH03,60652,2026-07-27,2026-09-29
900000000012998,1001,SH02,80201,2026-05-07,2026-07-10
900000000012999,1006,SH02,30301,2026-07-10,2026-10-27
900000000013000,1004,SH03,90210,2026-09-29,2026-10-02
900000000013001,1006,SH02,60601,2026-09-21,2026-05-02
900000000013002,1007,SH02,30301,2026-08-17,2026-11-11
900000000013003,1007,SH02,60652,2026-07-02,2026-10-27
900000000013004,1007,SH02,75201,2026-09-21,2026-07-27
900000000013005,1007,SH02,98101,2026-05-24,2026-11-23
900000000013006,1005,SH01,30301,2026-10-27,2026-10-31
900000000013007,1009,SH01,75201,2026-10-11,2026-05-02
900000000013008,1007,SH01,60601,2026-09-29,2026-05-08
900000000013009,1009,SH03,80201,2026-06-27,2026-10-31
900000000013010,1009,SH03,80201,2026-06-26,2026-06-26
900000000013011,1002,SH01,14201,2026-10-26,2026-10-26
900000000013012,1007,SH02,14201,2026-10-21,2026-06-27
900000000013013,1004,SH03,90210,2026-07-10,2026-10-26
900000000013014,1008,SH02,98101,2026-07-11,2026-06-27
900000000013015,1002,SH03,33101,2026-09-28,2026-07-27
900000000013016,1005,SH01,60652,2026-09-29,2026-05-09
900000000013017,1002,SH03,60652,2026-05-02,2026-06-26
900000000013018,1002,SH02,75201,2026-07-02,2026-06-10
900000000013019,1010,SH03,98101,2026-06-10,2026-11-11
900000000013020,1002,SH01,98101,2026-10-31,2026-06-10
900000000013021,1005,SH03,80201,2026-11-23,2026-10-26
900000000013022,1009,SH01,90210,2026-05-08,2026-10-02
900000000013023,1001,SH02,33101,2026-05-08,2026-07-11
900000000013024,1008,SH03,10001,2026-10-02,2026-06-26
900000000013025,1008,SH03,60652,2026-07-10,2026-07-10
900000000013026,1007,SH01,60601,2026-10-31,2026-05-07
900000000013027,1004,SH02,90210,2026-07-10,2026-06-27
900000000013028,1008,SH02,80201,2026-06-10,2026-09-29
900000000013029,1001,SH03,14201,2026-10-11,2026-10-02
900000000013030,1009,SH01,60601,2026-05-08,2026-06-10
900000000013031,1007,SH01,60652,2026-06-27,2026-10-26
900000000013032,1002,SH03,98101,2026-10-21,2026-08-17
900000000013033,1001,SH01,33101,2026-06-29,2026-06-27
900000000013034,1007,SH02,80201,2026-10-26,2026-11-11
900000000013035,1010,SH01,90210,2026-06-09,2026-06-27
900000000013036,1008,SH02,60601,2026-10-26,2026-11-23
900000000013037,1004,SH03,60652,2026-11-05,2026-09-28
900000000013038,1002,SH01,60601,2026-06-26,2026-08-17
900000000013039,1007,SH03,30301,2026-11-05,2026-10-02
900000000013040,1003,SH03,60652,2026-10-21,2026-10-14
900000000013041,1009,SH01,10001,2026-06-10,2026-11-11
900000000013042,1002,SH03,33101,2026-06-09,2026-11-23
900000000013043,1004,SH01,30301,2026-09-21,2026-10-02
900000000013044,1006,SH02,90210,2026-05-24,2026-05-08
900000000013045,1008,SH01,75201,2026-11-05,2026-05-02
900000000013046,1004,SH03,75201,2026-09-29,2026-11-23
900000000013047,1009,SH01,98101,2026-11-11,2026-10-26
900000000013048,1010,SH03,14201,2026-05-07,2026-10-31
900000000013049,1006,SH02,60601,2026-07-27,2026-07-11
900000000013050,1001,SH02,80201,2026-06-09,2026-08-16
900000000013051,1010,SH03,75201,2026-10-27,2026-09-28
900000000013052,1002,SH02,80201,2026-11-24,2026-09-28
900000000013053,1008,SH03,75201,2026-06-27,2026-06-10
900000000013054,1007,SH03,33101,2026-11-05,2026-10-02
900000000013055,1007,SH01,75201,2026-05-08,2026-06-27
900000000013056,1001,SH01,98101,2026-10-31,2026-08-16
900000000013057,1006,SH01,60652,2026-10-21,2026-06-27
900000000013058,1008,SH03,33101,2026-07-27,2026-05-07
900000000013059,1008,SH03,75201,2026-06-26,2026-08-17
900000000013060,1001,SH01,60601,2026-10-26,2026-06-27
900000000013061,1008,SH03,98101,2026-07-27,2026-10-31
900000000013062,1001,SH02,80201,2026-06-29,2026-10-31
900000000013063,1001,SH03,33101,2026-07-27,2026-07-02
900000000013064,1010,SH02,60652,2026-11-11,2026-09-21
900000000013065,1004,SH02,30301,2026-05-08,2026-11-05
900000000013066,1007,SH03,80201,2026-05-02,2026-10-11
900000000013067,1004,SH01,90210,2026-05-24,2026-11-23
900000000013068,1002,SH01,30301,2026-10-11,2026-09-29
900000000013069,1001,SH01,60601,2026-11-11,2026-11-23
900000000013070,1001,SH01,60601,2026-06-26,2026-10-21
900000000013071,1004,SH01,33101,2026-11-24,2026-10-27
900000000013072,1009,SH01,60601,2026-07-02,2026-05-24
900000000013073,1008,SH02,98101,2026-05-02,2026-07-11
900000000013074,1003,SH03,60601,2026-11-23,2026-06-29
900000000013075,1006,SH01,60601,2026-10-27,2026-10-11
900000000013076,1005,SH01,14201,2026-10-26,2026-07-11
900000000013077,1007,SH03,75201,2026-07-10,2026-07-11
900000000013078,1010,SH02,10001,2026-05-24,2026-10-14
900000000013079,1004,SH03,80201,2026-05-08,2026-07-11
900000000013080,1009,SH02,98101,2026-10-31,2026-10-14
900000000013081,1002,SH02,14201,2026-10-02,2026-09-21
900000000013082,1002,SH03,30301,2026-05-07,2026-07-10
900000000013083,1005,SH01,90210,2026-10-02,2026-09-28
900000000013084,1010,SH02,80201,2026-05-02,2026-05-07
900000000013085,1004,SH03,30301,2026-09-29,2026-06-09
900000000013086,1004,SH02,14201,2026-10-02,2026-10-21
900000000013087,1005,SH02,60601,2026-10-27,2026-11-23
900000000013088,1001,SH03,75201,2026-05-02,2026-05-24
900000000013089,1007,SH01,10001,2026-11-05,2026-06-09
900000000013090,1002,SH02,30301,2026-10-26,2026-11-23
900000000013091,1003,SH03,90210,2026-06-29,2026-06-26
900000000013092,1008,SH03,75201,2026-09-28,2026-08-17
900000000013093,1010,SH01,98101,2026-11-24,2026-11-11
900000000013094,1004,SH01,90210,2026-05-07,2026-06-10
900000000013095,1009,SH03,30301,2026-08-17,2026-10-31
900000000013096,1006,SH03,33101,2026-08-16,2026-10-02
900000000013097,1010,SH02,80201,2026-06-26,2026-10-02
900000000013098,1010,SH02,90210,2026-08-16,2026-06-29
900000000013099,1002,SH02,60601,2026-07-27,2026-05-08
900000000013100,1003,SH01,75201,2026-06-26,2026-10-21
900000000013101,1010,SH03,98101,2026-06-27,2026-08-16
900000000013102,1001,SH02,60652,2026-06-26,2026-11-11
900000000013103,1002,SH03,60652,2026-06-29,2026-06-26
900000000013104,1009,SH02,90210,2026-07-11,2026-10-31
900000000013105,1003,SH01,30301,2026-06-09,2026-05-09
900000000013106,1001,SH02,60652,2026-07-11,2026-06-09
900000000013107,1003,SH03,80201,2026-09-21,2026-09-21
900000000013108,1003,SH01,80201,2026-08-16,2026-06-26
900000000013109,1001,SH03,33101,2026-06-09,2026-07-27
900000000013110,1003,SH03,33101,2026-06-27,2026-06-27
900000000013111,1008,SH01,60601,2026-09-21,2026-07-11
900000000013112,1008,SH03,75201,2026-10-26,2026-10-11
900000000013113,1002,SH01,75201,2026-10-31,2026-10-21
900000000013114,1001,SH01,60601,2026-06-26,2026-06-26
900000000013115,1002,SH01,90210,2026-07-27,2026-10-02
900000000013116,1002,SH02,80201,2026-05-09,2026-10-02
900000000013117,1009,SH01,75201,2026-06-27,2026-06-09
900000000013118,1006,SH03,60601,2026-11-05,2026-10-27
900000000013119,1009,SH01,60601,2026-06-10,2026-09-28
900000000013120,1002,SH01,98101,2026-10-21,2026-09-21
900000000013121,1004,SH01,60601,2026-10-02,2026-09-28
900000000013122,1001,SH01,33101,2026-10-27,2026-07-10
900000000013123,1008,SH02,60652,2026-06-29,2026-07-27
900000000013124,1004,SH02,75201,2026-05-08,2026-07-27
900000000013125,1002,SH03,60652,2026-07-10,2026-11-11
900000000013126,1003,SH02,80201,2026-07-02,2026-10-14
900000000013127,1004,SH03,10001,2026-10-11,2026-11-05
900000000013128,1005,SH03,98101,2026-07-02,2026-09-29
900000000013129,1004,SH03,33101,2026-05-24,2026-10-31
900000000013130,1003,SH03,10001,2026-10-31,2026-11-11
900000000013131,1007,SH02,33101,2026-10-21,2026-06-29
900000000013132,1003,SH02,90210,2026-11-11,2026-10-31
900000000013133,1001,SH01,60652,2026-05-24,2026-06-26
900000000013134,1002,SH03,10001,2026-05-24,2026-07-27
900000000013135,1001,SH03,30301,2026-06-10,2026-09-28
900000000013136,1009,SH03,90210,2026-10-11,2026-05-24
900000000013137,1001,SH03,60652,2026-08-16,2026-07-02
900000000013138,1009,SH03,75201,2026-09-28,2026-07-10
900000000013139,1004,SH02,30301,2026-06-29,2026-11-23
900000000013140,1003,SH01,60652,2026-10-21,2026-10-31
900000000013141,1003,SH01,14201,2026-09-21,2026-06-29
900000000013142,1003,SH02,90210,2026-10-11,2026-05-02
900000000013143,1004,SH03,30301,2026-05-07,2026-08-17
900000000013144,1010,SH02,10001,2026-08-17,2026-05-08
900000000013145,1002,SH03,98101,2026-06-09,2026-10-26
900000000013146,1007,SH01,33101,2026-10-21,2026-10-27
900000000013147,1005,SH03,30301,2026-10-21,2026-10-27
900000000013148,1003,SH01,33101,2026-10-27,2026-08-17
900000000013149,1002,SH01,10001,2026-10-31,2026-09-28
900000000013150,1010,SH02,14201,2026-06-10,2026-07-02
900000000013151,1002,SH01,14201,2026-11-23,2026-05-02
900000000013152,1008,SH03,60601,2026-06-27,2026-09-21
900000000013153,1003,SH01,80201,2026-09-28,2026-11-23
900000000013154,1001,SH03,33101,2026-08-17,2026-08-17
900000000013155,1010,SH02,60652,2026-07-27,2026-08-16
900000000013156,1008,SH02,75201,2026-09-28,2026-10-26
900000000013157,1007,SH01,90210,2026-10-26,2026-07-27
900000000013158,1007,SH01,90210,2026-05-07,2026-05-08
900000000013159,1001,SH03,75201,2026-08-16,2026-10-27
900000000013160,1009,SH01,60601,2026-05-24,2026-09-21
900000000013161,1006,SH01,33101,2026-10-11,2026-10-02
900000000013162,1003,SH02,60652,2026-09-28,2026-09-29
900000000013163,1010,SH02,60601,2026-08-17,2026-09-21
900000000013164,1003,SH01,90210,2026-07-11,2026-05-07
900000000013165,1002,SH02,10001,2026-06-26,2026-08-17
900000000013166,1008,SH01,98101,2026-11-11,2026-11-11
900000000013167,1007,SH02,98101,2026-10-14,2026-11-11
900000000013168,1009,SH02,75201,2026-07-02,2026-06-26
900000000013169,1007,SH01,60652,2026-11-11,2026-08-16
900000000013170,1001,SH03,90210,2026-11-23,2026-05-24
900000000013171,1010,SH03,10001,2026-10-27,2026-06-27
900000000013172,1006,SH02,80201,2026-06-10,2026-09-21
900000000013173,1001,SH01,30301,2026-10-31,2026-05-24
900000000013174,1003,SH03,80201,2026-07-10,2026-11-23
900000000013175,1001,SH02,60601,2026-10-27,2026-11-05
900000000013176,1008,SH01,98101,2026-09-21,2026-10-14
900000000013177,1007,SH03,14201,2026-06-29,2026-10-21
900000000013178,1008,SH03,33101,2026-05-24,2026-07-11
900000000013179,1008,SH03,14201,2026-06-26,2026-07-11
900000000013180,1001,SH02,90210,2026-10-14,2026-05-07
900000000013181,1010,SH03,98101,2026-07-02,2026-10-14
900000000013182,1006,SH03,33101,2026-10-02,2026-06-26
900000000013183,1005,SH02,90210,2026-05-07,2026-10-31
900000000013184,1009,SH01,30301,2026-05-09,2026-09-21
900000000013185,1004,SH03,80201,2026-05-07,2026-09-28
900000000013186,1010,SH02,75201,2026-06-10,2026-09-28
900000000013187,1002,SH03,10001,2026-05-08,2026-10-27
900000000013188,1009,SH01,10001,2026-10-02,2026-06-10
900000000013189,1005,SH01,80201,2026-10-31,2026-07-02
900000000013190,1004,SH02,80201,2026-11-11,2026-05-24
900000000013191,1008,SH03,30301,2026-07-10,2026-10-14
900000000013192,1004,SH02,98101,2026-05-02,2026-09-29
900000000013193,1008,SH01,14201,2026-09-29,2026-10-31
900000000013194,1003,SH03,98101,2026-10-14,2026-06-10
900000000013195,1003,SH02,60601,2026-10-27,2026-06-09
900000000013196,1002,SH03,10001,2026-06-09,2026-05-09
900000000013197,1009,SH01,60652,2026-09-21,2026-07-11
900000000013198,1004,SH02,60652,2026-11-11,2026-10-02
900000000013199,1006,SH01,30301,2026-11-11,2026-05-09
900000000013200,1002,SH01,10001,2026-11-23,2026-07-02
900000000013201,1010,SH01,60601,2026-05-07,2026-06-09
900000000013202,1004,SH03,98101,2026-10-11,2026-07-11
900000000013203,1008,SH01,75201,2026-05-08,2026-10-11
900000000013204,1001,SH02,60652,2026-08-17,2026-07-10
900000000013205,1002,SH01,98101,2026-07-10,2026-11-24
900000000013206,1004,SH03,33101,2026-10-14,2026-06-29
900000000013207,1010,SH01,33101,2026-05-09,2026-07-11
900000000013208,1006,SH01,10001,2026-09-29,2026-06-10
900000000013209,1005,SH02,10001,2026-11-05,2026-06-09
900000000013210,1002,SH02,75201,2026-07-10,2026-05-02
900000000013211,1010,SH03,98101,2026-11-05,2026-09-28
900000000013212,1005,SH01,60601,2026-10-11,2026-10-26
900000000013213,1006,SH03,33101,2026-06-26,2026-05-02
900000000013214,1002,SH03,60652,2026-05-09,2026-05-09
900000000013215,1003,SH03,75201,2026-05-08,2026-08-16
900000000013216,1001,SH02,33101,2026-05-24,2026-07-02
900000000013217,1006,SH02,10001,2026-10-26,2026-05-08
900000000013218,1001,SH01,30301,2026-05-09,2026-05-24
900000000013219,1010,SH01,14201,2026-06-09,2026-05-07
900000000013220,1010,SH01,98101,2026-10-27,2026-06-09
900000000013221,1006,SH01,98101,2026-06-10,2026-05-09
900000000013222,1009,SH03,14201,2026-06-27,2026-07-27
900000000013223,1002,SH01,60652,2026-07-10,2026-06-29
900000000013224,1004,SH03,60652,2026-08-16,2026-06-26
900000000013225,1002,SH01,10001,2026-07-10,2026-11-05
900000000013226,1005,SH02,98101,2026-06-27,2026-05-02
900000000013227,1010,SH03,90210,2026-10-27,2026-11-24
900000000013228,1010,SH03,30301,2026-05-08,2026-06-10
900000000013229,1006,SH03,14201,2026-10-27,2026-06-10
900000000013230,1006,SH01,14201,2026-10-02,2026-05-09
900000000013231,1001,SH02,33101,2026-10-11,2026-10-14
900000000013232,1010,SH02,98101,2026-07-11,2026-09-28
900000000013233,1002,SH03,60601,2026-09-28,2026-06-10
900000000013234,1009,SH03,33101,2026-05-02,2026-10-14
900000000013235,1003,SH01,30301,2026-05-24,2026-11-11
900000000013236,1002,SH02,14201,2026-11-24,2026-11-23
900000000013237,1001,SH03,60601,2026-11-11,2026-07-11
900000000013238,1002,SH01,33101,2026-05-02,2026-05-08
900000000013239,1006,SH03,10001,2026-09-21,2026-07-10
900000000013240,1001,SH01,14201,2026-10-21,2026-11-23
900000000013241,1002,SH02,75201,2026-07-11,2026-10-31
900000000013242,1004,SH01,75201,2026-09-21,2026-08-16
900000000013243,1001,SH01,14201,2026-11-11,2026-10-21
900000000013244,1007,SH03,60652,2026-07-02,2026-06-27
900000000013245,1005,SH01,75201,2026-07-10,2026-09-21
900000000013246,1005,SH01,80201,2026-11-24,2026-05-02
900000000013247,1010,SH01,60652,2026-10-02,2026-07-02
900000000013248,1005,SH02,60601,2026-05-08,2026-09-21
900000000013249,1002,SH02,60601,2026-11-11,2026-08-16
900000000013250,1010,SH03,75201,2026-07-10,2026-08-16
900000000013251,1006,SH01,14201,2026-06-27,2026-06-10
900000000013252,1006,SH01,33101,2026-06-10,2026-05-02
900000000013253,1007,SH03,10001,2026-11-24,2026-09-28
900000000013254,1008,SH02,33101,2026-10-26,2026-10-02
900000000013255,1008,SH02,14201,2026-07-02,2026-05-02
900000000013256,1002,SH01,60652,2026-10-26,2026-06-10
900000000013257,1008,SH03,10001,2026-09-28,2026-09-28
900000000013258,1005,SH01,30301,2026-06-10,2026-06-29
900000000013259,1003,SH01,10001,2026-10-14,2026-11-11
900000000013260,1009,SH03,60652,2026-10-21,2026-10-31
900000000013261,1009,SH02,60652,2026-10-21,2026-09-21
900000000013262,1007,SH01,80201,2026-05-08,2026-11-05
900000000013263,1006,SH01,90210,2026-08-17,2026-06-09
900000000013264,1002,SH03,80201,2026-07-10,2026-08-17
900000000013265,1008,SH03,60652,2026-07-27,2026-10-31
900000000013266,1003,SH01,10001,2026-06-27,2026-07-27
900000000013267,1008,SH01,80201,2026-09-29,2026-10-21
900000000013268,1005,SH02,14201,2026-11-05,2026-11-11
900000000013269,1008,SH03,80201,2026-05-07,2026-11-23
900000000013270,1004,SH02,14201,2026-10-14,2026-06-27
900000000013271,1001,SH02,10001,2026-10-11,2026-05-02
900000000013272,1005,SH01,90210,2026-07-02,2026-08-16
900000000013273,1003,SH01,14201,2026-10-31,2026-10-02
900000000013274,1010,SH01,80201,2026-09-28,2026-10-27
900000000013275,1010,SH03,33101,2026-10-21,2026-07-02
900000000013276,1010,SH01,98101,2026-10-02,2026-08-17
900000000013277,1005,SH02,80201,2026-09-28,2026-10-27
900000000013278,1009,SH01,33101,2026-07-11,2026-07-02
900000000013279,1005,SH03,75201,2026-11-05,2026-06-09
900000000013280,1006,SH02,33101,2026-09-29,2026-08-17
900000000013281,1006,SH03,14201,2026-06-09,2026-08-16
900000000013282,1006,SH03,33101,2026-10-02,2026-10-02
900000000013283,1002,SH02,14201,2026-06-10,2026-07-02
900000000013284,1010,SH01,30301,2026-05-07,2026-10-02
900000000013285,1002,SH01,60652,2026-10-02,2026-10-11
900000000013286,1007,SH02,98101,2026-10-21,2026-05-02
900000000013287,1008,SH01,75201,2026-09-21,2026-07-11
900000000013288,1008,SH02,10001,2026-08-17,2026-08-17
900000000013289,1006,SH02,60652,2026-07-27,2026-08-16
900000000013290,1007,SH03,90210,2026-09-29,2026-07-02
900000000013291,1007,SH03,30301,2026-07-27,2026-05-02
900000000013292,1008,SH01,10001,2026-10-31,2026-07-02
900000000013293,1009,SH01,60652,2026-06-26,2026-11-11
900000000013294,1001,SH03,80201,2026-08-17,2026-11-23
900000000013295,1008,SH01,14201,2026-10-31,2026-11-11
900000000013296,1007,SH03,98101,2026-10-31,2026-09-21
900000000013297,1005,SH01,30301,2026-11-24,2026-10-11
900000000013298,1002,SH02,60652,2026-09-29,2026-10-31
900000000013299,1003,SH01,14201,2026-10-27,2026-06-09
900000000013300,1004,SH02,80201,2026-05-24,2026-08-17
900000000013301,1001,SH02,90210,2026-08-17,2026-06-29
900000000013302,1007,SH02,80201,2026-07-27,2026-11-11
900000000013303,1006,SH03,30301,2026-06-26,2026-09-28
900000000013304,1006,SH01,80201,2026-06-10,2026-06-27
900000000013305,1010,SH01,60652,2026-06-29,2026-08-17
900000000013306,1005,SH01,98101,2026-10-14,2026-08-17
900000000013307,1009,SH01,14201,2026-10-21,2026-10-14
900000000013308,1006,SH03,80201,2026-10-14,2026-05-24
900000000013309,1005,SH02,33101,2026-11-23,2026-05-07
900000000013310,1006,SH01,75201,2026-11-11,2026-05-02
900000000013311,1007,SH01,98101,2026-05-07,2026-08-17
900000000013312,1009,SH02,90210,2026-09-21,2026-07-27
900000000013313,1010,SH01,98101,2026-07-02,2026-05-09
900000000013314,1005,SH03,14201,2026-05-24,2026-06-29
900000000013315,1007,SH02,98101,2026-06-10,2026-11-23
900000000013316,1007,SH02,90210,2026-07-27,2026-11-24
900000000013317,1007,SH03,33101,2026-08-16,2026-07-27
900000000013318,1002,SH01,98101,2026-05-24,2026-09-21
900000000013319,1010,SH01,33101,2026-11-24,2026-05-08
900000000013320,1006,SH02,60652,2026-05-07,2026-06-29
900000000013321,1001,SH03,10001,2026-05-24,2026-06-10
900000000013322,1010,SH01,75201,2026-08-17,2026-11-23
900000000013323,1006,SH02,90210,2026-10-26,2026-10-11
900000000013324,1001,SH01,33101,2026-10-21,2026-10-27
900000000013325,1009,SH01,75201,2026-10-21,2026-07-10
900000000013326,1005,SH03,10001,2026-09-21,2026-09-28
900000000013327,1009,SH03,60601,2026-05-09,2026-11-05
900000000013328,1007,SH02,10001,2026-10-02,2026-07-27
900000000013329,1009,SH02,60601,2026-06-29,2026-06-09
900000000013330,1010,SH03,60601,2026-09-28,2026-10-14
900000000013331,1009,SH03,14201,2026-10-02,2026-05-09
900000000013332,1009,SH03,90210,2026-10-02,2026-10-02
900000000013333,1009,SH01,98101,2026-09-28,2026-05-02
900000000013334,1010,SH03,60601,2026-05-07,2026-07-10
900000000013335,1008,SH03,14201,2026-11-05,2026-06-09
900000000013336,1007,SH03,98101,2026-05-09,2026-06-09
900000000013337,1003,SH01,80201,2026-05-02,2026-10-27
900000000013338,1002,SH03,80201,2026-10-27,2026-11-23
900000000013339,1001,SH03,60601,2026-07-10,2026-05-08
900000000013340,1001,SH03,60601,2026-05-02,2026-07-27
900000000013341,1005,SH03,75201,2026-10-21,2026-10-27
900000000013342,1010,SH02,10001,2026-05-08,2026-11-24
900000000013343,1005,SH03,60601,2026-10-26,2026-10-14
900000000013344,1002,SH03,75201,2026-11-05,2026-06-10
900000000013345,1010,SH02,60601,2026-06-29,2026-06-29
900000000013346,1006,SH01,80201,2026-06-29,2026-07-11
900000000013347,1005,SH03,80201,2026-10-31,2026-05-08
900000000013348,1004,SH02,75201,2026-11-23,2026-07-27
900000000013349,1010,SH02,80201,2026-05-08,2026-11-05
900000000013350,1001,SH01,14201,2026-05-07,2026-11-11
900000000013351,1004,SH02,10001,2026-11-24,2026-06-10
900000000013352,1004,SH02,10001,2026-05-24,2026-09-28
900000000013353,1001,SH01,80201,2026-09-29,2026-10-11
900000000013354,1006,SH01,33101,2026-10-11,2026-06-26
900000000013355,1005,SH01,90210,2026-10-26,2026-08-16
900000000013356,1004,SH01,60601,2026-05-24,2026-06-29
900000000013357,1003,SH01,98101,2026-05-07,2026-11-11
900000000013358,1003,SH02,90210,2026-10-21,2026-08-17
900000000013359,1003,SH02,33101,2026-11-05,2026-06-27
900000000013360,1001,SH02,33101,2026-10-11,2026-10-31
900000000013361,1003,SH03,14201,2026-06-29,2026-11-11
900000000013362,1008,SH03,14201,2026-06-27,2026-10-21
900000000013363,1009,SH01,14201,2026-10-31,2026-10-14
900000000013364,1003,SH01,14201,2026-05-09,2026-11-24
900000000013365,1002,SH03,30301,2026-09-21,2026-06-09
900000000013366,1006,SH01,90210,2026-07-11,2026-08-16
900000000013367,1009,SH03,75201,2026-07-02,2026-10-02
900000000013368,1005,SH01,60601,2026-06-09,2026-06-29
900000000013369,1010,SH03,75201,2026-10-11,2026-11-11
900000000013370,1001,SH02,14201,2026-08-17,2026-07-02
900000000013371,1010,SH01,10001,2026-10-21,2026-10-14
900000000013372,1005,SH02,75201,2026-10-14,2026-08-17
900000000013373,1001,SH03,75201,2026-10-26,2026-07-10
900000000013374,1006,SH02,98101,2026-06-27,2026-07-27
900000000013375,1001,SH03,60601,2026-10-27,2026-10-14
900000000013376,1010,SH01,98101,2026-11-11,2026-08-16
900000000013377,1009,SH02,30301,2026-10-11,2026-07-27
900000000013378,1003,SH01,75201,2026-05-02,2026-09-29
900000000013379,1008,SH01,14201,2026-07-02,2026-11-11
900000000013380,1001,SH01,33101,2026-09-21,2026-10-02
900000000013381,1009,SH03,60652,2026-11-24,2026-05-09
900000000013382,1003,SH02,33101,2026-06-10,2026-10-02
900000000013383,1001,SH03,14201,2026-06-29,2026-07-27
900000000013384,1001,SH01,90210,2026-10-11,2026-10-31
900000000013385,1009,SH01,60601,2026-11-23,2026-06-10
900000000013386,1006,SH03,14201,2026-07-10,2026-06-29
900000000013387,1006,SH03,60652,2026-07-10,2026-07-02
900000000013388,1008,SH01,30301,2026-05-08,2026-07-27
900000000013389,1007,SH02,60652,2026-07-27,2026-05-24
900000000013390,1006,SH02,60652,2026-05-07,2026-05-24
900000000013391,1005,SH03,98101,2026-11-11,2026-06-09
900000000013392,1006,SH03,90210,2026-06-09,2026-06-29
900000000013393,1001,SH03,33101,2026-10-02,2026-07-27
900000000013394,1006,SH01,33101,2026-07-11,2026-10-11
900000000013395,1010,SH01,80201,2026-07-27,2026-05-09
900000000013396,1008,SH02,33101,2026-06-10,2026-08-16
900000000013397,1006,SH01,60601,2026-10-11,2026-07-27
900000000013398,1001,SH01,10001,2026-10-27,2026-10-27
900000000013399,1010,SH02,75201,2026-05-08,2026-05-09
900000000013400,1003,SH01,90210,2026-10-11,2026-05-24
900000000013401,1008,SH03,98101,2026-07-11,2026-05-07
900000000013402,1006,SH02,80201,2026-07-10,2026-10-26
900000000013403,1010,SH02,33101,2026-08-17,2026-10-26
900000000013404,1001,SH01,60601,2026-10-14,2026-09-29
900000000013405,1005,SH02,33101,2026-10-27,2026-05-24
900000000013406,1002,SH03,60601,2026-05-24,2026-06-27
900000000013407,1006,SH01,60601,2026-07-02,2026-06-29
900000000013408,1009,SH03,33101,2026-07-27,2026-10-21
900000000013409,1004,SH03,75201,2026-10-27,2026-11-24
900000000013410,1006,SH03,10001,2026-10-11,2026-06-27
900000000013411,1008,SH03,10001,2026-10-27,2026-09-28
900000000013412,1008,SH03,10001,2026-10-26,2026-10-27
900000000013413,1005,SH03,75201,2026-08-17,2026-05-02
900000000013414,1004,SH03,60652,2026-10-14,2026-05-08
900000000013415,1010,SH03,14201,2026-11-24,2026-10-11
900000000013416,1001,SH02,60652,2026-06-27,2026-05-07
900000000013417,1010,SH02,60652,2026-08-17,2026-05-24
900000000013418,1004,SH02,14201,2026-07-11,2026-06-26
900000000013419,1004,SH03,60652,2026-05-24,2026-08-16
900000000013420,1010,SH02,80201,2026-08-16,2026-10-27
900000000013421,1002,SH01,90210,2026-11-11,2026-11-05
900000000013422,1008,SH01,10001,2026-11-24,2026-10-31
900000000013423,1006,SH01,33101,2026-08-17,2026-09-28
900000000013424,1008,SH01,10001,2026-05-24,2026-05-02
900000000013425,1008,SH03,90210,2026-06-26,2026-11-24
900000000013426,1001,SH01,75201,2026-10-27,2026-05-02
900000000013427,1005,SH03,60601,2026-11-24,2026-06-29
900000000013428,1009,SH02,80201,2026-07-10,2026-05-02
900000000013429,1003,SH03,90210,2026-09-29,2026-06-09
900000000013430,1005,SH02,75201,2026-11-24,2026-07-11
900000000013431,1002,SH01,14201,2026-06-26,2026-06-27
900000000013432,1003,SH03,80201,2026-06-09,2026-05-08
900000000013433,1001,SH01,98101,2026-06-27,2026-05-07
900000000013434,1006,SH01,80201,2026-07-27,2026-08-16
900000000013435,1001,SH03,33101,2026-06-09,2026-11-23
900000000013436,1007,SH01,10001,2026-05-24,2026-07-27
900000000013437,1005,SH03,30301,2026-11-11,2026-08-16
900000000013438,1005,SH03,60652,2026-11-11,2026-10-14
900000000013439,1003,SH03,98101,2026-09-29,2026-11-23
900000000013440,1006,SH03,80201,2026-09-28,2026-10-11
900000000013441,1005,SH03,75201,2026-05-09,2026-10-11
900000000013442,1006,SH03,30301,2026-10-11,2026-07-27
900000000013443,1004,SH01,80201,2026-10-27,2026-06-27
900000000013444,1004,SH01,60652,2026-09-21,2026-07-02
900000000013445,1010,SH03,10001,2026-06-29,2026-07-10
900000000013446,1003,SH02,98101,2026-10-14,2026-10-14
900000000013447,1003,SH03,60652,2026-10-02,2026-05-07
900000000013448,1003,SH03,60601,2026-05-02,2026-05-24
900000000013449,1001,SH02,98101,2026-10-11,2026-10-27
900000000013450,1004,SH01,80201,2026-07-11,2026-10-26
900000000013451,1010,SH02,33101,2026-10-31,2026-09-21
900000000013452,1003,SH03,80201,2026-10-26,2026-06-27
900000000013453,1008,SH02,60652,2026-11-11,2026-06-29
900000000013454,1004,SH01,10001,2026-05-02,2026-06-27
900000000013455,1006,SH03,60652,2026-11-11,2026-10-11
900000000013456,1008,SH02,60652,2026-06-10,2026-07-11
900000000013457,1002,SH03,60601,2026-07-02,2026-10-02
900000000013458,1004,SH02,98101,2026-05-24,2026-05-24
900000000013459,1003,SH03,14201,2026-11-11,2026-11-05
900000000013460,1005,SH03,60652,2026-07-10,2026-05-02
900000000013461,1002,SH03,80201,2026-10-21,2026-09-28
900000000013462,1002,SH03,60652,2026-05-07,2026-08-17
900000000013463,1010,SH02,90210,2026-05-09,2026-05-24
900000000013464,1001,SH01,80201,2026-06-26,2026-07-02
900000000013465,1006,SH03,60652,2026-05-02,2026-05-24
900000000013466,1004,SH03,75201,2026-06-09,2026-08-17
900000000013467,1001,SH02,75201,2026-10-26,2026-07-11
900000000013468,1004,SH02,80201,2026-11-23,2026-06-26
900000000013469,1004,SH01,10001,2026-11-24,2026-06-10
900000000013470,1008,SH01,98101,2026-10-31,2026-05-24
900000000013471,1007,SH03,80201,2026-10-21,2026-05-07
900000000013472,1010,SH02,98101,2026-05-08,2026-10-21
900000000013473,1004,SH01,98101,2026-05-02,2026-06-27
900000000013474,1010,SH03,75201,2026-06-27,2026-05-08
900000000013475,1003,SH02,60601,2026-06-29,2026-05-02
900000000013476,1003,SH01,80201,2026-06-09,2026-06-09
900000000013477,1009,SH02,10001,2026-09-28,2026-11-05
900000000013478,1002,SH02,33101,2026-11-24,2026-10-02
900000000013479,1006,SH03,75201,2026-11-23,2026-11-11
900000000013480,1003,SH02,33101,2026-05-08,2026-07-10
900000000013481,1006,SH02,80201,2026-10-02,2026-06-10
900000000013482,1005,SH02,14201,2026-10-11,2026-05-09
900000000013483,1007,SH03,30301,2026-06-29,2026-06-27
900000000013484,1008,SH01,98101,2026-11-05,2026-10-02
900000000013485,1002,SH03,33101,2026-10-31,2026-11-23
900000000013486,1002,SH01,60601,2026-06-26,2026-06-26
900000000013487,1002,SH01,10001,2026-08-16,2026-10-27
900000000013488,1005,SH02,14201,2026-07-11,2026-09-29
900000000013489,1006,SH02,33101,2026-07-27,2026-05-02
900000000013490,1010,SH02,98101,2026-06-10,2026-06-10
900000000013491,1005,SH02,90210,2026-07-10,2026-09-21
900000000013492,1001,SH02,10001,2026-11-11,2026-06-29
900000000013493,1007,SH02,33101,2026-11-23,2026-11-05
900000000013494,1007,SH02,14201,2026-11-23,2026-09-28
900000000013495,1007,SH01,80201,2026-05-09,2026-05-07
900000000013496,1008,SH03,98101,2026-11-05,2026-09-21
900000000013497,1010,SH02,30301,2026-10-26,2026-06-27
900000000013498,1006,SH01,98101,2026-10-21,2026-07-27
900000000013499,1003,SH01,75201,2026-05-02,2026-07-11
900000000013500,1001,SH03,98101,2026-09-29,2026-06-27
900000000013501,1008,SH03,33101,2026-05-08,2026-08-17
900000000013502,1006,SH02,60601,2026-06-26,2026-05-08
900000000013503,1005,SH01,14201,2026-05-24,2026-06-27
900000000013504,1005,SH02,60601,2026-10-26,2026-09-21
900000000013505,1004,SH02,75201,2026-07-27,2026-06-09
900000000013506,1005,SH03,33101,2026-10-14,2026-06-09
900000000013507,1008,SH03,80201,2026-08-16,2026-10-27
900000000013508,1010,SH01,80201,2026-10-27,2026-06-29
900000000013509,1004,SH03,98101,2026-10-11,2026-07-27
900000000013510,1008,SH03,30301,2026-10-31,2026-10-11
900000000013511,1003,SH03,14201,2026-05-08,2026-09-21
900000000013512,1002,SH03,90210,2026-05-02,2026-05-02
900000000013513,1010,SH02,30301,2026-05-08,2026-05-07
900000000013514,1008,SH02,75201,2026-05-07,2026-07-27
900000000013515,1004,SH01,98101,2026-09-29,2026-11-11
900000000013516,1002,SH03,75201,2026-07-10,2026-11-23
900000000013517,1006,SH03,60652,2026-05-24,2026-11-23
900000000013518,1008,SH03,10001,2026-08-16,2026-10-11
900000000013519,1010,SH01,98101,2026-10-21,2026-06-10
900000000013520,1006,SH01,80201,2026-08-17,2026-06-09
900000000013521,1001,SH01,60652,2026-10-31,2026-11-11
900000000013522,1004,SH01,14201,2026-10-27,2026-10-11
900000000013523,1009,SH02,10001,2026-08-16,2026-07-02
900000000013524,1001,SH03,80201,2026-11-11,2026-11-11
900000000013525,1008,SH03,10001,2026-08-17,2026-09-29
900000000013526,1002,SH01,33101,2026-10-31,2026-07-10
900000000013527,1009,SH03,10001,2026-07-11,2026-08-16
900000000013528,1001,SH03,60601,2026-06-10,2026-05-09
900000000013529,1007,SH01,80201,2026-06-26,2026-09-28
900000000013530,1006,SH01,90210,2026-06-26,2026-07-11
900000000013531,1008,SH01,60601,2026-05-09,2026-05-07
900000000013532,1001,SH01,33101,2026-11-05,2026-08-16
900000000013533,1003,SH02,75201,2026-10-21,2026-10-26
900000000013534,1010,SH02,10001,2026-05-02,2026-06-10
900000000013535,1006,SH02,98101,2026-06-27,2026-09-21
900000000013536,1002,SH03,80201,2026-07-10,2026-09-28
900000000013537,1008,SH02,30301,2026-07-10,2026-07-11
900000000013538,1005,SH03,90210,2026-10-31,2026-07-10
900000000013539,1004,SH03,75201,2026-05-24,2026-06-29
900000000013540,1008,SH03,33101,2026-09-21,2026-08-17
900000000013541,1004,SH03,14201,2026-10-26,2026-10-26
900000000013542,1004,SH03,80201,2026-07-10,2026-08-16
900000000013543,1008,SH02,98101,2026-10-11,2026-09-29
900000000013544,1009,SH01,60601,2026-10-31,2026-10-31
900000000013545,1001,SH03,75201,2026-06-29,2026-05-24
900000000013546,1005,SH02,30301,2026-06-27,2026-07-11
900000000013547,1003,SH03,60601,2026-05-08,2026-07-02
900000000013548,1009,SH01,30301,2026-05-24,2026-10-14
900000000013549,1003,SH02,14201,2026-05-08,2026-07-11
900000000013550,1001,SH01,30301,2026-10-26,2026-07-27
900000000013551,1008,SH03,60652,2026-06-27,2026-10-26
900000000013552,1006,SH02,33101,2026-08-16,2026-11-05
900000000013553,1005,SH03,30301,2026-08-16,2026-07-02
900000000013554,1002,SH01,75201,2026-05-02,2026-08-16
900000000013555,1006,SH03,14201,2026-10-31,2026-11-23
900000000013556,1001,SH03,30301,2026-05-07,2026-11-23
900000000013557,1008,SH01,75201,2026-11-24,2026-10-26
900000000013558,1010,SH03,30301,2026-08-16,2026-07-27
900000000013559,1006,SH02,14201,2026-05-24,2026-10-27
900000000013560,1004,SH02,30301,2026-10-27,2026-07-10
900000000013561,1007,SH03,80201,2026-08-17,2026-07-11
900000000013562,1007,SH03,10001,2026-05-09,2026-10-26
900000000013563,1003,SH03,90210,2026-11-05,2026-07-27
900000000013564,1002,SH02,60652,2026-05-02,2026-09-21
900000000013565,1002,SH01,80201,2026-05-09,2026-10-31
900000000013566,1010,SH01,80201,2026-06-29,2026-10-21
900000000013567,1010,SH01,10001,2026-05-07,2026-06-27
900000000013568,1009,SH03,90210,2026-07-02,2026-10-14
900000000013569,1008,SH01,90210,2026-10-31,2026-06-29
900000000013570,1008,SH02,30301,2026-06-09,2026-09-21
900000000013571,1004,SH02,75201,2026-10-11,2026-05-07
900000000013572,1006,SH01,60601,2026-10-21,2026-05-09
900000000013573,1007,SH01,30301,2026-05-08,2026-06-10
900000000013574,1004,SH03,60601,2026-05-09,2026-09-28
900000000013575,1003,SH01,30301,2026-10-21,2026-05-02
900000000013576,1003,SH02,10001,2026-07-11,2026-08-16
900000000013577,1007,SH03,90210,2026-10-26,2026-11-05
900000000013578,1004,SH03,90210,2026-10-27,2026-06-27
900000000013579,1008,SH03,60601,2026-05-24,2026-06-26
900000000013580,1010,SH02,80201,2026-11-24,2026-08-17
900000000013581,1006,SH03,80201,2026-11-23,2026-10-14
900000000013582,1005,SH03,98101,2026-08-16,2026-07-10
900000000013583,1005,SH03,60601,2026-05-08,2026-05-09
900000000013584,1007,SH03,60601,2026-05-24,2026-07-27
900000000013585,1010,SH01,30301,2026-10-31,2026-10-21
900000000013586,1009,SH01,30301,2026-05-02,2026-10-21
900000000013587,1007,SH03,33101,2026-05-08,2026-05-24
900000000013588,1006,SH01,14201,2026-11-23,2026-05-07
900000000013589,1008,SH01,60652,2026-06-09,2026-10-11
900000000013590,1006,SH03,60601,2026-10-02,2026-07-27
900000000013591,1004,SH02,30301,2026-10-21,2026-09-29
900000000013592,1002,SH03,60652,2026-11-23,2026-06-26
900000000013593,1004,SH02,60652,2026-11-24,2026-06-09
900000000013594,1003,SH01,30301,2026-09-29,2026-11-23
900000000013595,1007,SH01,60601,2026-11-23,2026-07-02
900000000013596,1004,SH03,75201,2026-06-10,2026-10-31
900000000013597,1009,SH03,90210,2026-05-09,2026-06-10
900000000013598,1009,SH01,98101,2026-10-14,2026-09-29
900000000013599,1008,SH02,80201,2026-06-09,2026-10-27
900000000013600,1009,SH03,33101,2026-10-27,2026-05-24
900000000013601,1001,SH01,30301,2026-10-11,2026-07-11
900000000013602,1009,SH03,10001,2026-10-27,2026-09-21
900000000013603,1008,SH01,10001,2026-08-17,2026-06-29
900000000013604,1008,SH02,60652,2026-10-21,2026-11-24
900000000013605,1009,SH01,60601,2026-10-11,2026-10-21
900000000013606,1005,SH03,33101,2026-05-02,2026-06-26
900000000013607,1006,SH02,90210,2026-05-08,2026-09-29
900000000013608,1003,SH01,30301,2026-09-21,2026-10-27
900000000013609,1010,SH01,30301,2026-10-14,2026-07-02
900000000013610,1005,SH02,60601,2026-06-26,2026-06-09
900000000013611,1003,SH03,60601,2026-10-27,2026-05-02
900000000013612,1008,SH03,33101,2026-11-05,2026-09-29
900000000013613,1008,SH01,90210,2026-07-11,2026-07-27
900000000013614,1004,SH03,90210,2026-10-27,2026-10-11
900000000013615,1008,SH01,14201,2026-07-27,2026-07-27
900000000013616,1010,SH02,10001,2026-09-29,2026-10-31
900000000013617,1006,SH01,60652,2026-07-27,2026-08-16
900000000013618,1005,SH01,90210,2026-10-31,2026-06-29
900000000013619,1001,SH03,33101,2026-07-27,2026-05-02
900000000013620,1006,SH03,90210,2026-06-10,2026-05-09
900000000013621,1006,SH03,98101,2026-06-26,2026-11-24
900000000013622,1004,SH03,75201,2026-09-28,2026-06-29
900000000013623,1002,SH03,90210,2026-10-11,2026-10-21
900000000013624,1008,SH01,80201,2026-08-17,2026-09-28
900000000013625,1006,SH01,60652,2026-07-27,2026-05-02
900000000013626,1005,SH01,10001,2026-11-11,2026-08-16
900000000013627,1008,SH03,80201,2026-08-16,2026-07-11
900000000013628,1008,SH03,98101,2026-09-28,2026-11-05
900000000013629,1007,SH02,60601,2026-10-11,2026-11-05
900000000013630,1008,SH02,10001,2026-09-21,2026-10-14
900000000013631,1003,SH01,80201,2026-05-02,2026-11-11
900000000013632,1009,SH01,80201,2026-06-27,2026-09-28
900000000013633,1004,SH02,14201,2026-05-08,2026-11-11
900000000013634,1001,SH02,33101,2026-06-27,2026-09-21
900000000013635,1001,SH01,14201,2026-07-27,2026-05-09
900000000013636,1005,SH02,75201,2026-11-24,2026-10-26
900000000013637,1004,SH03,98101,2026-06-10,2026-06-29
900000000013638,1004,SH02,14201,2026-08-16,2026-07-02
900000000013639,1007,SH01,60601,2026-11-23,2026-08-17
900000000013640,1009,SH01,14201,2026-10-14,2026-06-26
900000000013641,1008,SH01,98101,2026-05-09,2026-06-10
900000000013642,1009,SH01,90210,2026-10-14,2026-10-21
900000000013643,1007,SH02,30301,2026-06-09,2026-05-07
900000000013644,1004,SH02,60652,2026-07-02,2026-09-28
900000000013645,1004,SH02,60652,2026-10-27,2026-10-14
900000000013646,1005,SH03,33101,2026-11-23,2026-10-26
900000000013647,1002,SH03,90210,2026-10-14,2026-09-28
900000000013648,1003,SH01,90210,2026-08-17,2026-08-17
900000000013649,1008,SH01,14201,2026-10-26,2026-07-10
900000000013650,1001,SH01,60652,2026-10-21,2026-10-26
900000000013651,1009,SH03,98101,2026-11-05,2026-10-31
900000000013652,1002,SH03,10001,2026-10-27,2026-11-05
900000000013653,1008,SH02,10001,2026-06-27,2026-05-02
900000000013654,1004,SH03,30301,2026-07-27,2026-09-21
900000000013655,1010,SH01,14201,2026-06-26,2026-09-21
900000000013656,1004,SH03,30301,2026-11-11,2026-07-27
900000000013657,1001,SH01,80201,2026-05-07,2026-10-14
900000000013658,1001,SH02,98101,2026-10-27,2026-05-08
900000000013659,1002,SH02,90210,2026-06-09,2026-07-11
900000000013660,1008,SH01,90210,2026-10-31,2026-06-26
900000000013661,1008,SH01,10001,2026-09-21,2026-07-02
900000000013662,1009,SH03,10001,2026-05-02,2026-05-24
900000000013663,1009,SH02,98101,2026-06-26,2026-10-31
900000000013664,1010,SH03,80201,2026-10-27,2026-08-17
900000000013665,1009,SH02,98101,2026-06-26,2026-09-21
900000000013666,1009,SH01,10001,2026-05-02,2026-05-08
900000000013667,1008,SH03,75201,2026-10-14,2026-10-11
900000000013668,1009,SH02,80201,2026-09-29,2026-07-02
900000000013669,1002,SH01,90210,2026-08-16,2026-05-08
900000000013670,1009,SH01,30301,2026-05-02,2026-06-29
900000000013671,1001,SH03,30301,2026-05-09,2026-07-02
900000000013672,1003,SH02,33101,2026-10-14,2026-05-08
900000000013673,1003,SH01,60652,2026-10-11,2026-11-23
900000000013674,1004,SH02,60601,2026-06-09,2026-11-23
900000000013675,1010,SH02,33101,2026-05-08,2026-06-27
900000000013676,1010,SH03,14201,2026-11-23,2026-08-17
900000000013677,1001,SH03,10001,2026-10-21,2026-06-10
900000000013678,1006,SH01,90210,2026-05-24,2026-10-26
900000000013679,1009,SH03,90210,2026-07-10,2026-07-11
900000000013680,1005,SH02,14201,2026-05-08,2026-05-08
900000000013681,1005,SH03,33101,2026-07-11,2026-10-27
900000000013682,1007,SH03,80201,2026-06-29,2026-10-31
900000000013683,1003,SH02,14201,2026-06-09,2026-05-08
900000000013684,1005,SH02,80201,2026-10-14,2026-09-29
900000000013685,1005,SH01,75201,2026-08-16,2026-07-02
900000000013686,1006,SH01,75201,2026-11-23,2026-10-02
900000000013687,1003,SH02,80201,2026-10-21,2026-06-29
900000000013688,1009,SH02,60652,2026-10-27,2026-11-11
900000000013689,1001,SH02,33101,2026-08-17,2026-09-21
900000000013690,1009,SH03,80201,2026-11-05,2026-05-07
900000000013691,1008,SH01,98101,2026-09-29,2026-10-27
900000000013692,1006,SH01,60652,2026-10-02,2026-10-27
900000000013693,1004,SH02,60601,2026-06-27,2026-10-02
900000000013694,1008,SH03,60601,2026-06-29,2026-11-24
900000000013695,1001,SH03,80201,2026-10-11,2026-06-09
900000000013696,1001,SH01,98101,2026-11-05,2026-05-02
900000000013697,1006,SH03,60601,2026-09-28,2026-09-21
900000000013698,1007,SH03,30301,2026-05-07,2026-10-11
900000000013699,1002,SH02,33101,2026-07-02,2026-06-10
900000000013700,1007,SH02,75201,2026-06-09,2026-06-29
900000000013701,1009,SH03,30301,2026-10-27,2026-10-02
900000000013702,1009,SH01,98101,2026-10-27,2026-11-23
900000000013703,1001,SH01,14201,2026-10-21,2026-06-09
900000000013704,1008,SH03,30301,2026-06-26,2026-06-26
900000000013705,1008,SH02,98101,2026-11-05,2026-05-08
900000000013706,1003,SH01,80201,2026-05-24,2026-10-14
900000000013707,1002,SH02,80201,2026-05-02,2026-07-27
900000000013708,1005,SH03,33101,2026-07-02,2026-08-17
900000000013709,1009,SH01,14201,2026-11-24,2026-10-21
900000000013710,1010,SH02,90210,2026-05-24,2026-09-28
900000000013711,1001,SH02,14201,2026-10-27,2026-06-09
900000000013712,1010,SH02,60652,2026-09-29,2026-10-02
900000000013713,1002,SH01,33101,2026-11-24,2026-05-09
900000000013714,1005,SH01,75201,2026-05-09,2026-10-31
900000000013715,1009,SH02,14201,2026-09-21,2026-05-09
900000000013716,1009,SH01,80201,2026-09-29,2026-10-27
900000000013717,1007,SH03,60601,2026-05-02,2026-07-10
900000000013718,1002,SH02,14201,2026-11-05,2026-09-28
900000000013719,1002,SH02,98101,2026-08-16,2026-10-02
900000000013720,1002,SH01,14201,2026-06-09,2026-06-26
900000000013721,1009,SH02,60601,2026-08-17,2026-06-27
900000000013722,1004,SH03,30301,2026-06-29,2026-07-02
900000000013723,1010,SH03,75201,2026-10-02,2026-05-02
900000000013724,1008,SH02,33101,2026-10-14,2026-06-27
900000000013725,1005,SH01,10001,2026-06-27,2026-07-11
900000000013726,1009,SH01,75201,2026-11-23,2026-10-02
900000000013727,1007,SH02,14201,2026-08-17,2026-06-09
900000000013728,1005,SH01,60601,2026-08-17,2026-06-10
900000000013729,1010,SH01,10001,2026-09-21,2026-10-11
900000000013730,1002,SH02,98101,2026-10-14,2026-09-28
900000000013731,1007,SH03,60601,2026-10-27,2026-05-24
900000000013732,1009,SH01,33101,2026-10-21,2026-05-09
900000000013733,1007,SH02,33101,2026-10-14,2026-10-21
900000000013734,1009,SH02,80201,2026-10-31,2026-09-29
900000000013735,1002,SH02,30301,2026-06-09,2026-09-28
900000000013736,1004,SH03,10001,2026-05-08,2026-10-21
900000000013737,1007,SH03,60601,2026-10-14,2026-05-08
900000000013738,1010,SH02,30301,2026-11-11,2026-08-17
900000000013739,1008,SH01,75201,2026-10-11,2026-11-24
900000000013740,1007,SH01,30301,2026-07-10,2026-07-02
900000000013741,1006,SH02,14201,2026-11-11,2026-05-24
900000000013742,1004,SH03,60652,2026-07-27,2026-10-21
900000000013743,1007,SH01,60652,2026-05-07,2026-10-21
900000000013744,1009,SH02,98101,2026-10-14,2026-06-29
900000000013745,1008,SH02,90210,2026-08-16,2026-07-02
900000000013746,1003,SH01,98101,2026-07-02,2026-06-10
900000000013747,1001,SH02,14201,2026-10-02,2026-05-24
900000000013748,1009,SH01,10001,2026-06-10,2026-09-21
900000000013749,1002,SH01,60652,2026-05-07,2026-06-09
900000000013750,1003,SH03,14201,2026-10-11,2026-07-02
900000000013751,1010,SH02,30301,2026-05-02,2026-07-10
900000000013752,1005,SH02,14201,2026-10-21,2026-06-27
900000000013753,1008,SH02,30301,2026-09-28,2026-11-23
900000000013754,1008,SH02,80201,2026-10-27,2026-10-14
900000000013755,1001,SH02,60652,2026-07-10,2026-06-29
900000000013756,1002,SH03,98101,2026-07-11,2026-10-21
900000000013757,1008,SH02,14201,2026-09-21,2026-06-10
900000000013758,1002,SH01,98101,2026-06-27,2026-10-14
900000000013759,1004,SH03,80201,2026-10-02,2026-10-27
900000000013760,1010,SH03,98101,2026-09-29,2026-09-28
900000000013761,1002,SH03,33101,2026-11-24,2026-10-21
900000000013762,1002,SH01,60652,2026-10-26,2026-10-26
900000000013763,1004,SH03,60652,2026-11-23,2026-10-26
900000000013764,1009,SH03,10001,2026-10-26,2026-05-09
900000000013765,1005,SH01,80201,2026-10-11,2026-06-26
900000000013766,1009,SH02,30301,2026-11-24,2026-10-27
900000000013767,1009,SH03,98101,2026-05-08,2026-06-27
900000000013768,1007,SH02,60652,2026-09-29,2026-09-21
900000000013769,1007,SH01,10001,2026-10-11,2026-06-10
900000000013770,1001,SH01,33101,2026-06-10,2026-10-26
900000000013771,1008,SH01,80201,2026-10-26,2026-09-21
900000000013772,1002,SH03,60652,2026-10-26,2026-10-11
900000000013773,1005,SH03,75201,2026-05-24,2026-05-24
900000000013774,1001,SH02,10001,2026-10-11,2026-10-27
900000000013775,1010,SH03,90210,2026-11-24,2026-11-24
900000000013776,1007,SH03,90210,2026-10-21,2026-07-02
900000000013777,1001,SH02,98101,2026-10-31,2026-07-27
900000000013778,1004,SH01,80201,2026-11-23,2026-06-26
900000000013779,1001,SH02,30301,2026-10-21,2026-07-10
900000000013780,1006,SH03,60652,2026-05-07,2026-05-24
900000000013781,1001,SH01,30301,2026-07-11,2026-06-26
900000000013782,1009,SH03,60652,2026-06-09,2026-11-24
900000000013783,1005,SH03,60601,2026-10-14,2026-11-23
900000000013784,1004,SH03,60601,2026-07-27,2026-05-24
900000000013785,1003,SH01,60601,2026-06-26,2026-09-28
900000000013786,1008,SH02,14201,2026-11-11,2026-10-27
900000000013787,1007,SH01,98101,2026-05-02,2026-07-11
900000000013788,1003,SH02,80201,2026-10-11,2026-05-09
900000000013789,1002,SH02,98101,2026-05-02,2026-06-29
900000000013790,1006,SH03,60652,2026-05-02,2026-07-02
900000000013791,1010,SH02,30301,2026-10-31,2026-05-02
900000000013792,1002,SH03,98101,2026-10-14,2026-07-02
900000000013793,1009,SH01,75201,2026-08-16,2026-10-26
900000000013794,1004,SH03,75201,2026-05-08,2026-10-31
900000000013795,1001,SH03,60601,2026-10-27,2026-11-23
900000000013796,1002,SH02,14201,2026-05-07,2026-10-21
900000000013797,1001,SH02,14201,2026-11-11,2026-09-21
900000000013798,1009,SH01,60601,2026-05-07,2026-07-27
900000000013799,1006,SH01,14201,2026-09-21,2026-09-29
900000000013800,1008,SH03,80201,2026-11-23,2026-05-02
900000000013801,1005,SH02,33101,2026-09-29,2026-10-27
900000000013802,1008,SH01,60652,2026-11-05,2026-10-21
900000000013803,1009,SH01,75201,2026-08-16,2026-06-29
900000000013804,1008,SH01,10001,2026-11-24,2026-05-09
900000000013805,1004,SH03,98101,2026-07-27,2026-10-11
900000000013806,1007,SH01,14201,2026-10-21,2026-06-27
900000000013807,1003,SH01,75201,2026-07-02,2026-11-05
900000000013808,1008,SH01,75201,2026-06-10,2026-07-10
900000000013809,1008,SH03,14201,2026-11-23,2026-09-28
900000000013810,1008,SH01,60601,2026-08-17,2026-06-26
900000000013811,1001,SH03,60601,2026-10-26,2026-05-07
900000000013812,1010,SH01,14201,2026-07-02,2026-10-02
900000000013813,1005,SH03,10001,2026-10-26,2026-06-27
900000000013814,1006,SH03,60652,2026-06-27,2026-05-02
900000000013815,1001,SH01,10001,2026-07-02,2026-11-24
900000000013816,1004,SH03,60652,2026-05-02,2026-06-09
900000000013817,1005,SH03,60652,2026-07-02,2026-07-11
900000000013818,1005,SH02,60601,2026-11-05,2026-06-29
900000000013819,1003,SH02,75201,2026-10-14,2026-10-31
900000000013820,1001,SH02,75201,2026-09-28,2026-05-24
900000000013821,1003,SH02,80201,2026-07-10,2026-06-10
900000000013822,1006,SH02,10001,2026-07-11,2026-06-09
900000000013823,1004,SH02,90210,2026-07-10,2026-06-09
900000000013824,1005,SH02,75201,2026-07-10,2026-07-02
900000000013825,1005,SH03,90210,2026-10-02,2026-08-17
900000000013826,1001,SH02,75201,2026-06-29,2026-06-26
900000000013827,1004,SH01,80201,2026-07-02,2026-10-02
900000000013828,1007,SH03,33101,2026-10-26,2026-10-27
900000000013829,1010,SH02,75201,2026-11-11,2026-08-16
900000000013830,1004,SH01,30301,2026-08-17,2026-05-09
900000000013831,1009,SH01,80201,2026-11-23,2026-09-29
900000000013832,1002,SH01,10001,2026-06-26,2026-06-10
900000000013833,1003,SH03,75201,2026-10-11,2026-09-28
900000000013834,1009,SH01,30301,2026-06-29,2026-11-23
900000000013835,1007,SH01,33101,2026-07-10,2026-10-27
900000000013836,1006,SH01,80201,2026-11-05,2026-10-27
900000000013837,1010,SH02,30301,2026-05-07,2026-07-10
900000000013838,1005,SH03,75201,2026-10-14,2026-05-08
900000000013839,1010,SH02,90210,2026-10-27,2026-10-11
900000000013840,1001,SH02,14201,2026-10-02,2026-10-21
900000000013841,1001,SH01,30301,2026-10-02,2026-10-21
900000000013842,1006,SH03,33101,2026-11-11,2026-10-26
900000000013843,1008,SH01,60601,2026-10-31,2026-07-02
900000000013844,1003,SH01,75201,2026-08-16,2026-07-11
900000000013845,1008,SH02,30301,2026-10-14,2026-07-27
900000000013846,1004,SH01,14201,2026-10-21,2026-06-26
900000000013847,1007,SH02,14201,2026-10-27,2026-09-28
900000000013848,1006,SH01,80201,2026-09-21,2026-10-26
900000000013849,1003,SH01,14201,2026-06-27,2026-07-10
900000000013850,1009,SH03,60652,2026-05-07,2026-09-21
900000000013851,1001,SH01,33101,2026-09-29,2026-06-29
900000000013852,1005,SH03,75201,2026-06-27,2026-05-24
900000000013853,1006,SH02,80201,2026-06-26,2026-10-27
900000000013854,1008,SH01,75201,2026-08-16,2026-11-24
900000000013855,1009,SH01,30301,2026-10-11,2026-09-21
900000000013856,1007,SH02,14201,2026-07-10,2026-06-26
900000000013857,1003,SH03,80201,2026-10-14,2026-11-05
900000000013858,1005,SH02,30301,2026-07-27,2026-05-24
900000000013859,1003,SH03,80201,2026-11-24,2026-06-10
900000000013860,1009,SH02,60652,2026-05-02,2026-09-28
900000000013861,1008,SH02,90210,2026-07-10,2026-06-10
900000000013862,1006,SH01,60652,2026-10-26,2026-11-11
900000000013863,1009,SH01,75201,2026-05-07,2026-10-21
900000000013864,1010,SH01,33101,2026-06-26,2026-07-27
900000000013865,1003,SH02,80201,2026-11-23,2026-06-29
900000000013866,1001,SH02,90210,2026-05-07,2026-10-02
900000000013867,1001,SH02,33101,2026-10-21,2026-07-10
900000000013868,1006,SH02,75201,2026-05-24,2026-10-26
900000000013869,1003,SH03,33101,2026-07-11,2026-06-10
900000000013870,1008,SH01,75201,2026-10-11,2026-05-07
900000000013871,1007,SH02,75201,2026-10-21,2026-05-08
900000000013872,1008,SH02,60601,2026-07-10,2026-08-17
900000000013873,1008,SH02,75201,2026-06-27,2026-07-11
900000000013874,1008,SH01,98101,2026-07-02,2026-07-27
900000000013875,1009,SH01,30301,2026-06-09,2026-10-27
900000000013876,1005,SH01,60601,2026-11-24,2026-10-14
900000000013877,1004,SH01,33101,2026-11-23,2026-08-17
900000000013878,1006,SH03,98101,2026-05-09,2026-09-29
900000000013879,1007,SH02,60652,2026-07-11,2026-11-24
900000000013880,1002,SH02,75201,2026-06-27,2026-11-24
900000000013881,1008,SH03,30301,2026-10-26,2026-10-27
900000000013882,1008,SH03,33101,2026-06-10,2026-10-26
900000000013883,1007,SH03,33101,2026-05-09,2026-07-27
900000000013884,1001,SH01,60652,2026-11-24,2026-10-27
900000000013885,1007,SH03,30301,2026-10-21,2026-11-24
900000000013886,1004,SH03,80201,2026-08-16,2026-06-09
900000000013887,1010,SH02,60652,2026-07-02,2026-07-11
900000000013888,1006,SH02,33101,2026-06-09,2026-08-17
900000000013889,1003,SH02,98101,2026-05-24,2026-05-09
900000000013890,1003,SH02,75201,2026-05-09,2026-07-11
900000000013891,1001,SH03,60601,2026-08-16,2026-11-11
900000000013892,1008,SH03,30301,2026-11-23,2026-05-07
900000000013893,1008,SH01,10001,2026-09-28,2026-06-26
900000000013894,1007,SH01,90210,2026-05-08,2026-08-17
900000000013895,1009,SH02,75201,2026-06-09,2026-05-24
900000000013896,1007,SH03,30301,2026-10-31,2026-11-24
900000000013897,1003,SH02,30301,2026-06-26,2026-10-21
900000000013898,1005,SH01,30301,2026-07-11,2026-10-26
900000000013899,1004,SH02,30301,2026-10-26,2026-08-16
900000000013900,1004,SH01,14201,2026-10-21,2026-11-05
900000000013901,1009,SH03,33101,2026-09-28,2026-06-09
900000000013902,1005,SH02,90210,2026-05-24,2026-09-21
900000000013903,1005,SH02,14201,2026-08-17,2026-10-02
900000000013904,1009,SH02,30301,2026-10-27,2026-11-05
900000000013905,1003,SH01,14201,2026-09-29,2026-10-31
900000000013906,1004,SH03,10001,2026-10-27,2026-05-08
900000000013907,1002,SH03,60652,2026-09-21,2026-07-02
900000000013908,1001,SH01,90210,2026-07-02,2026-10-14
900000000013909,1004,SH01,90210,2026-06-29,2026-06-10
900000000013910,1002,SH02,10001,2026-06-09,2026-07-02
900000000013911,1008,SH03,75201,2026-06-10,2026-07-11
900000000013912,1006,SH01,10001,2026-07-10,2026-05-08
900000000013913,1003,SH01,14201,2026-06-10,2026-10-27
900000000013914,1008,SH01,10001,2026-05-08,2026-10-27
900000000013915,1001,SH03,80201,2026-10-21,2026-09-29
900000000013916,1008,SH01,75201,2026-07-02,2026-06-29
900000000013917,1003,SH01,10001,2026-10-26,2026-10-11
900000000013918,1003,SH03,98101,2026-05-02,2026-10-31
900000000013919,1007,SH03,30301,2026-10-31,2026-11-24
900000000013920,1002,SH03,90210,2026-07-10,2026-08-17
900000000013921,1001,SH01,75201,2026-08-17,2026-08-16
900000000013922,1010,SH02,98101,2026-07-02,2026-10-21
900000000013923,1003,SH01,33101,2026-05-09,2026-10-11
900000000013924,1005,SH01,33101,2026-07-02,2026-06-26
900000000013925,1009,SH02,60652,2026-11-11,2026-07-11
900000000013926,1009,SH01,33101,2026-10-26,2026-05-02
900000000013927,1003,SH02,60601,2026-11-11,2026-09-28
900000000013928,1008,SH02,30301,2026-10-26,2026-08-17
900000000013929,1008,SH02,60601,2026-10-14,2026-07-11
900000000013930,1006,SH02,75201,2026-10-31,2026-11-05
900000000013931,1006,SH01,30301,2026-05-09,2026-05-24
900000000013932,1008,SH02,14201,2026-08-17,2026-10-26
900000000013933,1001,SH03,90210,2026-09-28,2026-07-02
900000000013934,1007,SH01,80201,2026-05-02,2026-09-21
900000000013935,1009,SH02,80201,2026-05-08,2026-09-28
900000000013936,1010,SH01,80201,2026-10-26,2026-09-29
900000000013937,1005,SH02,80201,2026-05-08,2026-06-09
900000000013938,1007,SH02,10001,2026-05-08,2026-06-09
900000000013939,1006,SH01,75201,2026-06-26,2026-06-29
900000000013940,1003,SH01,14201,2026-05-24,2026-11-05
900000000013941,1008,SH03,98101,2026-10-21,2026-08-16
900000000013942,1007,SH02,33101,2026-10-21,2026-11-11
900000000013943,1007,SH03,90210,2026-10-21,2026-10-11
900000000013944,1010,SH01,30301,2026-07-11,2026-05-09
900000000013945,1005,SH01,60601,2026-10-27,2026-05-07
900000000013946,1007,SH01,60601,2026-07-10,2026-05-08
900000000013947,1009,SH02,98101,2026-10-11,2026-06-09
900000000013948,1002,SH01,75201,2026-10-14,2026-10-31
900000000013949,1002,SH01,33101,2026-10-26,2026-05-24
900000000013950,1005,SH03,75201,2026-07-11,2026-10-14
900000000013951,1005,SH01,80201,2026-09-28,2026-10-31
900000000013952,1005,SH03,98101,2026-09-28,2026-09-21
900000000013953,1007,SH01,75201,2026-10-14,2026-10-02
900000000013954,1010,SH02,60652,2026-06-09,2026-07-02
900000000013955,1004,SH01,14201,2026-09-21,2026-07-11
900000000013956,1004,SH01,30301,2026-08-16,2026-11-24
900000000013957,1003,SH02,10001,2026-05-09,2026-06-27
900000000013958,1003,SH02,10001,2026-05-07,2026-06-10
900000000013959,1002,SH01,60652,2026-09-28,2026-05-08
900000000013960,1001,SH01,90210,2026-10-27,2026-09-21
900000000013961,1005,SH01,10001,2026-06-29,2026-10-21
900000000013962,1005,SH03,30301,2026-07-27,2026-07-27
900000000013963,1009,SH01,33101,2026-06-26,2026-10-11
900000000013964,1002,SH03,98101,2026-07-27,2026-10-02
900000000013965,1008,SH01,90210,2026-11-23,2026-07-27
900000000013966,1009,SH01,30301,2026-08-17,2026-05-08
900000000013967,1010,SH02,60652,2026-07-02,2026-08-16
900000000013968,1008,SH02,75201,2026-06-09,2026-11-24
900000000013969,1006,SH03,14201,2026-09-29,2026-07-11
900000000013970,1004,SH01,90210,2026-09-21,2026-08-16
900000000013971,1001,SH02,80201,2026-10-02,2026-08-17
900000000013972,1006,SH03,30301,2026-11-11,2026-07-02
900000000013973,1006,SH01,75201,2026-05-24,2026-10-21
900000000013974,1009,SH01,10001,2026-10-21,2026-05-07
900000000013975,1001,SH01,80201,2026-05-02,2026-07-11
900000000013976,1001,SH01,60652,2026-10-11,2026-11-11
900000000013977,1002,SH03,90210,2026-07-02,2026-07-27
900000000013978,1005,SH02,98101,2026-07-10,2026-09-28
900000000013979,1001,SH01,10001,2026-07-27,2026-11-24
900000000013980,1005,SH02,60601,2026-07-11,2026-06-26
900000000013981,1010,SH02,98101,2026-10-21,2026-11-24
900000000013982,1005,SH03,14201,2026-10-02,2026-07-27
900000000013983,1007,SH03,90210,2026-10-11,2026-07-10
900000000013984,1010,SH03,33101,2026-10-21,2026-11-23
900000000013985,1008,SH01,98101,2026-05-08,2026-09-29
900000000013986,1007,SH02,80201,2026-09-21,2026-10-11
900000000013987,1001,SH03,60652,2026-10-14,2026-11-11
900000000013988,1009,SH02,80201,2026-11-24,2026-05-09
900000000013989,1007,SH01,60601,2026-06-27,2026-05-02
900000000013990,1007,SH02,33101,2026-05-02,2026-05-09
900000000013991,1001,SH01,14201,2026-09-29,2026-11-05
900000000013992,1010,SH02,60601,2026-10-11,2026-11-11
900000000013993,1001,SH03,60652,2026-10-31,2026-09-28
900000000013994,1002,SH02,14201,2026-05-09,2026-07-11
900000000013995,1002,SH03,33101,2026-07-10,2026-06-09
900000000013996,1003,SH02,98101,2026-05-09,2026-05-09
900000000013997,1005,SH01,33101,2026-10-02,2026-08-17
900000000013998,1007,SH02,98101,2026-10-11,2026-07-02
900000000013999,1010,SH01,30301,2026-09-29,2026-10-21
900000000014000,1002,SH01,98101,2026-09-29,2026-07-02
900000000014001,1001,SH02,60652,2026-10-21,2026-10-02
900000000014002,1002,SH03,14201,2026-10-26,2026-05-07
900000000014003,1010,SH03,33101,2026-10-02,2026-09-21
900000000014004,1007,SH02,98101,2026-11-11,2026-06-27
900000000014005,1009,SH02,60652,2026-11-23,2026-09-29
900000000014006,1004,SH02,98101,2026-09-28,2026-05-02
900000000014007,1009,SH03,60601,2026-11-05,2026-09-28
900000000014008,1003,SH03,90210,2026-07-27,2026-06-10
900000000014009,1009,SH02,60601,2026-09-28,2026-11-24
900000000014010,1001,SH02,98101,2026-10-21,2026-09-21
900000000014011,1002,SH01,33101,2026-10-14,2026-05-09
900000000014012,1005,SH03,14201,2026-10-02,2026-09-21
900000000014013,1010,SH02,10001,2026-09-21,2026-08-17
900000000014014,1010,SH03,30301,2026-05-02,2026-08-16
900000000014015,1004,SH02,10001,2026-07-11,2026-10-27
900000000014016,1001,SH01,80201,2026-11-05,2026-10-26
900000000014017,1003,SH03,33101,2026-07-10,2026-11-24
900000000014018,1004,SH02,60652,2026-05-24,2026-05-07
900000000014019,1004,SH03,30301,2026-11-05,2026-07-10
900000000014020,1004,SH01,80201,2026-11-05,2026-05-09
900000000014021,1007,SH02,98101,2026-06-27,2026-10-11
900000000014022,1002,SH02,60601,2026-06-29,2026-11-11
900000000014023,1001,SH03,30301,2026-11-23,2026-08-16
900000000014024,1006,SH01,90210,2026-11-11,2026-06-10
900000000014025,1010,SH01,10001,2026-05-09,2026-10-26
900000000014026,1009,SH02,90210,2026-08-17,2026-10-31
900000000014027,1005,SH01,75201,2026-11-11,2026-09-21
900000000014028,1010,SH01,80201,2026-08-17,2026-07-27
900000000014029,1008,SH02,30301,2026-09-28,2026-07-10
900000000014030,1010,SH01,33101,2026-06-09,2026-11-23
900000000014031,1009,SH02,90210,2026-05-24,2026-09-21
900000000014032,1010,SH01,10001,2026-07-10,2026-07-02
900000000014033,1010,SH02,98101,2026-10-26,2026-10-21
900000000014034,1006,SH03,33101,2026-11-24,2026-06-10
900000000014035,1006,SH01,33101,2026-07-11,2026-06-26
900000000014036,1001,SH03,98101,2026-09-29,2026-06-10
900000000014037,1005,SH01,98101,2026-06-10,2026-07-27
900000000014038,1008,SH03,75201,2026-07-11,2026-06-27
900000000014039,1005,SH03,14201,2026-05-07,2026-07-10
900000000014040,1005,SH03,98101,2026-11-11,2026-06-29
900000000014041,1006,SH01,60652,2026-10-27,2026-10-11
900000000014042,1003,SH02,33101,2026-10-21,2026-07-11
900000000014043,1003,SH03,98101,2026-10-27,2026-09-29
900000000014044,1008,SH03,33101,2026-11-05,2026-09-29
900000000014045,1001,SH02,10001,2026-05-07,2026-09-29
900000000014046,1002,SH03,10001,2026-10-14,2026-07-11
900000000014047,1002,SH01,98101,2026-10-31,2026-08-17
900000000014048,1001,SH01,60601,2026-10-11,2026-06-10
900000000014049,1010,SH01,90210,2026-08-17,2026-05-09
900000000014050,1009,SH01,80201,2026-09-29,2026-07-02
900000000014051,1004,SH01,98101,2026-05-24,2026-10-27
900000000014052,1010,SH03,98101,2026-06-10,2026-10-02
900000000014053,1008,SH01,98101,2026-10-11,2026-05-08
900000000014054,1010,SH01,75201,2026-10-11,2026-09-28
900000000014055,1006,SH02,60652,2026-06-09,2026-06-10
900000000014056,1003,SH03,10001,2026-05-07,2026-08-16
900000000014057,1004,SH02,90210,2026-07-02,2026-06-27
900000000014058,1002,SH01,90210,2026-06-29,2026-09-21
900000000014059,1008,SH02,33101,2026-07-10,2026-05-07
900000000014060,1007,SH02,10001,2026-05-07,2026-10-21
900000000014061,1003,SH03,33101,2026-10-11,2026-07-10
900000000014062,1006,SH02,80201,2026-11-11,2026-07-02
900000000014063,1009,SH03,90210,2026-06-29,2026-06-27
900000000014064,1010,SH03,80201,2026-11-24,2026-07-10
900000000014065,1008,SH02,80201,2026-07-10,2026-11-23
900000000014066,1004,SH01,30301,2026-05-09,2026-09-28
900000000014067,1002,SH03,30301,2026-10-26,2026-10-26
900000000014068,1006,SH03,90210,2026-06-26,2026-11-11
900000000014069,1001,SH03,33101,2026-06-29,2026-10-14
900000000014070,1010,SH02,60652,2026-07-11,2026-09-28
900000000014071,1008,SH01,30301,2026-05-09,2026-10-14
900000000014072,1006,SH02,75201,2026-10-11,2026-10-26
900000000014073,1010,SH02,33101,2026-08-16,2026-10-27
900000000014074,1003,SH02,60601,2026-06-09,2026-06-27
900000000014075,1002,SH02,10001,2026-10-26,2026-06-26
900000000014076,1001,SH01,60601,2026-10-14,2026-08-16
900000000014077,1005,SH01,75201,2026-05-07,2026-10-11
900000000014078,1006,SH03,60601,2026-08-17,2026-10-02
900000000014079,1003,SH01,75201,2026-11-11,2026-05-02
900000000014080,1010,SH02,75201,2026-09-29,2026-10-14
900000000014081,1003,SH01,80201,2026-09-28,2026-11-05
900000000014082,1007,SH02,90210,2026-05-08,2026-11-24
900000000014083,1002,SH03,30301,2026-06-09,2026-10-02
900000000014084,1004,SH01,80201,2026-07-11,2026-09-29
900000000014085,1005,SH02,10001,2026-05-08,2026-10-21
900000000014086,1006,SH03,14201,2026-05-07,2026-06-27
900000000014087,1001,SH03,60601,2026-09-29,2026-10-02
900000000014088,1005,SH02,60652,2026-09-29,2026-10-02
900000000014089,1004,SH02,33101,2026-05-07,2026-10-31
900000000014090,1010,SH01,98101,2026-07-10,2026-07-27
900000000014091,1002,SH01,75201,2026-10-11,2026-06-09
900000000014092,1009,SH02,80201,2026-10-21,2026-09-29
900000000014093,1008,SH03,80201,2026-10-31,2026-10-11
900000000014094,1009,SH03,30301,2026-10-27,2026-07-27
900000000014095,1003,SH03,60601,2026-05-08,2026-05-24
900000000014096,1010,SH02,90210,2026-10-11,2026-11-05
900000000014097,1007,SH02,30301,2026-05-09,2026-09-28
900000000014098,1006,SH01,98101,2026-05-09,2026-05-07
900000000014099,1008,SH03,60601,2026-05-09,2026-07-02
900000000014100,1001,SH01,98101,2026-09-28,2026-05-24
900000000014101,1007,SH02,10001,2026-05-24,2026-07-02
900000000014102,1001,SH02,60652,2026-06-09,2026-06-27
900000000014103,1004,SH03,33101,2026-09-29,2026-09-21
900000000014104,1001,SH02,14201,2026-11-23,2026-06-09
900000000014105,1002,SH02,33101,2026-06-27,2026-06-26
900000000014106,1009,SH03,60601,2026-10-27,2026-06-26
900000000014107,1007,SH02,10001,2026-07-27,2026-08-17
900000000014108,1001,SH02,30301,2026-08-16,2026-07-11
900000000014109,1004,SH03,10001,2026-07-10,2026-11-05
900000000014110,1001,SH02,33101,2026-10-11,2026-10-26
900000000014111,1008,SH03,60601,2026-09-29,2026-11-23
900000000014112,1010,SH01,14201,2026-07-02,2026-10-26
900000000014113,1007,SH03,30301,2026-11-11,2026-10-26
900000000014114,1005,SH02,30301,2026-06-29,2026-11-24
900000000014115,1002,SH01,33101,2026-06-09,2026-11-24
900000000014116,1009,SH02,90210,2026-10-26,2026-09-29
900000000014117,1006,SH02,60652,2026-10-11,2026-07-02
900000000014118,1008,SH01,33101,2026-10-11,2026-09-28
900000000014119,1003,SH02,60601,2026-07-27,2026-06-26
900000000014120,1001,SH01,30301,2026-09-29,2026-10-21
900000000014121,1005,SH03,10001,2026-05-24,2026-07-10
900000000014122,1002,SH01,98101,2026-06-27,2026-05-02
900000000014123,1006,SH03,80201,2026-05-24,2026-11-23
900000000014124,1006,SH02,60652,2026-09-28,2026-11-24
900000000014125,1010,SH02,10001,2026-11-23,2026-11-05
900000000014126,1006,SH01,33101,2026-10-26,2026-09-21
900000000014127,1004,SH03,75201,2026-06-10,2026-10-27
900000000014128,1008,SH01,90210,2026-07-27,2026-05-09
900000000014129,1005,SH01,60652,2026-05-08,2026-06-29
900000000014130,1007,SH03,90210,2026-11-11,2026-11-24
900000000014131,1007,SH03,14201,2026-10-31,2026-06-10
900000000014132,1004,SH03,60601,2026-10-27,2026-07-11
900000000014133,1004,SH01,60601,2026-09-21,2026-07-10
900000000014134,1005,SH03,33101,2026-09-29,2026-10-02
900000000014135,1009,SH01,80201,2026-07-11,2026-07-27
900000000014136,1005,SH02,10001,2026-07-11,2026-07-27
900000000014137,1004,SH02,75201,2026-10-26,2026-10-14
900000000014138,1002,SH01,75201,2026-05-24,2026-06-26
900000000014139,1003,SH02,60601,2026-07-02,2026-11-23
900000000014140,1006,SH01,30301,2026-10-31,2026-06-10
900000000014141,1005,SH01,14201,2026-07-10,2026-05-07
900000000014142,1009,SH02,60652,2026-07-11,2026-11-11
900000000014143,1010,SH02,30301,2026-06-10,2026-09-28
900000000014144,1007,SH01,33101,2026-05-02,2026-05-24
900000000014145,1006,SH01,98101,2026-09-21,2026-06-26
900000000014146,1006,SH01,90210,2026-05-24,2026-09-29
900000000014147,1001,SH02,33101,2026-10-27,2026-11-11
900000000014148,1004,SH03,14201,2026-10-02,2026-10-21
900000000014149,1007,SH03,98101,2026-09-28,2026-08-16
900000000014150,1010,SH03,33101,2026-10-02,2026-08-16
900000000014151,1004,SH03,60601,2026-09-29,2026-10-27
900000000014152,1007,SH03,75201,2026-06-26,2026-10-26
900000000014153,1006,SH03,33101,2026-08-16,2026-08-17
900000000014154,1006,SH01,75201,2026-09-28,2026-10-14
900000000014155,1008,SH02,98101,2026-07-10,2026-07-27
900000000014156,1007,SH02,10001,2026-05-08,2026-10-31
900000000014157,1009,SH01,33101,2026-06-27,2026-08-17
900000000014158,1009,SH01,98101,2026-05-09,2026-11-05
900000000014159,1002,SH03,60601,2026-11-11,2026-06-29
900000000014160,1004,SH01,98101,2026-07-27,2026-10-14
900000000014161,1002,SH03,80201,2026-10-21,2026-11-24
900000000014162,1010,SH01,80201,2026-08-16,2026-11-05
900000000014163,1003,SH01,33101,2026-07-02,2026-09-21
900000000014164,1003,SH02,90210,2026-08-17,2026-11-23
900000000014165,1009,SH02,60652,2026-05-02,2026-05-02
900000000014166,1007,SH03,98101,2026-09-28,2026-11-24
900000000014167,1009,SH01,75201,2026-07-27,2026-09-29
900000000014168,1002,SH01,60652,2026-10-11,2026-05-24
900000000014169,1005,SH01,90210,2026-10-02,2026-10-14
900000000014170,1008,SH03,98101,2026-05-07,2026-10-26
900000000014171,1007,SH01,60601,2026-10-26,2026-10-02
900000000014172,1009,SH03,98101,2026-05-08,2026-10-27
900000000014173,1006,SH01,60652,2026-11-23,2026-10-27
900000000014174,1010,SH02,10001,2026-06-26,2026-09-21
900000000014175,1005,SH01,60601,2026-05-24,2026-10-21
900000000014176,1003,SH02,30301,2026-05-09,2026-11-23
900000000014177,1005,SH02,14201,2026-10-31,2026-06-29
900000000014178,1003,SH01,10001,2026-05-09,2026-10-11
900000000014179,1006,SH03,60652,2026-10-21,2026-05-08
900000000014180,1009,SH02,75201,2026-09-21,2026-05-07
900000000014181,1010,SH02,90210,2026-07-27,2026-07-10
900000000014182,1001,SH03,33101,2026-10-21,2026-10-02
900000000014183,1006,SH03,33101,2026-06-27,2026-05-07
900000000014184,1003,SH02,60601,2026-10-11,2026-05-02
900000000014185,1009,SH02,14201,2026-10-26,2026-09-21
900000000014186,1009,SH01,30301,2026-10-02,2026-11-23
900000000014187,1008,SH02,75201,2026-10-11,2026-05-08
900000000014188,1010,SH02,75201,2026-10-14,2026-07-27
900000000014189,1010,SH02,80201,2026-10-21,2026-09-29
900000000014190,1006,SH02,33101,2026-08-16,2026-10-26
900000000014191,1001,SH03,98101,2026-06-10,2026-10-27
900000000014192,1004,SH01,98101,2026-08-16,2026-06-29
900000000014193,1009,SH03,90210,2026-11-05,2026-05-08
900000000014194,1008,SH03,98101,2026-05-24,2026-05-09
900000000014195,1010,SH02,90210,2026-09-21,2026-09-29
900000000014196,1002,SH01,33101,2026-11-11,2026-05-08
900000000014197,1002,SH03,33101,2026-10-21,2026-07-02
900000000014198,1002,SH03,33101,2026-07-02,2026-05-07
900000000014199,1001,SH03,30301,2026-09-21,2026-06-09
900000000014200,1005,SH01,14201,2026-05-09,2026-09-28
900000000014201,1010,SH01,60601,2026-11-05,2026-10-31
900000000014202,1005,SH01,10001,2026-11-24,2026-11-11
900000000014203,1002,SH03,98101,2026-10-27,2026-11-05
900000000014204,1005,SH02,75201,2026-08-17,2026-07-27
900000000014205,1010,SH01,75201,2026-06-27,2026-11-24
900000000014206,1010,SH02,10001,2026-06-10,2026-05-24
900000000014207,1004,SH02,75201,2026-06-09,2026-10-26
900000000014208,1002,SH02,80201,2026-11-23,2026-07-10
900000000014209,1007,SH02,30301,2026-10-31,2026-10-21
900000000014210,1006,SH03,60652,2026-11-05,2026-10-14
900000000014211,1009,SH03,30301,2026-07-10,2026-08-16
900000000014212,1002,SH02,30301,2026-06-09,2026-10-31
900000000014213,1004,SH03,75201,2026-10-31,2026-05-24
900000000014214,1005,SH01,90210,2026-10-11,2026-10-14
900000000014215,1003,SH02,60601,2026-06-09,2026-06-29
900000000014216,1005,SH01,75201,2026-10-21,2026-11-24
900000000014217,1007,SH02,60652,2026-10-27,2026-07-27
900000000014218,1003,SH01,90210,2026-10-02,2026-07-27
900000000014219,1009,SH01,60601,2026-06-09,2026-11-05
900000000014220,1002,SH02,98101,2026-05-07,2026-06-09
900000000014221,1004,SH03,30301,2026-06-10,2026-08-16
900000000014222,1005,SH03,10001,2026-10-31,2026-06-10
900000000014223,1007,SH01,30301,2026-06-27,2026-09-29
900000000014224,1009,SH02,98101,2026-06-26,2026-10-26
900000000014225,1005,SH01,14201,2026-05-09,2026-07-10
900000000014226,1004,SH01,10001,2026-09-28,2026-05-08
900000000014227,1006,SH02,80201,2026-05-08,2026-05-07
900000000014228,1001,SH03,90210,2026-10-21,2026-08-17
900000000014229,1008,SH03,80201,2026-10-31,2026-06-09
900000000014230,1009,SH02,10001,2026-10-21,2026-09-21
900000000014231,1008,SH03,33101,2026-10-27,2026-09-28
900000000014232,1007,SH01,90210,2026-08-17,2026-08-17
900000000014233,1003,SH03,14201,2026-09-29,2026-07-27
900000000014234,1006,SH01,75201,2026-06-29,2026-11-05
900000000014235,1009,SH01,33101,2026-09-29,2026-11-05
900000000014236,1006,SH01,33101,2026-07-10,2026-10-11
900000000014237,1003,SH01,60601,2026-11-05,2026-08-16
900000000014238,1003,SH02,30301,2026-10-02,2026-11-11
900000000014239,1002,SH03,30301,2026-10-21,2026-06-10
900000000014240,1007,SH02,14201,2026-05-02,2026-06-26
900000000014241,1006,SH03,10001,2026-05-24,2026-11-23
900000000014242,1007,SH01,90210,2026-09-21,2026-05-24
900000000014243,1007,SH02,98101,2026-10-27,2026-08-17
900000000014244,1005,SH03,33101,2026-09-21,2026-06-29
900000000014245,1009,SH03,80201,2026-09-29,2026-09-29
900000000014246,1010,SH03,75201,2026-06-10,2026-06-26
900000000014247,1004,SH02,75201,2026-10-27,2026-07-11
900000000014248,1001,SH03,60601,2026-05-07,2026-07-02
900000000014249,1008,SH01,60601,2026-06-27,2026-11-11
900000000014250,1006,SH03,10001,2026-10-14,2026-10-14
900000000014251,1002,SH01,98101,2026-09-21,2026-11-11
900000000014252,1002,SH01,30301,2026-09-21,2026-06-27
900000000014253,1003,SH01,14201,2026-05-24,2026-06-26
900000000014254,1002,SH01,33101,2026-10-02,2026-11-11
900000000014255,1005,SH02,10001,2026-06-09,2026-10-27
900000000014256,1005,SH03,80201,2026-05-02,2026-05-24
900000000014257,1003,SH03,98101,2026-07-02,2026-06-27
900000000014258,1004,SH03,75201,2026-07-02,2026-07-10
900000000014259,1003,SH02,10001,2026-11-24,2026-05-07
900000000014260,1002,SH02,30301,2026-06-10,2026-05-02
900000000014261,1008,SH01,75201,2026-07-27,2026-05-02
900000000014262,1003,SH03,98101,2026-06-10,2026-10-27
900000000014263,1009,SH01,30301,2026-08-16,2026-11-11
900000000014264,1006,SH01,98101,2026-05-24,2026-05-08
900000000014265,1002,SH02,80201,2026-06-29,2026-09-29
900000000014266,1005,SH02,33101,2026-05-07,2026-06-09
900000000014267,1007,SH01,10001,2026-07-02,2026-07-11
900000000014268,1009,SH03,14201,2026-10-31,2026-09-29
900000000014269,1009,SH03,33101,2026-06-09,2026-09-21
900000000014270,1003,SH01,60652,2026-05-02,2026-09-28
900000000014271,1005,SH02,75201,2026-09-29,2026-05-02
900000000014272,1002,SH03,30301,2026-10-26,2026-11-11
900000000014273,1009,SH01,14201,2026-07-27,2026-10-21
900000000014274,1004,SH03,80201,2026-06-27,2026-10-26
900000000014275,1008,SH03,10001,2026-07-27,2026-10-21
900000000014276,1006,SH01,10001,2026-11-24,2026-06-09
900000000014277,1002,SH02,10001,2026-06-10,2026-08-17
900000000014278,1009,SH01,14201,2026-09-28,2026-09-29
900000000014279,1001,SH01,80201,2026-10-26,2026-05-09
900000000014280,1007,SH03,14201,2026-05-08,2026-06-26
900000000014281,1002,SH03,75201,2026-09-29,2026-05-08
900000000014282,1003,SH01,75201,2026-06-10,2026-09-21
900000000014283,1007,SH02,60652,2026-08-16,2026-05-08
900000000014284,1001,SH02,80201,2026-10-14,2026-05-07
900000000014285,1010,SH02,98101,2026-11-11,2026-10-14
900000000014286,1003,SH03,98101,2026-05-02,2026-06-10
900000000014287,1004,SH01,98101,2026-08-17,2026-08-17
900000000014288,1008,SH02,60652,2026-10-31,2026-07-27
900000000014289,1003,SH02,33101,2026-11-11,2026-07-27
900000000014290,1006,SH01,60601,2026-05-08,2026-10-21
900000000014291,1009,SH02,60601,2026-10-27,2026-06-27
900000000014292,1002,SH01,14201,2026-05-08,2026-10-14
900000000014293,1004,SH02,98101,2026-11-23,2026-10-02
900000000014294,1005,SH01,30301,2026-05-08,2026-07-02
900000000014295,1005,SH01,80201,2026-05-07,2026-07-10
900000000014296,1004,SH01,14201,2026-10-02,2026-06-27
900000000014297,1008,SH03,10001,2026-10-02,2026-10-26
900000000014298,1005,SH01,10001,2026-06-09,2026-06-27
900000000014299,1007,SH02,98101,2026-07-10,2026-06-29
900000000014300,1005,SH01,75201,2026-10-02,2026-06-27
900000000014301,1008,SH02,75201,2026-05-24,2026-11-11
900000000014302,1008,SH01,60601,2026-11-24,2026-11-11
900000000014303,1005,SH03,98101,2026-05-24,2026-07-02
900000000014304,1004,SH01,75201,2026-11-23,2026-06-26
900000000014305,1008,SH01,98101,2026-06-09,2026-09-28
900000000014306,1009,SH01,98101,2026-10-26,2026-09-28
900000000014307,1001,SH01,10001,2026-11-24,2026-10-26
900000000014308,1003,SH01,14201,2026-07-10,2026-07-11
900000000014309,1006,SH02,98101,2026-05-09,2026-05-08
900000000014310,1003,SH01,30301,2026-11-05,2026-07-10
900000000014311,1006,SH03,90210,2026-10-02,2026-06-09
900000000014312,1007,SH03,33101,2026-10-27,2026-11-24
900000000014313,1001,SH03,60601,2026-09-28,2026-10-14
900000000014314,1007,SH02,90210,2026-11-05,2026-05-09
900000000014315,1004,SH01,80201,2026-10-21,2026-10-27
900000000014316,1006,SH02,10001,2026-06-26,2026-06-26
900000000014317,1010,SH02,30301,2026-10-11,2026-10-11
900000000014318,1003,SH03,33101,2026-06-09,2026-11-05
900000000014319,1007,SH01,14201,2026-07-11,2026-11-11
900000000014320,1009,SH02,60601,2026-05-02,2026-06-27
900000000014321,1002,SH01,14201,2026-09-29,2026-10-31
900000000014322,1007,SH02,90210,2026-09-28,2026-07-27
900000000014323,1005,SH03,98101,2026-10-14,2026-06-10
900000000014324,1001,SH01,30301,2026-10-14,2026-10-14
900000000014325,1007,SH02,60652,2026-07-02,2026-10-31
900000000014326,1002,SH01,60601,2026-07-11,2026-05-24
900000000014327,1008,SH01,30301,2026-06-26,2026-11-05
900000000014328,1001,SH03,60652,2026-11-23,2026-11-24
900000000014329,1005,SH03,90210,2026-10-21,2026-10-31
900000000014330,1004,SH01,60652,2026-07-02,2026-09-29
900000000014331,1008,SH02,60652,2026-06-29,2026-10-14
900000000014332,1010,SH03,30301,2026-08-17,2026-09-21
900000000014333,1005,SH02,60601,2026-07-10,2026-07-02
900000000014334,1002,SH02,14201,2026-10-26,2026-10-02
900000000014335,1006,SH03,60652,2026-06-09,2026-11-23
900000000014336,1002,SH02,14201,2026-06-09,2026-07-10
900000000014337,1001,SH01,33101,2026-08-16,2026-11-11
900000000014338,1008,SH01,60601,2026-08-17,2026-07-02
900000000014339,1008,SH03,80201,2026-11-05,2026-06-29
900000000014340,1007,SH01,75201,2026-09-21,2026-10-26
900000000014341,1010,SH02,90210,2026-05-08,2026-05-08
900000000014342,1009,SH03,75201,2026-10-31,2026-10-27
900000000014343,1005,SH01,80201,2026-10-21,2026-10-14
900000000014344,1004,SH02,98101,2026-09-21,2026-10-02
900000000014345,1004,SH01,90210,2026-05-02,2026-09-28
900000000014346,1006,SH01,33101,2026-10-02,2026-05-24
900000000014347,1009,SH03,30301,2026-07-27,2026-11-11
900000000014348,1008,SH01,10001,2026-07-10,2026-11-23
900000000014349,1002,SH02,33101,2026-10-14,2026-07-02
900000000014350,1002,SH02,98101,2026-08-17,2026-08-17
900000000014351,1001,SH03,10001,2026-05-07,2026-05-24
900000000014352,1004,SH01,90210,2026-10-21,2026-09-29
900000000014353,1009,SH03,90210,2026-07-27,2026-11-11
900000000014354,1010,SH02,14201,2026-10-02,2026-09-28
900000000014355,1005,SH01,60601,2026-08-17,2026-09-28
900000000014356,1002,SH03,60601,2026-10-11,2026-10-27
900000000014357,1010,SH03,75201,2026-05-02,2026-05-24
900000000014358,1003,SH03,75201,2026-10-31,2026-06-10
900000000014359,1009,SH02,14201,2026-09-28,2026-05-09
900000000014360,1005,SH01,14201,2026-10-02,2026-10-14
900000000014361,1010,SH03,14201,2026-09-21,2026-07-02
900000000014362,1002,SH02,30301,2026-06-10,2026-09-28
900000000014363,1008,SH03,98101,2026-06-29,2026-06-10
900000000014364,1008,SH03,75201,2026-11-24,2026-10-14
900000000014365,1003,SH03,90210,2026-07-11,2026-09-21
900000000014366,1009,SH03,30301,2026-06-27,2026-10-21
900000000014367,1003,SH03,10001,2026-10-14,2026-08-16
900000000014368,1006,SH01,90210,2026-09-28,2026-11-11
900000000014369,1005,SH03,75201,2026-07-02,2026-11-23
900000000014370,1008,SH03,90210,2026-10-11,2026-05-24
900000000014371,1002,SH01,60601,2026-11-05,2026-09-21
900000000014372,1003,SH03,60652,2026-09-29,2026-07-27
900000000014373,1002,SH03,60601,2026-10-02,2026-05-08
900000000014374,1010,SH02,14201,2026-08-17,2026-05-24
900000000014375,1004,SH03,60601,2026-08-17,2026-09-28
900000000014376,1003,SH02,60652,2026-11-05,2026-05-08
900000000014377,1004,SH01,30301,2026-11-23,2026-05-02
900000000014378,1007,SH02,98101,2026-06-09,2026-07-10
900000000014379,1007,SH01,33101,2026-11-11,2026-10-27
900000000014380,1002,SH02,80201,2026-11-24,2026-11-11
900000000014381,1004,SH02,75201,2026-09-21,2026-10-31
900000000014382,1003,SH03,60601,2026-09-28,2026-05-09
900000000014383,1001,SH02,10001,2026-05-24,2026-09-21
900000000014384,1004,SH02,14201,2026-11-24,2026-10-26
900000000014385,1004,SH01,30301,2026-11-23,2026-10-26
900000000014386,1009,SH02,60652,2026-10-26,2026-11-23
900000000014387,1001,SH01,14201,2026-08-16,2026-09-21
900000000014388,1009,SH03,98101,2026-11-05,2026-08-17
900000000014389,1010,SH03,60652,2026-08-17,2026-08-16
900000000014390,1003,SH03,60652,2026-10-11,2026-11-23
900000000014391,1005,SH02,80201,2026-07-27,2026-08-16
900000000014392,1002,SH03,30301,2026-07-11,2026-07-02
900000000014393,1002,SH02,60652,2026-10-31,2026-05-08
900000000014394,1005,SH01,60601,2026-05-24,2026-11-11
900000000014395,1001,SH02,60652,2026-05-02,2026-07-27
900000000014396,1006,SH01,60652,2026-11-11,2026-09-29
900000000014397,1003,SH01,90210,2026-09-28,2026-10-11
900000000014398,1007,SH02,98101,2026-07-27,2026-10-14
900000000014399,1008,SH03,98101,2026-10-27,2026-06-10
900000000014400,1009,SH03,98101,2026-10-27,2026-08-16
900000000014401,1001,SH01,75201,2026-09-21,2026-06-27
900000000014402,1004,SH02,14201,2026-05-02,2026-09-21
900000000014403,1004,SH01,90210,2026-10-11,2026-11-23
900000000014404,1005,SH02,30301,2026-06-26,2026-09-21
900000000014405,1004,SH01,90210,2026-06-26,2026-07-02
900000000014406,1005,SH03,75201,2026-09-21,2026-09-29
900000000014407,1005,SH02,60652,2026-09-28,2026-09-29
900000000014408,1008,SH02,60652,2026-05-24,2026-10-21
900000000014409,1005,SH02,30301,2026-06-29,2026-07-11
900000000014410,1006,SH02,90210,2026-11-05,2026-06-26
900000000014411,1004,SH02,80201,2026-09-28,2026-08-17
900000000014412,1002,SH02,75201,2026-11-11,2026-11-11
900000000014413,1005,SH01,33101,2026-11-05,2026-08-16
900000000014414,1006,SH03,33101,2026-07-11,2026-09-29
900000000014415,1008,SH02,80201,2026-10-02,2026-07-02
900000000014416,1002,SH02,80201,2026-09-29,2026-06-27
900000000014417,1007,SH01,60601,2026-05-08,2026-10-02
900000000014418,1004,SH02,14201,2026-07-10,2026-07-10
900000000014419,1002,SH02,60601,2026-10-31,2026-05-07
900000000014420,1010,SH01,75201,2026-09-29,2026-11-24
900000000014421,1005,SH03,98101,2026-11-24,2026-11-24
900000000014422,1002,SH03,10001,2026-06-10,2026-09-28
900000000014423,1010,SH01,75201,2026-10-14,2026-10-21
900000000014424,1008,SH03,75201,2026-10-26,2026-07-02
900000000014425,1003,SH02,14201,2026-05-09,2026-05-08
900000000014426,1008,SH01,98101,2026-10-21,2026-08-16
900000000014427,1004,SH01,75201,2026-07-10,2026-06-29
900000000014428,1001,SH01,60601,2026-11-05,2026-05-08
900000000014429,1008,SH03,10001,2026-10-11,2026-08-16
900000000014430,1002,SH02,10001,2026-05-07,2026-10-02
900000000014431,1004,SH03,75201,2026-06-29,2026-10-14
900000000014432,1005,SH01,10001,2026-10-14,2026-10-27
900000000014433,1005,SH03,60652,2026-10-11,2026-06-29
900000000014434,1008,SH03,98101,2026-11-11,2026-08-17
900000000014435,1008,SH03,98101,2026-10-14,2026-10-14
900000000014436,1007,SH02,60601,2026-10-31,2026-10-11
900000000014437,1010,SH03,30301,2026-06-26,2026-10-11
900000000014438,1010,SH02,33101,2026-07-10,2026-06-09
900000000014439,1001,SH01,33101,2026-10-27,2026-07-27
900000000014440,1009,SH03,14201,2026-09-28,2026-07-10
900000000014441,1007,SH02,75201,2026-06-27,2026-07-02
900000000014442,1009,SH02,14201,2026-11-11,2026-08-17
900000000014443,1003,SH01,60652,2026-06-26,2026-11-23
900000000014444,1005,SH01,10001,2026-10-27,2026-08-16
900000000014445,1007,SH02,30301,2026-06-27,2026-09-28
900000000014446,1003,SH02,60601,2026-06-26,2026-07-11
900000000014447,1007,SH03,14201,2026-08-17,2026-11-11
900000000014448,1008,SH03,60601,2026-07-02,2026-10-14
900000000014449,1010,SH02,90210,2026-10-31,2026-06-26
900000000014450,1003,SH03,10001,2026-06-26,2026-09-29
900000000014451,1003,SH02,60601,2026-06-10,2026-10-02
900000000014452,1008,SH02,80201,2026-10-14,2026-11-11
900000000014453,1003,SH01,75201,2026-10-31,2026-10-11
900000000014454,1009,SH02,98101,2026-09-21,2026-10-27
900000000014455,1001,SH03,98101,2026-09-29,2026-06-26
900000000014456,1004,SH01,80201,2026-05-08,2026-08-16
900000000014457,1006,SH01,80201,2026-05-08,2026-06-29
900000000014458,1004,SH03,75201,2026-09-29,2026-10-31
900000000014459,1001,SH02,30301,2026-05-02,2026-09-29
900000000014460,1003,SH03,14201,2026-09-28,2026-06-10
900000000014461,1004,SH01,98101,2026-08-17,2026-10-14
900000000014462,1004,SH03,60652,2026-07-02,2026-08-16
900000000014463,1002,SH02,33101,2026-05-02,2026-09-29
900000000014464,1009,SH01,10001,2026-07-10,2026-11-05
900000000014465,1007,SH03,33101,2026-06-10,2026-05-07
900000000014466,1002,SH01,33101,2026-05-09,2026-06-26
900000000014467,1002,SH03,90210,2026-08-16,2026-11-11
900000000014468,1008,SH03,60601,2026-05-08,2026-07-10
900000000014469,1008,SH03,90210,2026-10-21,2026-07-10
900000000014470,1004,SH02,75201,2026-06-09,2026-10-27
900000000014471,1001,SH02,75201,2026-06-10,2026-05-02
900000000014472,1006,SH01,30301,2026-10-26,2026-10-27
900000000014473,1005,SH01,33101,2026-07-10,2026-10-26
900000000014474,1004,SH02,30301,2026-06-26,2026-06-10
900000000014475,1005,SH03,75201,2026-10-21,2026-07-11
900000000014476,1008,SH01,80201,2026-10-11,2026-06-27
900000000014477,1002,SH03,14201,2026-07-10,2026-07-27
900000000014478,1009,SH01,90210,2026-11-23,2026-09-28
900000000014479,1007,SH02,98101,2026-10-11,2026-05-24
900000000014480,1003,SH01,30301,2026-11-24,2026-10-31
900000000014481,1001,SH03,60601,2026-06-26,2026-10-14
900000000014482,1007,SH02,60652,2026-05-24,2026-07-02
900000000014483,1007,SH02,33101,2026-06-09,2026-10-14
900000000014484,1005,SH03,90210,2026-06-27,2026-11-23
900000000014485,1006,SH01,98101,2026-05-24,2026-07-27
900000000014486,1002,SH03,98101,2026-10-26,2026-06-10
900000000014487,1003,SH02,90210,2026-05-09,2026-09-28
900000000014488,1008,SH01,60652,2026-11-11,2026-09-28
900000000014489,1002,SH01,75201,2026-09-28,2026-07-27
900000000014490,1003,SH03,98101,2026-05-07,2026-06-10
900000000014491,1009,SH03,60601,2026-06-10,2026-05-08
900000000014492,1003,SH02,14201,2026-11-05,2026-10-27
900000000014493,1006,SH02,98101,2026-06-29,2026-05-07
900000000014494,1004,SH01,98101,2026-06-09,2026-11-11
900000000014495,1001,SH02,14201,2026-10-21,2026-10-02
900000000014496,1010,SH03,60601,2026-10-31,2026-05-07
900000000014497,1008,SH02,30301,2026-10-27,2026-10-27
900000000014498,1006,SH01,60652,2026-11-24,2026-10-31
900000000014499,1009,SH01,33101,2026-11-11,2026-06-09
900000000014500,1001,SH02,33101,2026-08-16,2026-06-29
900000000014501,1002,SH01,60601,2026-10-27,2026-06-09
900000000014502,1009,SH03,75201,2026-06-26,2026-08-17
900000000014503,1010,SH03,60601,2026-09-21,2026-10-26
900000000014504,1004,SH03,60601,2026-08-16,2026-11-24
900000000014505,1009,SH03,33101,2026-06-26,2026-11-23
900000000014506,1006,SH03,80201,2026-10-02,2026-08-16
900000000014507,1001,SH01,90210,2026-10-31,2026-05-02
900000000014508,1008,SH03,33101,2026-07-10,2026-06-10
900000000014509,1004,SH02,14201,2026-05-09,2026-10-21
900000000014510,1009,SH01,10001,2026-09-29,2026-10-31
900000000014511,1010,SH03,60601,2026-11-05,2026-05-09
900000000014512,1006,SH03,75201,2026-10-14,2026-08-16
900000000014513,1008,SH02,80201,2026-05-24,2026-09-29
900000000014514,1008,SH03,60652,2026-11-05,2026-09-28
900000000014515,1003,SH01,33101,2026-07-11,2026-11-23
900000000014516,1003,SH01,14201,2026-10-27,2026-11-11
900000000014517,1009,SH02,33101,2026-06-09,2026-10-26
900000000014518,1007,SH01,60652,2026-07-02,2026-05-24
900000000014519,1008,SH02,75201,2026-05-07,2026-07-11
900000000014520,1010,SH02,10001,2026-05-02,2026-08-17
900000000014521,1008,SH03,90210,2026-10-14,2026-09-21
900000000014522,1006,SH03,98101,2026-10-21,2026-09-21
900000000014523,1006,SH01,10001,2026-09-21,2026-06-09
900000000014524,1008,SH01,60601,2026-10-21,2026-06-09
900000000014525,1009,SH02,10001,2026-06-09,2026-05-08
900000000014526,1002,SH02,98101,2026-10-14,2026-10-21
900000000014527,1006,SH03,14201,2026-06-26,2026-07-27
900000000014528,1002,SH03,98101,2026-05-24,2026-06-09
900000000014529,1002,SH01,80201,2026-11-05,2026-05-08
900000000014530,1002,SH01,30301,2026-10-21,2026-08-17
900000000014531,1004,SH02,33101,2026-05-07,2026-09-29
900000000014532,1009,SH01,33101,2026-05-08,2026-10-21
900000000014533,1008,SH02,60652,2026-05-07,2026-10-14
900000000014534,1005,SH02,80201,2026-06-27,2026-11-05
900000000014535,1010,SH01,80201,2026-10-14,2026-10-14
900000000014536,1003,SH03,14201,2026-10-27,2026-05-08
900000000014537,1007,SH01,60652,2026-05-02,2026-11-23
900000000014538,1002,SH01,60601,2026-10-31,2026-06-10
900000000014539,1005,SH02,98101,2026-11-24,2026-05-24
900000000014540,1006,SH01,60652,2026-06-09,2026-10-27
900000000014541,1009,SH01,33101,2026-09-21,2026-05-02
900000000014542,1001,SH01,80201,2026-06-10,2026-09-28
900000000014543,1001,SH03,33101,2026-10-31,2026-11-24
900000000014544,1007,SH02,10001,2026-06-09,2026-06-10
900000000014545,1006,SH02,10001,2026-05-07,2026-06-09
900000000014546,1010,SH01,10001,2026-09-28,2026-05-24
900000000014547,1006,SH03,80201,2026-09-28,2026-09-21
900000000014548,1010,SH03,60601,2026-09-21,2026-10-11
900000000014549,1010,SH02,33101,2026-06-09,2026-10-02
900000000014550,1008,SH02,14201,2026-05-02,2026-10-02
900000000014551,1001,SH02,80201,2026-10-02,2026-06-27
900000000014552,1008,SH01,60652,2026-07-10,2026-05-09
900000000014553,1001,SH02,75201,2026-07-11,2026-10-14
900000000014554,1001,SH02,60652,2026-06-27,2026-05-02
900000000014555,1008,SH01,60652,2026-07-02,2026-05-24
900000000014556,1006,SH01,14201,2026-09-21,2026-07-11
900000000014557,1006,SH01,33101,2026-11-24,2026-10-21
900000000014558,1006,SH02,60652,2026-05-02,2026-06-26
900000000014559,1004,SH02,10001,2026-07-27,2026-11-05
900000000014560,1009,SH03,60652,2026-11-24,2026-06-26
900000000014561,1005,SH03,75201,2026-07-02,2026-06-09
900000000014562,1001,SH02,98101,2026-05-07,2026-05-24
900000000014563,1005,SH01,60652,2026-10-21,2026-10-14
900000000014564,1009,SH01,33101,2026-07-10,2026-06-29
900000000014565,1004,SH02,75201,2026-07-27,2026-11-23
900000000014566,1009,SH02,80201,2026-05-08,2026-09-28
900000000014567,1010,SH03,80201,2026-06-27,2026-07-10
900000000014568,1005,SH01,90210,2026-06-09,2026-11-24
900000000014569,1003,SH02,30301,2026-06-29,2026-08-17
900000000014570,1003,SH03,33101,2026-05-02,2026-07-02
900000000014571,1003,SH02,10001,2026-05-07,2026-07-10
900000000014572,1009,SH01,98101,2026-06-26,2026-05-09
900000000014573,1002,SH02,33101,2026-11-05,2026-07-11
900000000014574,1002,SH01,75201,2026-07-02,2026-07-11
900000000014575,1009,SH01,98101,2026-10-14,2026-05-08
900000000014576,1002,SH01,10001,2026-06-27,2026-05-24
900000000014577,1009,SH03,14201,2026-10-11,2026-10-26
900000000014578,1003,SH01,30301,2026-05-07,2026-05-09
900000000014579,1001,SH02,30301,2026-07-27,2026-08-16
900000000014580,1002,SH01,10001,2026-05-24,2026-11-11
900000000014581,1001,SH02,60601,2026-06-26,2026-05-08
900000000014582,1002,SH03,90210,2026-05-09,2026-07-11
900000000014583,1009,SH01,98101,2026-10-02,2026-05-07
900000000014584,1008,SH01,60601,2026-06-27,2026-05-24
900000000014585,1003,SH02,75201,2026-10-26,2026-05-24
900000000014586,1007,SH01,98101,2026-11-23,2026-06-10
900000000014587,1008,SH02,75201,2026-09-29,2026-10-02
900000000014588,1010,SH01,90210,2026-10-14,2026-05-09
900000000014589,1009,SH03,98101,2026-10-26,2026-09-29
900000000014590,1006,SH03,60652,2026-10-14,2026-07-27
900000000014591,1007,SH03,30301,2026-09-29,2026-07-27
900000000014592,1006,SH02,10001,2026-07-11,2026-10-27
900000000014593,1008,SH02,60601,2026-05-02,2026-09-29
900000000014594,1008,SH01,10001,2026-08-17,2026-09-29
900000000014595,1004,SH03,60601,2026-05-07,2026-07-10
900000000014596,1008,SH01,30301,2026-10-02,2026-05-09
900000000014597,1001,SH02,30301,2026-05-07,2026-10-11
900000000014598,1003,SH02,98101,2026-10-26,2026-09-29
900000000014599,1006,SH01,10001,2026-10-31,2026-10-02
900000000014600,1006,SH02,80201,2026-05-08,2026-05-09
900000000014601,1001,SH01,60652,2026-10-26,2026-10-26
900000000014602,1001,SH01,14201,2026-06-09,2026-05-02
900000000014603,1004,SH03,75201,2026-09-28,2026-10-02
900000000014604,1005,SH03,10001,2026-05-08,2026-06-27
900000000014605,1006,SH03,90210,2026-05-07,2026-06-27
900000000014606,1009,SH03,10001,2026-08-16,2026-05-24
900000000014607,1002,SH01,14201,2026-05-02,2026-08-17
900000000014608,1001,SH03,14201,2026-05-02,2026-09-21
900000000014609,1003,SH01,33101,2026-08-16,2026-07-02
900000000014610,1001,SH03,90210,2026-08-17,2026-07-02
900000000014611,1003,SH03,80201,2026-11-24,2026-07-27
900000000014612,1001,SH02,30301,2026-11-23,2026-05-08
900000000014613,1008,SH02,80201,2026-09-21,2026-10-14
900000000014614,1006,SH01,75201,2026-10-26,2026-07-02
900000000014615,1010,SH03,10001,2026-07-10,2026-11-05
900000000014616,1007,SH01,90210,2026-06-26,2026-05-24
900000000014617,1003,SH02,80201,2026-09-28,2026-10-11
900000000014618,1001,SH02,60652,2026-10-27,2026-06-27
900000000014619,1002,SH02,10001,2026-05-08,2026-11-05
900000000014620,1008,SH01,33101,2026-09-21,2026-10-11
900000000014621,1008,SH02,60652,2026-09-28,2026-11-05
900000000014622,1004,SH01,33101,2026-11-11,2026-11-24
900000000014623,1009,SH01,90210,2026-06-26,2026-09-21
900000000014624,1004,SH02,60601,2026-05-07,2026-05-08
900000000014625,1004,SH03,14201,2026-10-02,2026-06-29
900000000014626,1009,SH02,30301,2026-05-08,2026-11-23
900000000014627,1009,SH03,10001,2026-05-09,2026-09-21
900000000014628,1004,SH01,98101,2026-10-11,2026-06-09
900000000014629,1003,SH02,98101,2026-10-02,2026-11-24
900000000014630,1009,SH01,33101,2026-07-02,2026-10-02
900000000014631,1004,SH01,10001,2026-07-10,2026-11-05
900000000014632,1007,SH03,33101,2026-11-05,2026-11-11
900000000014633,1002,SH01,98101,2026-10-26,2026-06-10
900000000014634,1010,SH02,98101,2026-07-27,2026-11-24
900000000014635,1005,SH02,98101,2026-10-31,2026-11-05
900000000014636,1006,SH03,98101,2026-07-27,2026-07-27
900000000014637,1007,SH03,75201,2026-10-26,2026-05-24
900000000014638,1008,SH02,10001,2026-08-17,2026-10-31
900000000014639,1009,SH01,30301,2026-10-02,2026-09-29
900000000014640,1007,SH02,14201,2026-11-05,2026-07-27
900000000014641,1004,SH03,33101,2026-11-11,2026-06-26
900000000014642,1007,SH01,14201,2026-05-24,2026-06-26
900000000014643,1009,SH03,60601,2026-10-27,2026-06-26
900000000014644,1006,SH02,75201,2026-11-24,2026-08-17
900000000014645,1001,SH01,33101,2026-05-02,2026-11-24
900000000014646,1006,SH03,30301,2026-08-17,2026-11-05
900000000014647,1007,SH02,98101,2026-05-08,2026-11-11
900000000014648,1001,SH03,90210,2026-11-05,2026-05-08
900000000014649,1002,SH02,80201,2026-05-09,2026-06-09
900000000014650,1007,SH02,75201,2026-09-21,2026-06-10
900000000014651,1005,SH03,30301,2026-11-05,2026-08-16
900000000014652,1007,SH02,98101,2026-05-09,2026-10-14
900000000014653,1005,SH01,98101,2026-07-10,2026-07-02
900000000014654,1010,SH02,60652,2026-09-29,2026-05-07
900000000014655,1010,SH03,98101,2026-10-21,2026-05-07
900000000014656,1010,SH03,30301,2026-05-08,2026-10-31
900000000014657,1003,SH02,98101,2026-10-26,2026-05-08
900000000014658,1001,SH03,10001,2026-06-26,2026-06-26
900000000014659,1005,SH02,14201,2026-05-08,2026-08-16
900000000014660,1003,SH02,75201,2026-11-24,2026-10-31
900000000014661,1002,SH03,90210,2026-10-11,2026-11-11
900000000014662,1004,SH02,75201,2026-06-29,2026-06-26
900000000014663,1010,SH01,60601,2026-10-14,2026-07-27
900000000014664,1001,SH03,33101,2026-11-11,2026-09-21
900000000014665,1005,SH03,98101,2026-10-21,2026-09-28
900000000014666,1002,SH01,60601,2026-07-27,2026-07-10
900000000014667,1006,SH02,75201,2026-11-11,2026-05-09
900000000014668,1005,SH02,14201,2026-10-31,2026-06-09
900000000014669,1008,SH01,30301,2026-11-23,2026-09-29
900000000014670,1004,SH02,10001,2026-11-23,2026-11-11
900000000014671,1006,SH01,75201,2026-11-24,2026-05-24
900000000014672,1004,SH02,14201,2026-05-02,2026-09-29
900000000014673,1007,SH03,60652,2026-11-11,2026-07-02
900000000014674,1005,SH01,30301,2026-08-17,2026-08-16
900000000014675,1002,SH01,60652,2026-11-24,2026-11-24
900000000014676,1004,SH03,90210,2026-10-26,2026-05-08
900000000014677,1005,SH03,30301,2026-10-11,2026-06-09
900000000014678,1010,SH02,33101,2026-07-02,2026-07-11
900000000014679,1005,SH01,60652,2026-06-09,2026-07-27
900000000014680,1008,SH03,33101,2026-07-27,2026-06-10
900000000014681,1005,SH01,90210,2026-10-14,2026-05-02
900000000014682,1003,SH03,10001,2026-06-10,2026-06-26
900000000014683,1008,SH02,33101,2026-08-17,2026-05-24
900000000014684,1010,SH01,90210,2026-05-02,2026-10-11
900000000014685,1005,SH01,90210,2026-11-05,2026-07-02
900000000014686,1001,SH01,80201,2026-11-23,2026-05-02
900000000014687,1007,SH02,14201,2026-10-11,2026-10-26
900000000014688,1003,SH03,75201,2026-09-29,2026-07-10
900000000014689,1005,SH01,14201,2026-05-24,2026-11-11
900000000014690,1008,SH02,30301,2026-05-24,2026-06-27
900000000014691,1010,SH03,75201,2026-10-14,2026-10-02
900000000014692,1010,SH01,14201,2026-06-27,2026-05-24
900000000014693,1006,SH01,14201,2026-06-09,2026-10-14
900000000014694,1002,SH02,10001,2026-05-02,2026-10-27
900000000014695,1001,SH01,98101,2026-06-27,2026-06-27
900000000014696,1006,SH01,60652,2026-05-07,2026-10-27
900000000014697,1010,SH03,98101,2026-09-21,2026-10-27
900000000014698,1002,SH03,14201,2026-07-10,2026-10-11
900000000014699,1002,SH02,10001,2026-07-10,2026-08-16
900000000014700,1007,SH02,30301,2026-07-11,2026-07-02
900000000014701,1004,SH03,98101,2026-10-14,2026-09-29
900000000014702,1008,SH01,80201,2026-09-28,2026-05-24
900000000014703,1009,SH03,14201,2026-06-27,2026-10-11
900000000014704,1001,SH01,30301,2026-07-11,2026-07-10
900000000014705,1004,SH02,98101,2026-05-07,2026-05-02
900000000014706,1002,SH03,75201,2026-07-02,2026-09-29
900000000014707,1004,SH03,60601,2026-10-21,2026-09-21
900000000014708,1008,SH02,60652,2026-08-17,2026-05-09
900000000014709,1010,SH01,98101,2026-10-21,2026-05-07
900000000014710,1003,SH01,14201,2026-06-29,2026-06-10
900000000014711,1001,SH02,80201,2026-08-17,2026-08-16
900000000014712,1006,SH02,75201,2026-10-21,2026-11-11
900000000014713,1001,SH03,80201,2026-06-10,2026-10-31
900000000014714,1001,SH01,60652,2026-10-21,2026-07-10
900000000014715,1005,SH02,75201,2026-06-09,2026-06-10
900000000014716,1001,SH02,75201,2026-05-02,2026-09-28
900000000014717,1008,SH02,80201,2026-06-29,2026-11-05
900000000014718,1002,SH02,30301,2026-08-17,2026-06-27
900000000014719,1005,SH01,14201,2026-06-10,2026-10-02
900000000014720,1007,SH02,80201,2026-06-09,2026-05-08
900000000014721,1004,SH03,75201,2026-07-11,2026-05-24
900000000014722,1007,SH02,98101,2026-11-23,2026-05-07
900000000014723,1008,SH03,60652,2026-06-26,2026-09-29
900000000014724,1008,SH03,90210,2026-09-29,2026-11-24
900000000014725,1003,SH01,33101,2026-10-27,2026-10-31
900000000014726,1009,SH02,75201,2026-10-31,2026-10-31
900000000014727,1007,SH03,60601,2026-05-08,2026-10-11
900000000014728,1003,SH03,60652,2026-10-26,2026-10-21
900000000014729,1007,SH02,10001,2026-07-10,2026-10-27
900000000014730,1004,SH03,80201,2026-05-09,2026-10-27
900000000014731,1009,SH03,33101,2026-11-05,2026-07-10
900000000014732,1004,SH02,75201,2026-09-21,2026-10-14
900000000014733,1008,SH03,90210,2026-09-29,2026-05-09
900000000014734,1001,SH03,14201,2026-07-02,2026-06-10
900000000014735,1006,SH03,10001,2026-10-11,2026-09-29
900000000014736,1004,SH02,60601,2026-07-10,2026-07-02
900000000014737,1010,SH03,10001,2026-10-02,2026-10-14
900000000014738,1003,SH03,14201,2026-05-08,2026-09-29
900000000014739,1001,SH03,80201,2026-09-21,2026-10-14
900000000014740,1008,SH02,75201,2026-10-11,2026-10-02
900000000014741,1002,SH03,60652,2026-07-11,2026-10-21
900000000014742,1007,SH02,14201,2026-06-27,2026-06-09
900000000014743,1009,SH03,30301,2026-09-28,2026-10-21
900000000014744,1003,SH02,90210,2026-10-26,2026-05-07
900000000014745,1005,SH02,60652,2026-06-26,2026-10-31
900000000014746,1004,SH03,60601,2026-10-21,2026-08-17
900000000014747,1001,SH01,60601,2026-10-02,2026-11-11
900000000014748,1002,SH02,75201,2026-05-09,2026-06-10
900000000014749,1003,SH01,75201,2026-07-27,2026-05-09
900000000014750,1010,SH03,30301,2026-05-09,2026-06-10
900000000014751,1002,SH03,80201,2026-06-27,2026-05-09
900000000014752,1010,SH02,60601,2026-05-07,2026-07-02
900000000014753,1010,SH01,90210,2026-10-31,2026-09-28
900000000014754,1006,SH01,33101,2026-10-02,2026-11-11
900000000014755,1008,SH01,14201,2026-07-02,2026-06-27
900000000014756,1004,SH03,90210,2026-09-28,2026-06-09
900000000014757,1002,SH03,30301,2026-06-09,2026-06-27
900000000014758,1001,SH01,10001,2026-11-23,2026-06-27
900000000014759,1002,SH01,10001,2026-10-26,2026-06-27
900000000014760,1009,SH03,30301,2026-09-28,2026-06-10
900000000014761,1005,SH02,14201,2026-05-02,2026-05-24
900000000014762,1009,SH01,90210,2026-11-11,2026-10-14
900000000014763,1003,SH03,33101,2026-09-21,2026-11-23
900000000014764,1008,SH01,33101,2026-11-23,2026-11-11
900000000014765,1008,SH03,10001,2026-06-27,2026-11-24
900000000014766,1010,SH02,33101,2026-07-27,2026-10-14
900000000014767,1001,SH03,33101,2026-05-08,2026-06-26
900000000014768,1005,SH03,10001,2026-06-10,2026-09-29
900000000014769,1001,SH01,60652,2026-09-29,2026-11-05
900000000014770,1001,SH03,90210,2026-10-21,2026-10-14
900000000014771,1008,SH01,80201,2026-11-11,2026-05-08
900000000014772,1003,SH01,60601,2026-11-05,2026-06-10
900000000014773,1005,SH01,80201,2026-11-11,2026-11-11
900000000014774,1003,SH01,60601,2026-09-29,2026-10-27
900000000014775,1005,SH03,75201,2026-10-27,2026-07-02
900000000014776,1008,SH01,90210,2026-06-26,2026-09-21
900000000014777,1006,SH02,10001,2026-08-16,2026-05-24
900000000014778,1003,SH03,98101,2026-10-26,2026-05-08
900000000014779,1003,SH02,60601,2026-07-02,2026-11-24
900000000014780,1010,SH01,14201,2026-09-29,2026-09-28
900000000014781,1009,SH03,60652,2026-09-29,2026-05-02
900000000014782,1010,SH01,14201,2026-11-23,2026-09-21
900000000014783,1008,SH01,30301,2026-10-02,2026-11-24
900000000014784,1007,SH03,14201,2026-10-26,2026-05-08
900000000014785,1005,SH01,30301,2026-10-31,2026-09-29
900000000014786,1002,SH03,80201,2026-09-21,2026-07-27
900000000014787,1005,SH02,90210,2026-06-26,2026-05-07
900000000014788,1009,SH03,75201,2026-07-10,2026-10-26
900000000014789,1001,SH02,75201,2026-05-09,2026-11-05
900000000014790,1009,SH01,10001,2026-11-05,2026-08-16
900000000014791,1006,SH02,33101,2026-06-10,2026-11-05
900000000014792,1004,SH03,30301,2026-07-10,2026-05-09
900000000014793,1001,SH01,75201,2026-10-31,2026-11-24
900000000014794,1003,SH02,80201,2026-08-16,2026-10-31
900000000014795,1003,SH02,80201,2026-10-14,2026-11-24
900000000014796,1005,SH01,10001,2026-11-23,2026-07-11
900000000014797,1002,SH02,14201,2026-10-31,2026-05-09
900000000014798,1005,SH03,98101,2026-06-27,2026-10-21
900000000014799,1001,SH03,33101,2026-05-08,2026-11-24
900000000014800,1004,SH01,80201,2026-07-10,2026-05-07
900000000014801,1009,SH03,60652,2026-10-27,2026-07-10
900000000014802,1007,SH01,10001,2026-07-11,2026-09-21
900000000014803,1003,SH03,80201,2026-08-16,2026-09-28
900000000014804,1004,SH02,33101,2026-06-09,2026-07-11
900000000014805,1001,SH03,90210,2026-10-14,2026-05-02
900000000014806,1004,SH01,33101,2026-07-27,2026-07-27
900000000014807,1009,SH03,30301,2026-08-17,2026-10-21
900000000014808,1009,SH02,90210,2026-10-14,2026-11-05
900000000014809,1006,SH02,75201,2026-06-29,2026-09-29
900000000014810,1010,SH02,10001,2026-06-10,2026-10-26
900000000014811,1008,SH03,98101,2026-05-02,2026-11-23
900000000014812,1008,SH01,90210,2026-06-26,2026-07-27
900000000014813,1005,SH03,14201,2026-09-21,2026-05-08
900000000014814,1010,SH02,10001,2026-07-10,2026-05-24
900000000014815,1004,SH01,33101,2026-06-27,2026-09-28
900000000014816,1005,SH02,90210,2026-05-07,2026-10-02
900000000014817,1003,SH03,30301,2026-06-27,2026-10-21
900000000014818,1003,SH03,90210,2026-06-26,2026-10-31
900000000014819,1003,SH01,10001,2026-09-29,2026-11-11
900000000014820,1008,SH02,33101,2026-10-11,2026-09-28
900000000014821,1006,SH02,60601,2026-07-02,2026-10-26
900000000014822,1002,SH02,30301,2026-05-09,2026-06-29
900000000014823,1002,SH02,98101,2026-11-05,2026-05-24
900000000014824,1003,SH01,30301,2026-09-29,2026-10-11
900000000014825,1001,SH02,80201,2026-08-16,2026-10-26
900000000014826,1001,SH03,90210,2026-06-10,2026-10-11
900000000014827,1009,SH02,80201,2026-08-16,2026-06-29
900000000014828,1009,SH02,90210,2026-05-09,2026-05-02
900000000014829,1006,SH01,75201,2026-06-10,2026-10-31
900000000014830,1002,SH02,98101,2026-07-02,2026-05-09
900000000014831,1008,SH03,60601,2026-08-16,2026-06-26
900000000014832,1003,SH02,10001,2026-10-11,2026-07-11
900000000014833,1003,SH01,60652,2026-10-02,2026-05-09
900000000014834,1005,SH01,60652,2026-06-27,2026-10-14
900000000014835,1010,SH03,10001,2026-09-21,2026-11-11
900000000014836,1003,SH02,75201,2026-11-24,2026-06-29
900000000014837,1005,SH03,60652,2026-06-09,2026-07-02
900000000014838,1006,SH01,60601,2026-11-23,2026-10-11
900000000014839,1005,SH02,98101,2026-10-11,2026-05-08
900000000014840,1001,SH01,98101,2026-05-08,2026-10-31
900000000014841,1005,SH01,80201,2026-06-09,2026-11-05
900000000014842,1006,SH03,60652,2026-10-02,2026-10-11
900000000014843,1005,SH02,33101,2026-05-07,2026-07-10
900000000014844,1003,SH03,80201,2026-08-16,2026-10-14
900000000014845,1003,SH01,33101,2026-06-29,2026-10-02
900000000014846,1010,SH02,80201,2026-09-21,2026-07-02
900000000014847,1009,SH02,98101,2026-05-24,2026-07-10
900000000014848,1010,SH03,14201,2026-08-17,2026-11-24
900000000014849,1010,SH03,14201,2026-11-23,2026-10-14
900000000014850,1003,SH02,30301,2026-10-11,2026-09-28
900000000014851,1004,SH02,60652,2026-05-07,2026-10-26
900000000014852,1005,SH01,90210,2026-05-07,2026-09-29
900000000014853,1006,SH02,30301,2026-10-21,2026-10-11
900000000014854,1002,SH02,75201,2026-11-11,2026-10-21
900000000014855,1008,SH01,90210,2026-09-21,2026-10-31
900000000014856,1010,SH02,80201,2026-10-31,2026-05-08
900000000014857,1001,SH01,33101,2026-10-26,2026-10-27
900000000014858,1006,SH03,75201,2026-05-24,2026-09-29
900000000014859,1006,SH03,90210,2026-06-29,2026-05-24
900000000014860,1007,SH02,98101,2026-10-14,2026-06-10
900000000014861,1008,SH02,75201,2026-11-23,2026-09-29
900000000014862,1007,SH03,10001,2026-05-09,2026-09-29
900000000014863,1008,SH02,14201,2026-06-27,2026-10-14
900000000014864,1002,SH01,30301,2026-06-09,2026-11-24
900000000014865,1010,SH01,98101,2026-07-27,2026-10-21
900000000014866,1005,SH03,75201,2026-10-26,2026-07-11
900000000014867,1003,SH02,75201,2026-09-29,2026-06-26
900000000014868,1002,SH01,60652,2026-05-07,2026-05-09
900000000014869,1010,SH03,60601,2026-09-28,2026-10-31
900000000014870,1009,SH01,33101,2026-05-07,2026-10-21
900000000014871,1009,SH01,60601,2026-05-24,2026-06-27
900000000014872,1004,SH01,14201,2026-05-08,2026-06-10
900000000014873,1005,SH03,14201,2026-09-21,2026-11-23
900000000014874,1001,SH03,30301,2026-10-02,2026-07-27
900000000014875,1008,SH03,75201,2026-08-17,2026-06-10
900000000014876,1007,SH02,80201,2026-05-07,2026-08-17
900000000014877,1009,SH03,90210,2026-06-09,2026-06-29
900000000014878,1010,SH02,33101,2026-10-14,2026-10-31
900000000014879,1001,SH02,98101,2026-11-23,2026-10-26
900000000014880,1009,SH02,98101,2026-08-16,2026-05-24
900000000014881,1001,SH01,98101,2026-06-10,2026-10-27
900000000014882,1006,SH01,80201,2026-09-28,2026-05-02
900000000014883,1003,SH03,30301,2026-05-07,2026-05-02
900000000014884,1002,SH01,30301,2026-05-09,2026-05-09
900000000014885,1003,SH03,98101,2026-11-24,2026-11-23
900000000014886,1004,SH02,98101,2026-11-23,2026-08-17
900000000014887,1001,SH02,75201,2026-07-02,2026-11-23
900000000014888,1007,SH03,14201,2026-09-28,2026-09-28
900000000014889,1010,SH01,14201,2026-08-17,2026-06-09
900000000014890,1004,SH03,14201,2026-11-24,2026-10-21
900000000014891,1003,SH01,60601,2026-11-23,2026-10-21
900000000014892,1008,SH03,98101,2026-08-16,2026-06-29
900000000014893,1004,SH03,60652,2026-07-10,2026-11-11
900000000014894,1010,SH01,10001,2026-06-29,2026-05-07
900000000014895,1001,SH03,98101,2026-08-17,2026-10-11
900000000014896,1002,SH01,30301,2026-10-11,2026-07-10
900000000014897,1006,SH02,98101,2026-11-24,2026-10-26
900000000014898,1003,SH01,60601,2026-06-27,2026-11-23
900000000014899,1008,SH02,14201,2026-07-11,2026-05-08
900000000014900,1003,SH03,60601,2026-07-27,2026-09-21
900000000014901,1006,SH01,80201,2026-10-27,2026-10-11
900000000014902,1008,SH02,60652,2026-06-09,2026-06-26
900000000014903,1003,SH01,33101,2026-06-10,2026-10-26
900000000014904,1008,SH01,90210,2026-05-08,2026-09-28
900000000014905,1007,SH01,33101,2026-09-21,2026-07-27
900000000014906,1005,SH03,90210,2026-10-26,2026-06-29
900000000014907,1002,SH01,33101,2026-10-02,2026-07-11
900000000014908,1007,SH03,98101,2026-08-16,2026-09-28
900000000014909,1005,SH01,10001,2026-10-27,2026-06-10
900000000014910,1004,SH01,33101,2026-10-21,2026-09-21
900000000014911,1004,SH03,60652,2026-05-02,2026-10-11
900000000014912,1003,SH03,90210,2026-05-02,2026-11-11
900000000014913,1005,SH03,98101,2026-09-21,2026-11-11
900000000014914,1003,SH03,30301,2026-07-02,2026-11-23
900000000014915,1001,SH02,98101,2026-06-09,2026-06-26
900000000014916,1007,SH03,75201,2026-10-11,2026-07-11
900000000014917,1008,SH01,98101,2026-11-11,2026-05-24
900000000014918,1010,SH01,60601,2026-10-14,2026-10-11
900000000014919,1007,SH02,33101,2026-06-29,2026-10-11
900000000014920,1005,SH02,80201,2026-05-24,2026-08-16
900000000014921,1004,SH03,75201,2026-06-26,2026-06-09
900000000014922,1009,SH02,10001,2026-05-07,2026-05-08
900000000014923,1008,SH02,60601,2026-11-24,2026-09-28
900000000014924,1009,SH01,10001,2026-05-09,2026-06-09
900000000014925,1001,SH03,60601,2026-11-23,2026-10-27
900000000014926,1002,SH01,80201,2026-10-26,2026-08-17
900000000014927,1002,SH01,10001,2026-06-09,2026-05-24
900000000014928,1002,SH03,60652,2026-07-11,2026-05-09
900000000014929,1008,SH02,33101,2026-05-24,2026-06-10
900000000014930,1006,SH01,30301,2026-05-09,2026-11-23
900000000014931,1010,SH01,80201,2026-08-17,2026-11-24
900000000014932,1010,SH01,14201,2026-06-09,2026-10-21
900000000014933,1002,SH02,60652,2026-05-02,2026-07-27
900000000014934,1002,SH02,33101,2026-07-10,2026-08-16
900000000014935,1008,SH03,80201,2026-09-21,2026-07-27
900000000014936,1001,SH02,33101,2026-06-29,2026-10-26
900000000014937,1006,SH01,98101,2026-07-02,2026-06-09
900000000014938,1001,SH02,30301,2026-07-10,2026-06-10
900000000014939,1006,SH02,10001,2026-10-31,2026-06-10
900000000014940,1003,SH03,90210,2026-11-11,2026-09-21
900000000014941,1005,SH03,14201,2026-08-16,2026-10-26
900000000014942,1006,SH03,60601,2026-07-02,2026-06-26
900000000014943,1002,SH01,60652,2026-10-27,2026-08-17
900000000014944,1010,SH03,75201,2026-06-26,2026-05-24
900000000014945,1004,SH03,10001,2026-08-16,2026-05-09
900000000014946,1010,SH03,60601,2026-06-09,2026-06-27
900000000014947,1003,SH02,14201,2026-07-02,2026-10-14
900000000014948,1006,SH01,10001,2026-08-17,2026-09-28
900000000014949,1009,SH02,60601,2026-06-27,2026-05-07
900000000014950,1004,SH03,14201,2026-07-02,2026-11-23
900000000014951,1003,SH03,10001,2026-11-05,2026-06-10
900000000014952,1008,SH03,80201,2026-07-11,2026-11-24
900000000014953,1010,SH01,33101,2026-10-02,2026-08-16
900000000014954,1001,SH01,80201,2026-09-29,2026-10-31
900000000014955,1009,SH03,60652,2026-11-23,2026-06-27
900000000014956,1009,SH03,60652,2026-11-11,2026-10-27
900000000014957,1009,SH02,33101,2026-07-02,2026-06-09
900000000014958,1007,SH02,14201,2026-11-05,2026-05-07
900000000014959,1005,SH02,60601,2026-06-10,2026-07-11
900000000014960,1003,SH02,30301,2026-07-02,2026-05-02
900000000014961,1006,SH03,80201,2026-06-26,2026-11-11
900000000014962,1001,SH02,10001,2026-07-27,2026-05-09
900000000014963,1001,SH03,60652,2026-09-21,2026-10-21
900000000014964,1002,SH03,14201,2026-06-09,2026-07-10
900000000014965,1006,SH02,14201,2026-05-02,2026-11-24
900000000014966,1005,SH01,60652,2026-10-02,2026-07-02
900000000014967,1003,SH03,14201,2026-11-24,2026-11-24
900000000014968,1006,SH03,60601,2026-07-11,2026-06-27
900000000014969,1010,SH01,33101,2026-07-02,2026-10-31
900000000014970,1007,SH03,33101,2026-06-09,2026-08-16
900000000014971,1005,SH02,10001,2026-10-02,2026-10-27
900000000014972,1006,SH03,80201,2026-10-21,2026-10-26
900000000014973,1003,SH01,90210,2026-09-21,2026-11-23
900000000014974,1003,SH01,75201,2026-07-27,2026-07-02
900000000014975,1004,SH03,33101,2026-10-27,2026-06-26
900000000014976,1004,SH02,30301,2026-11-11,2026-08-16
900000000014977,1007,SH01,98101,2026-10-31,2026-10-26
900000000014978,1002,SH02,90210,2026-09-29,2026-11-24
900000000014979,1005,SH01,60601,2026-08-16,2026-07-27
900000000014980,1010,SH03,80201,2026-11-24,2026-07-10
900000000014981,1008,SH01,60652,2026-05-24,2026-09-21
900000000014982,1009,SH01,80201,2026-05-24,2026-10-14
900000000014983,1006,SH02,90210,2026-08-17,2026-10-11
900000000014984,1005,SH03,75201,2026-10-31,2026-10-11
900000000014985,1009,SH03,75201,2026-07-27,2026-09-28
900000000014986,1008,SH01,98101,2026-07-10,2026-05-07
900000000014987,1006,SH03,80201,2026-11-23,2026-10-14
900000000014988,1006,SH01,60601,2026-10-26,2026-10-31
900000000014989,1008,SH02,60652,2026-05-02,2026-10-21
900000000014990,1006,SH02,75201,2026-10-11,2026-11-24
900000000014991,1002,SH02,60652,2026-05-02,2026-10-31
900000000014992,1003,SH03,33101,2026-07-10,2026-10-14
900000000014993,1001,SH03,30301,2026-10-21,2026-09-21
900000000014994,1005,SH02,75201,2026-05-07,2026-10-26
900000000014995,1009,SH03,30301,2026-05-09,2026-05-02
900000000014996,1009,SH03,33101,2026-08-17,2026-06-26
900000000014997,1010,SH01,98101,2026-05-07,2026-10-21
900000000014998,1007,SH03,14201,2026-07-02,2026-10-31
900000000014999,1010,SH03,80201,2026-06-09,2026-05-07
900000000015000,1006,SH02,10001,2026-10-26,2026-08-16
